2026-08-14 16:55:49 [INFO]: Currently using GPU 0
2026-08-14 16:55:49 [INFO]: 以下开始打印模型的相关配置参数
2026-08-14 16:55:49 [INFO]: dataset: hotel
2026-08-14 16:55:49 [INFO]: reconstruct: True
2026-08-14 16:55:49 [INFO]: log_step: 20
2026-08-14 16:55:49 [INFO]: gpu_device: 0
2026-08-14 16:55:49 [INFO]: modalities: ['metric', 'trace', 'log']
2026-08-14 16:55:49 [INFO]: metric_direction: True
2026-08-14 16:55:49 [INFO]: trace_op: True
2026-08-14 16:55:49 [INFO]: trace_ab_type: True
2026-08-14 16:55:49 [INFO]: aug_percent: 0.2
2026-08-14 16:55:49 [INFO]: aug_times: 10
2026-08-14 16:55:49 [INFO]: TO: True
2026-08-14 16:55:49 [INFO]: CM: True
2026-08-14 16:55:49 [INFO]: dynamic_weight: True
2026-08-14 16:55:49 [INFO]: temperature: 0.3
2026-08-14 16:55:49 [INFO]: contrastive_loss_scale: 0.1
2026-08-14 16:55:49 [INFO]: batch_size: 128
2026-08-14 16:55:49 [INFO]: alert_embedding_dim: 128
2026-08-14 16:55:49 [INFO]: graph_hidden_dim: 64
2026-08-14 16:55:49 [INFO]: graph_out: 32
2026-08-14 16:55:49 [INFO]: graph_layers: 2
2026-08-14 16:55:49 [INFO]: linear_hidden: [64]
2026-08-14 16:55:49 [INFO]: lr: 0.001
2026-08-14 16:55:49 [INFO]: epochs: 500
2026-08-14 16:55:49 [INFO]: weight_decay: 0.0001
2026-08-14 16:55:49 [INFO]: feat_drop: 0.3
2026-08-14 16:55:49 [INFO]: patience: 10
2026-08-14 16:55:49 [INFO]: ft_num: 5
2026-08-14 16:55:49 [INFO]: aggregator: mean
2026-08-14 16:55:49 [INFO]: 以上是模型的全部配置参数
2026-08-14 16:55:49 [INFO]: MainModel(
  (tvdiag): Encoder(
    (graph_encoder): ModuleDict(
      (metric): SAGEEncoder(
        (sage_layers): ModuleList(
          (0): SAGEConv(
            (feat_drop): Dropout(p=0.3, inplace=False)
            (fc_neigh): Linear(in_features=128, out_features=64, bias=False)
            (fc_self): Linear(in_features=128, out_features=64, bias=False)
          )
          (1): SAGEConv(
            (feat_drop): Dropout(p=0.3, inplace=False)
            (fc_neigh): Linear(in_features=64, out_features=32, bias=False)
            (fc_self): Linear(in_features=64, out_features=32, bias=False)
          )
        )
        (norm_layers): ModuleList(
          (0): BatchNorm1d(64, eps=1e-05, momentum=0.1, affine=True, track_running_stats=True)
          (1): BatchNorm1d(32, eps=1e-05, momentum=0.1, affine=True, track_running_stats=True)
        )
        (residual_proj): ModuleList(
          (0): Linear(in_features=128, out_features=64, bias=False)
          (1): Linear(in_features=64, out_features=32, bias=False)
        )
      )
      (log): SAGEEncoder(
        (sage_layers): ModuleList(
          (0): SAGEConv(
            (feat_drop): Dropout(p=0.3, inplace=False)
            (fc_neigh): Linear(in_features=128, out_features=64, bias=False)
            (fc_self): Linear(in_features=128, out_features=64, bias=False)
          )
          (1): SAGEConv(
            (feat_drop): Dropout(p=0.3, inplace=False)
            (fc_neigh): Linear(in_features=64, out_features=32, bias=False)
            (fc_self): Linear(in_features=64, out_features=32, bias=False)
          )
        )
        (norm_layers): ModuleList(
          (0): BatchNorm1d(64, eps=1e-05, momentum=0.1, affine=True, track_running_stats=True)
          (1): BatchNorm1d(32, eps=1e-05, momentum=0.1, affine=True, track_running_stats=True)
        )
        (residual_proj): ModuleList(
          (0): Linear(in_features=128, out_features=64, bias=False)
          (1): Linear(in_features=64, out_features=32, bias=False)
        )
      )
      (trace): SAGEEncoder(
        (sage_layers): ModuleList(
          (0): SAGEConv(
            (feat_drop): Dropout(p=0.3, inplace=False)
            (fc_neigh): Linear(in_features=128, out_features=64, bias=False)
            (fc_self): Linear(in_features=128, out_features=64, bias=False)
          )
          (1): SAGEConv(
            (feat_drop): Dropout(p=0.3, inplace=False)
            (fc_neigh): Linear(in_features=64, out_features=32, bias=False)
            (fc_self): Linear(in_features=64, out_features=32, bias=False)
          )
        )
        (norm_layers): ModuleList(
          (0): BatchNorm1d(64, eps=1e-05, momentum=0.1, affine=True, track_running_stats=True)
          (1): BatchNorm1d(32, eps=1e-05, momentum=0.1, affine=True, track_running_stats=True)
        )
        (residual_proj): ModuleList(
          (0): Linear(in_features=128, out_features=64, bias=False)
          (1): Linear(in_features=64, out_features=32, bias=False)
        )
      )
    )
    (fusion): AdaptiveFusionTopology(
      (projection_net): Linear(in_features=64, out_features=64, bias=True)
      (project): Linear(in_features=128, out_features=64, bias=True)
      (cross_attn): MultiheadAttention(
        (out_proj): NonDynamicallyQuantizableLinear(in_features=64, out_features=64, bias=True)
      )
      (layer_norm): LayerNorm((64,), eps=1e-05, elementwise_affine=True)
      (cross_ATTN): DualCrossAttnFusion(
        (q_proj): Linear(in_features=64, out_features=64, bias=True)
        (k_proj): Linear(in_features=64, out_features=64, bias=True)
        (v_proj): Linear(in_features=64, out_features=64, bias=True)
        (out_proj): Linear(in_features=64, out_features=64, bias=True)
        (norm1): LayerNorm((64,), eps=1e-05, elementwise_affine=True)
        (norm2): LayerNorm((64,), eps=1e-05, elementwise_affine=True)
        (dropout): Dropout(p=0.2, inplace=False)
        (drop1): Dropout(p=0.2, inplace=False)
        (ffb): Sequential(
          (0): Linear(in_features=64, out_features=128, bias=True)
          (1): ReLU()
          (2): Dropout(p=0.2, inplace=False)
          (3): Linear(in_features=128, out_features=64, bias=True)
        )
      )
      (fusion_ATTN): TripleCrossAttnFusion(
        (q_proj): Linear(in_features=64, out_features=64, bias=True)
        (k_proj): Linear(in_features=64, out_features=64, bias=True)
        (v_proj): Linear(in_features=64, out_features=64, bias=True)
        (out_proj1): Linear(in_features=64, out_features=64, bias=True)
        (out_proj2): Linear(in_features=64, out_features=64, bias=True)
        (merge): Linear(in_features=128, out_features=64, bias=True)
        (norm1): LayerNorm((64,), eps=1e-05, elementwise_affine=True)
        (norm2): LayerNorm((64,), eps=1e-05, elementwise_affine=True)
        (dropout): Dropout(p=0.2, inplace=False)
        (drop1): Dropout(p=0.2, inplace=False)
        (drop2): Dropout(p=0.2, inplace=False)
        (drop3): Dropout(p=0.2, inplace=False)
        (ffb): Sequential(
          (0): Linear(in_features=64, out_features=128, bias=True)
          (1): ReLU()
          (2): Dropout(p=0.2, inplace=False)
          (3): Linear(in_features=128, out_features=64, bias=True)
        )
      )
    )
    (locator): Voter(
      (net): FullyConnected(
        (net): Sequential(
          (0): Linear(in_features=64, out_features=32, bias=True)
          (1): Dropout(p=0.2, inplace=False)
          (2): ReLU()
          (3): Linear(in_features=32, out_features=1, bias=True)
        )
      )
    )
    (typeClassifier): Classifier(
      (net): Linear(in_features=64, out_features=5, bias=True)
    )
    (pre_abc): Sequential(
      (0): Linear(in_features=192, out_features=64, bias=True)
      (1): Dropout(p=0.2, inplace=False)
      (2): ReLU()
      (3): Linear(in_features=64, out_features=64, bias=True)
    )
    (pre_ab): Sequential(
      (0): Linear(in_features=128, out_features=64, bias=True)
      (1): Dropout(p=0.2, inplace=False)
      (2): ReLU()
      (3): Linear(in_features=64, out_features=64, bias=True)
    )
  )
)
2026-08-14 16:55:49 [INFO]: Start training for 500 epochs.
2026-08-14 16:55:50 [DEBUG]: RCA_loss: 2.783, TC_loss: 1.713
2026-08-14 16:55:50 [DEBUG]: RCA_loss: 2.691, TC_loss: 1.653
2026-08-14 16:55:50 [DEBUG]: RCA_loss: 2.541, TC_loss: 1.667
2026-08-14 16:55:50 [DEBUG]: RCA_loss: 2.505, TC_loss: 1.631
2026-08-14 16:55:50 [DEBUG]: RCA_loss: 2.347, TC_loss: 1.609
2026-08-14 16:55:50 [DEBUG]: RCA_loss: 2.338, TC_loss: 1.565
2026-08-14 16:55:50 [DEBUG]: RCA_loss: 2.240, TC_loss: 1.447
2026-08-14 16:55:50 [DEBUG]: RCA_loss: 2.172, TC_loss: 1.510
2026-08-14 16:55:50 [DEBUG]: RCA_loss: 2.095, TC_loss: 1.581
2026-08-14 16:55:51 [DEBUG]: RCA_loss: 1.815, TC_loss: 1.519
2026-08-14 16:55:51 [DEBUG]: RCA_loss: 1.798, TC_loss: 1.426
2026-08-14 16:55:51 [DEBUG]: RCA_loss: 1.837, TC_loss: 1.453
2026-08-14 16:55:51 [DEBUG]: RCA_loss: 1.885, TC_loss: 1.313
2026-08-14 16:55:51 [DEBUG]: RCA_loss: 1.705, TC_loss: 1.427
2026-08-14 16:55:51 [DEBUG]: RCA_loss: 1.395, TC_loss: 1.387
2026-08-14 16:55:51 [DEBUG]: RCA_loss: 1.231, TC_loss: 1.343
2026-08-14 16:55:51 [DEBUG]: RCA_loss: 1.313, TC_loss: 1.257
2026-08-14 16:55:51 [DEBUG]: RCA_loss: 1.173, TC_loss: 1.415
2026-08-14 16:55:51 [DEBUG]: RCA_loss: 1.205, TC_loss: 1.334
2026-08-14 16:55:52 [DEBUG]: RCA_loss: 1.035, TC_loss: 1.336
2026-08-14 16:55:52 [DEBUG]: RCA_loss: 0.896, TC_loss: 1.321
2026-08-14 16:55:52 [DEBUG]: RCA_loss: 0.783, TC_loss: 1.415
2026-08-14 16:55:52 [DEBUG]: RCA_loss: 0.852, TC_loss: 1.279
2026-08-14 16:55:52 [DEBUG]: RCA_loss: 0.860, TC_loss: 1.310
2026-08-14 16:55:52 [DEBUG]: RCA_loss: 0.742, TC_loss: 1.272
2026-08-14 16:55:52 [DEBUG]: RCA_loss: 0.510, TC_loss: 1.313
2026-08-14 16:55:52 [DEBUG]: RCA_loss: 0.590, TC_loss: 1.175
2026-08-14 16:55:52 [DEBUG]: RCA_loss: 0.589, TC_loss: 1.337
2026-08-14 16:55:52 [DEBUG]: RCA_loss: 1.201, TC_loss: 1.250
2026-08-14 16:55:52 [INFO]: Epoch 0 done. Loss: 2.993
2026-08-14 16:55:52 [DEBUG]: RCA_loss: 0.490, TC_loss: 1.175
2026-08-14 16:55:53 [DEBUG]: RCA_loss: 0.593, TC_loss: 1.383
2026-08-14 16:55:53 [DEBUG]: RCA_loss: 0.524, TC_loss: 1.167
2026-08-14 16:55:53 [DEBUG]: RCA_loss: 0.460, TC_loss: 1.170
2026-08-14 16:55:53 [DEBUG]: RCA_loss: 0.315, TC_loss: 1.208
2026-08-14 16:55:53 [DEBUG]: RCA_loss: 0.345, TC_loss: 1.279
2026-08-14 16:55:53 [DEBUG]: RCA_loss: 0.487, TC_loss: 1.134
2026-08-14 16:55:53 [DEBUG]: RCA_loss: 0.199, TC_loss: 1.186
2026-08-14 16:55:53 [DEBUG]: RCA_loss: 0.332, TC_loss: 1.152
2026-08-14 16:55:53 [DEBUG]: RCA_loss: 0.170, TC_loss: 1.199
2026-08-14 16:55:53 [DEBUG]: RCA_loss: 0.383, TC_loss: 1.145
2026-08-14 16:55:54 [DEBUG]: RCA_loss: 0.411, TC_loss: 1.215
2026-08-14 16:55:54 [DEBUG]: RCA_loss: 0.454, TC_loss: 0.992
2026-08-14 16:55:54 [DEBUG]: RCA_loss: 0.344, TC_loss: 1.164
2026-08-14 16:55:54 [DEBUG]: RCA_loss: 0.136, TC_loss: 1.220
2026-08-14 16:55:54 [DEBUG]: RCA_loss: 0.118, TC_loss: 1.092
2026-08-14 16:55:54 [DEBUG]: RCA_loss: 0.371, TC_loss: 1.058
2026-08-14 16:55:54 [DEBUG]: RCA_loss: 0.146, TC_loss: 1.081
2026-08-14 16:55:54 [DEBUG]: RCA_loss: 0.252, TC_loss: 1.105
2026-08-14 16:55:54 [DEBUG]: RCA_loss: 0.191, TC_loss: 1.084
2026-08-14 16:55:54 [DEBUG]: RCA_loss: 0.129, TC_loss: 1.023
2026-08-14 16:55:55 [DEBUG]: RCA_loss: 0.146, TC_loss: 1.156
2026-08-14 16:55:55 [DEBUG]: RCA_loss: 0.104, TC_loss: 1.018
2026-08-14 16:55:55 [DEBUG]: RCA_loss: 0.197, TC_loss: 1.099
2026-08-14 16:55:55 [DEBUG]: RCA_loss: 0.140, TC_loss: 0.951
2026-08-14 16:55:55 [DEBUG]: RCA_loss: 0.042, TC_loss: 0.945
2026-08-14 16:55:55 [DEBUG]: RCA_loss: 0.101, TC_loss: 0.880
2026-08-14 16:55:55 [DEBUG]: RCA_loss: 0.156, TC_loss: 1.020
2026-08-14 16:55:55 [DEBUG]: RCA_loss: 0.398, TC_loss: 0.756
2026-08-14 16:55:55 [INFO]: Epoch 1 done. Loss: 1.392
2026-08-14 16:55:55 [DEBUG]: RCA_loss: 0.219, TC_loss: 0.942
2026-08-14 16:55:55 [DEBUG]: RCA_loss: 0.284, TC_loss: 1.142
2026-08-14 16:55:56 [DEBUG]: RCA_loss: 0.322, TC_loss: 0.945
2026-08-14 16:55:56 [DEBUG]: RCA_loss: 0.085, TC_loss: 0.915
2026-08-14 16:55:56 [DEBUG]: RCA_loss: 0.089, TC_loss: 0.971
2026-08-14 16:55:56 [DEBUG]: RCA_loss: 0.272, TC_loss: 0.941
2026-08-14 16:55:56 [DEBUG]: RCA_loss: 0.256, TC_loss: 0.713
2026-08-14 16:55:56 [DEBUG]: RCA_loss: 0.057, TC_loss: 0.854
2026-08-14 16:55:56 [DEBUG]: RCA_loss: 0.293, TC_loss: 0.909
2026-08-14 16:55:57 [DEBUG]: RCA_loss: 0.101, TC_loss: 0.967
2026-08-14 16:55:57 [DEBUG]: RCA_loss: 0.314, TC_loss: 0.869
2026-08-14 16:55:57 [DEBUG]: RCA_loss: 0.306, TC_loss: 0.949
2026-08-14 16:55:57 [DEBUG]: RCA_loss: 0.349, TC_loss: 0.734
2026-08-14 16:55:57 [DEBUG]: RCA_loss: 0.280, TC_loss: 0.938
2026-08-14 16:55:57 [DEBUG]: RCA_loss: 0.067, TC_loss: 0.901
2026-08-14 16:55:57 [DEBUG]: RCA_loss: 0.093, TC_loss: 0.829
2026-08-14 16:55:58 [DEBUG]: RCA_loss: 0.412, TC_loss: 0.725
2026-08-14 16:55:58 [DEBUG]: RCA_loss: 0.046, TC_loss: 0.772
2026-08-14 16:55:58 [DEBUG]: RCA_loss: 0.118, TC_loss: 0.815
2026-08-14 16:55:58 [DEBUG]: RCA_loss: 0.191, TC_loss: 0.827
2026-08-14 16:55:58 [DEBUG]: RCA_loss: 0.162, TC_loss: 0.736
2026-08-14 16:55:58 [DEBUG]: RCA_loss: 0.063, TC_loss: 0.926
2026-08-14 16:55:58 [DEBUG]: RCA_loss: 0.208, TC_loss: 0.841
2026-08-14 16:55:59 [DEBUG]: RCA_loss: 0.191, TC_loss: 0.823
2026-08-14 16:55:59 [DEBUG]: RCA_loss: 0.101, TC_loss: 0.731
2026-08-14 16:55:59 [DEBUG]: RCA_loss: 0.050, TC_loss: 0.795
2026-08-14 16:55:59 [DEBUG]: RCA_loss: 0.073, TC_loss: 0.638
2026-08-14 16:55:59 [DEBUG]: RCA_loss: 0.129, TC_loss: 0.790
2026-08-14 16:55:59 [DEBUG]: RCA_loss: 0.215, TC_loss: 0.587
2026-08-14 16:55:59 [INFO]: Epoch 2 done. Loss: 1.036
2026-08-14 16:55:59 [DEBUG]: RCA_loss: 0.175, TC_loss: 0.849
2026-08-14 16:56:00 [DEBUG]: RCA_loss: 0.214, TC_loss: 0.904
2026-08-14 16:56:00 [DEBUG]: RCA_loss: 0.306, TC_loss: 0.729
2026-08-14 16:56:00 [DEBUG]: RCA_loss: 0.073, TC_loss: 0.727
2026-08-14 16:56:00 [DEBUG]: RCA_loss: 0.117, TC_loss: 0.731
2026-08-14 16:56:00 [DEBUG]: RCA_loss: 0.263, TC_loss: 0.789
2026-08-14 16:56:00 [DEBUG]: RCA_loss: 0.164, TC_loss: 0.586
2026-08-14 16:56:00 [DEBUG]: RCA_loss: 0.051, TC_loss: 0.666
2026-08-14 16:56:01 [DEBUG]: RCA_loss: 0.107, TC_loss: 0.677
2026-08-14 16:56:01 [DEBUG]: RCA_loss: 0.033, TC_loss: 0.734
2026-08-14 16:56:01 [DEBUG]: RCA_loss: 0.245, TC_loss: 0.716
2026-08-14 16:56:01 [DEBUG]: RCA_loss: 0.354, TC_loss: 0.857
2026-08-14 16:56:01 [DEBUG]: RCA_loss: 0.236, TC_loss: 0.538
2026-08-14 16:56:01 [DEBUG]: RCA_loss: 0.249, TC_loss: 0.832
2026-08-14 16:56:02 [DEBUG]: RCA_loss: 0.087, TC_loss: 0.785
2026-08-14 16:56:02 [DEBUG]: RCA_loss: 0.047, TC_loss: 0.662
2026-08-14 16:56:02 [DEBUG]: RCA_loss: 0.185, TC_loss: 0.607
2026-08-14 16:56:02 [DEBUG]: RCA_loss: 0.041, TC_loss: 0.690
2026-08-14 16:56:02 [DEBUG]: RCA_loss: 0.125, TC_loss: 0.631
2026-08-14 16:56:02 [DEBUG]: RCA_loss: 0.079, TC_loss: 0.725
2026-08-14 16:56:03 [DEBUG]: RCA_loss: 0.089, TC_loss: 0.665
2026-08-14 16:56:03 [DEBUG]: RCA_loss: 0.050, TC_loss: 0.842
2026-08-14 16:56:03 [DEBUG]: RCA_loss: 0.066, TC_loss: 0.738
2026-08-14 16:56:03 [DEBUG]: RCA_loss: 0.169, TC_loss: 0.759
2026-08-14 16:56:03 [DEBUG]: RCA_loss: 0.083, TC_loss: 0.638
2026-08-14 16:56:04 [DEBUG]: RCA_loss: 0.027, TC_loss: 0.547
2026-08-14 16:56:04 [DEBUG]: RCA_loss: 0.030, TC_loss: 0.509
2026-08-14 16:56:04 [DEBUG]: RCA_loss: 0.091, TC_loss: 0.680
2026-08-14 16:56:04 [DEBUG]: RCA_loss: 0.152, TC_loss: 0.469
2026-08-14 16:56:04 [INFO]: Epoch 3 done. Loss: 0.840
2026-08-14 16:56:04 [DEBUG]: RCA_loss: 0.066, TC_loss: 0.690
2026-08-14 16:56:04 [DEBUG]: RCA_loss: 0.153, TC_loss: 0.767
2026-08-14 16:56:05 [DEBUG]: RCA_loss: 0.195, TC_loss: 0.653
2026-08-14 16:56:05 [DEBUG]: RCA_loss: 0.030, TC_loss: 0.652
2026-08-14 16:56:05 [DEBUG]: RCA_loss: 0.091, TC_loss: 0.675
2026-08-14 16:56:05 [DEBUG]: RCA_loss: 0.134, TC_loss: 0.767
2026-08-14 16:56:05 [DEBUG]: RCA_loss: 0.104, TC_loss: 0.464
2026-08-14 16:56:06 [DEBUG]: RCA_loss: 0.020, TC_loss: 0.579
2026-08-14 16:56:06 [DEBUG]: RCA_loss: 0.062, TC_loss: 0.544
2026-08-14 16:56:06 [DEBUG]: RCA_loss: 0.066, TC_loss: 0.622
2026-08-14 16:56:06 [DEBUG]: RCA_loss: 0.245, TC_loss: 0.582
2026-08-14 16:56:07 [DEBUG]: RCA_loss: 0.209, TC_loss: 0.692
2026-08-14 16:56:07 [DEBUG]: RCA_loss: 0.285, TC_loss: 0.454
2026-08-14 16:56:07 [DEBUG]: RCA_loss: 0.156, TC_loss: 0.663
2026-08-14 16:56:07 [DEBUG]: RCA_loss: 0.066, TC_loss: 0.653
2026-08-14 16:56:08 [DEBUG]: RCA_loss: 0.040, TC_loss: 0.587
2026-08-14 16:56:08 [DEBUG]: RCA_loss: 0.164, TC_loss: 0.417
2026-08-14 16:56:08 [DEBUG]: RCA_loss: 0.081, TC_loss: 0.628
2026-08-14 16:56:08 [DEBUG]: RCA_loss: 0.164, TC_loss: 0.593
2026-08-14 16:56:08 [DEBUG]: RCA_loss: 0.046, TC_loss: 0.662
2026-08-14 16:56:09 [DEBUG]: RCA_loss: 0.071, TC_loss: 0.541
2026-08-14 16:56:09 [DEBUG]: RCA_loss: 0.038, TC_loss: 0.744
2026-08-14 16:56:09 [DEBUG]: RCA_loss: 0.097, TC_loss: 0.629
2026-08-14 16:56:09 [DEBUG]: RCA_loss: 0.140, TC_loss: 0.578
2026-08-14 16:56:09 [DEBUG]: RCA_loss: 0.037, TC_loss: 0.554
2026-08-14 16:56:10 [DEBUG]: RCA_loss: 0.022, TC_loss: 0.459
2026-08-14 16:56:10 [DEBUG]: RCA_loss: 0.039, TC_loss: 0.436
2026-08-14 16:56:10 [DEBUG]: RCA_loss: 0.067, TC_loss: 0.650
2026-08-14 16:56:10 [DEBUG]: RCA_loss: 0.047, TC_loss: 0.494
2026-08-14 16:56:10 [INFO]: Epoch 4 done. Loss: 0.706
2026-08-14 16:56:10 [DEBUG]: RCA_loss: 0.075, TC_loss: 0.619
2026-08-14 16:56:10 [DEBUG]: RCA_loss: 0.152, TC_loss: 0.738
2026-08-14 16:56:11 [DEBUG]: RCA_loss: 0.164, TC_loss: 0.509
2026-08-14 16:56:11 [DEBUG]: RCA_loss: 0.035, TC_loss: 0.489
2026-08-14 16:56:11 [DEBUG]: RCA_loss: 0.083, TC_loss: 0.518
2026-08-14 16:56:11 [DEBUG]: RCA_loss: 0.170, TC_loss: 0.652
2026-08-14 16:56:11 [DEBUG]: RCA_loss: 0.064, TC_loss: 0.413
2026-08-14 16:56:12 [DEBUG]: RCA_loss: 0.033, TC_loss: 0.562
2026-08-14 16:56:12 [DEBUG]: RCA_loss: 0.104, TC_loss: 0.451
2026-08-14 16:56:12 [DEBUG]: RCA_loss: 0.038, TC_loss: 0.472
2026-08-14 16:56:12 [DEBUG]: RCA_loss: 0.259, TC_loss: 0.481
2026-08-14 16:56:13 [DEBUG]: RCA_loss: 0.196, TC_loss: 0.571
2026-08-14 16:56:13 [DEBUG]: RCA_loss: 0.143, TC_loss: 0.369
2026-08-14 16:56:13 [DEBUG]: RCA_loss: 0.135, TC_loss: 0.616
2026-08-14 16:56:13 [DEBUG]: RCA_loss: 0.061, TC_loss: 0.518
2026-08-14 16:56:13 [DEBUG]: RCA_loss: 0.053, TC_loss: 0.469
2026-08-14 16:56:14 [DEBUG]: RCA_loss: 0.189, TC_loss: 0.392
2026-08-14 16:56:14 [DEBUG]: RCA_loss: 0.038, TC_loss: 0.525
2026-08-14 16:56:14 [DEBUG]: RCA_loss: 0.146, TC_loss: 0.445
2026-08-14 16:56:14 [DEBUG]: RCA_loss: 0.050, TC_loss: 0.570
2026-08-14 16:56:15 [DEBUG]: RCA_loss: 0.084, TC_loss: 0.505
2026-08-14 16:56:15 [DEBUG]: RCA_loss: 0.029, TC_loss: 0.629
2026-08-14 16:56:15 [DEBUG]: RCA_loss: 0.065, TC_loss: 0.521
2026-08-14 16:56:15 [DEBUG]: RCA_loss: 0.059, TC_loss: 0.472
2026-08-14 16:56:16 [DEBUG]: RCA_loss: 0.032, TC_loss: 0.471
2026-08-14 16:56:16 [DEBUG]: RCA_loss: 0.038, TC_loss: 0.399
2026-08-14 16:56:16 [DEBUG]: RCA_loss: 0.017, TC_loss: 0.360
2026-08-14 16:56:16 [DEBUG]: RCA_loss: 0.051, TC_loss: 0.430
2026-08-14 16:56:16 [DEBUG]: RCA_loss: 0.035, TC_loss: 0.254
2026-08-14 16:56:16 [INFO]: Epoch 5 done. Loss: 0.595
2026-08-14 16:56:17 [DEBUG]: RCA_loss: 0.065, TC_loss: 0.470
2026-08-14 16:56:17 [DEBUG]: RCA_loss: 0.196, TC_loss: 0.563
2026-08-14 16:56:17 [DEBUG]: RCA_loss: 0.201, TC_loss: 0.420
2026-08-14 16:56:17 [DEBUG]: RCA_loss: 0.021, TC_loss: 0.366
2026-08-14 16:56:17 [DEBUG]: RCA_loss: 0.025, TC_loss: 0.496
2026-08-14 16:56:18 [DEBUG]: RCA_loss: 0.067, TC_loss: 0.586
2026-08-14 16:56:18 [DEBUG]: RCA_loss: 0.026, TC_loss: 0.387
2026-08-14 16:56:18 [DEBUG]: RCA_loss: 0.016, TC_loss: 0.345
2026-08-14 16:56:18 [DEBUG]: RCA_loss: 0.066, TC_loss: 0.372
2026-08-14 16:56:19 [DEBUG]: RCA_loss: 0.012, TC_loss: 0.406
2026-08-14 16:56:19 [DEBUG]: RCA_loss: 0.360, TC_loss: 0.349
2026-08-14 16:56:19 [DEBUG]: RCA_loss: 0.137, TC_loss: 0.531
2026-08-14 16:56:19 [DEBUG]: RCA_loss: 0.129, TC_loss: 0.305
2026-08-14 16:56:19 [DEBUG]: RCA_loss: 0.147, TC_loss: 0.592
2026-08-14 16:56:20 [DEBUG]: RCA_loss: 0.030, TC_loss: 0.378
2026-08-14 16:56:20 [DEBUG]: RCA_loss: 0.052, TC_loss: 0.404
2026-08-14 16:56:20 [DEBUG]: RCA_loss: 0.264, TC_loss: 0.412
2026-08-14 16:56:20 [DEBUG]: RCA_loss: 0.036, TC_loss: 0.451
2026-08-14 16:56:20 [DEBUG]: RCA_loss: 0.073, TC_loss: 0.377
2026-08-14 16:56:21 [DEBUG]: RCA_loss: 0.030, TC_loss: 0.430
2026-08-14 16:56:21 [DEBUG]: RCA_loss: 0.026, TC_loss: 0.338
2026-08-14 16:56:21 [DEBUG]: RCA_loss: 0.025, TC_loss: 0.518
2026-08-14 16:56:21 [DEBUG]: RCA_loss: 0.044, TC_loss: 0.447
2026-08-14 16:56:22 [DEBUG]: RCA_loss: 0.065, TC_loss: 0.338
2026-08-14 16:56:22 [DEBUG]: RCA_loss: 0.028, TC_loss: 0.348
2026-08-14 16:56:22 [DEBUG]: RCA_loss: 0.017, TC_loss: 0.291
2026-08-14 16:56:22 [DEBUG]: RCA_loss: 0.014, TC_loss: 0.227
2026-08-14 16:56:22 [DEBUG]: RCA_loss: 0.070, TC_loss: 0.466
2026-08-14 16:56:23 [DEBUG]: RCA_loss: 0.062, TC_loss: 0.128
2026-08-14 16:56:23 [INFO]: Epoch 6 done. Loss: 0.492
2026-08-14 16:56:23 [DEBUG]: RCA_loss: 0.026, TC_loss: 0.458
2026-08-14 16:56:23 [DEBUG]: RCA_loss: 0.065, TC_loss: 0.444
2026-08-14 16:56:23 [DEBUG]: RCA_loss: 0.136, TC_loss: 0.363
2026-08-14 16:56:24 [DEBUG]: RCA_loss: 0.029, TC_loss: 0.285
2026-08-14 16:56:24 [DEBUG]: RCA_loss: 0.074, TC_loss: 0.359
2026-08-14 16:56:24 [DEBUG]: RCA_loss: 0.026, TC_loss: 0.542
2026-08-14 16:56:24 [DEBUG]: RCA_loss: 0.038, TC_loss: 0.363
2026-08-14 16:56:24 [DEBUG]: RCA_loss: 0.014, TC_loss: 0.313
2026-08-14 16:56:25 [DEBUG]: RCA_loss: 0.053, TC_loss: 0.230
2026-08-14 16:56:25 [DEBUG]: RCA_loss: 0.003, TC_loss: 0.298
2026-08-14 16:56:25 [DEBUG]: RCA_loss: 0.197, TC_loss: 0.265
2026-08-14 16:56:25 [DEBUG]: RCA_loss: 0.154, TC_loss: 0.350
2026-08-14 16:56:26 [DEBUG]: RCA_loss: 0.075, TC_loss: 0.315
2026-08-14 16:56:26 [DEBUG]: RCA_loss: 0.158, TC_loss: 0.466
2026-08-14 16:56:26 [DEBUG]: RCA_loss: 0.036, TC_loss: 0.334
2026-08-14 16:56:26 [DEBUG]: RCA_loss: 0.039, TC_loss: 0.284
2026-08-14 16:56:26 [DEBUG]: RCA_loss: 0.168, TC_loss: 0.326
2026-08-14 16:56:27 [DEBUG]: RCA_loss: 0.030, TC_loss: 0.364
2026-08-14 16:56:27 [DEBUG]: RCA_loss: 0.116, TC_loss: 0.372
2026-08-14 16:56:27 [DEBUG]: RCA_loss: 0.041, TC_loss: 0.426
2026-08-14 16:56:27 [DEBUG]: RCA_loss: 0.096, TC_loss: 0.293
2026-08-14 16:56:27 [DEBUG]: RCA_loss: 0.067, TC_loss: 0.326
2026-08-14 16:56:28 [DEBUG]: RCA_loss: 0.030, TC_loss: 0.395
2026-08-14 16:56:28 [DEBUG]: RCA_loss: 0.050, TC_loss: 0.267
2026-08-14 16:56:28 [DEBUG]: RCA_loss: 0.039, TC_loss: 0.265
2026-08-14 16:56:28 [DEBUG]: RCA_loss: 0.024, TC_loss: 0.272
2026-08-14 16:56:28 [DEBUG]: RCA_loss: 0.028, TC_loss: 0.199
2026-08-14 16:56:29 [DEBUG]: RCA_loss: 0.017, TC_loss: 0.348
2026-08-14 16:56:29 [DEBUG]: RCA_loss: 0.023, TC_loss: 0.217
2026-08-14 16:56:29 [INFO]: Epoch 7 done. Loss: 0.404
2026-08-14 16:56:29 [DEBUG]: RCA_loss: 0.023, TC_loss: 0.328
2026-08-14 16:56:29 [DEBUG]: RCA_loss: 0.068, TC_loss: 0.398
2026-08-14 16:56:29 [DEBUG]: RCA_loss: 0.163, TC_loss: 0.269
2026-08-14 16:56:29 [DEBUG]: RCA_loss: 0.008, TC_loss: 0.276
2026-08-14 16:56:30 [DEBUG]: RCA_loss: 0.024, TC_loss: 0.292
2026-08-14 16:56:30 [DEBUG]: RCA_loss: 0.054, TC_loss: 0.373
2026-08-14 16:56:30 [DEBUG]: RCA_loss: 0.040, TC_loss: 0.277
2026-08-14 16:56:30 [DEBUG]: RCA_loss: 0.012, TC_loss: 0.272
2026-08-14 16:56:30 [DEBUG]: RCA_loss: 0.043, TC_loss: 0.230
2026-08-14 16:56:31 [DEBUG]: RCA_loss: 0.006, TC_loss: 0.262
2026-08-14 16:56:31 [DEBUG]: RCA_loss: 0.253, TC_loss: 0.217
2026-08-14 16:56:31 [DEBUG]: RCA_loss: 0.127, TC_loss: 0.377
2026-08-14 16:56:31 [DEBUG]: RCA_loss: 0.073, TC_loss: 0.216
2026-08-14 16:56:31 [DEBUG]: RCA_loss: 0.084, TC_loss: 0.341
2026-08-14 16:56:32 [DEBUG]: RCA_loss: 0.039, TC_loss: 0.314
2026-08-14 16:56:32 [DEBUG]: RCA_loss: 0.020, TC_loss: 0.289
2026-08-14 16:56:32 [DEBUG]: RCA_loss: 0.190, TC_loss: 0.285
2026-08-14 16:56:32 [DEBUG]: RCA_loss: 0.043, TC_loss: 0.289
2026-08-14 16:56:32 [DEBUG]: RCA_loss: 0.082, TC_loss: 0.330
2026-08-14 16:56:33 [DEBUG]: RCA_loss: 0.018, TC_loss: 0.308
2026-08-14 16:56:33 [DEBUG]: RCA_loss: 0.021, TC_loss: 0.241
2026-08-14 16:56:33 [DEBUG]: RCA_loss: 0.014, TC_loss: 0.277
2026-08-14 16:56:33 [DEBUG]: RCA_loss: 0.080, TC_loss: 0.332
2026-08-14 16:56:33 [DEBUG]: RCA_loss: 0.051, TC_loss: 0.217
2026-08-14 16:56:33 [DEBUG]: RCA_loss: 0.020, TC_loss: 0.251
2026-08-14 16:56:33 [DEBUG]: RCA_loss: 0.006, TC_loss: 0.172
2026-08-14 16:56:34 [DEBUG]: RCA_loss: 0.014, TC_loss: 0.201
2026-08-14 16:56:34 [DEBUG]: RCA_loss: 0.073, TC_loss: 0.276
2026-08-14 16:56:34 [DEBUG]: RCA_loss: 0.010, TC_loss: 0.098
2026-08-14 16:56:34 [INFO]: Epoch 8 done. Loss: 0.339
2026-08-14 16:56:34 [DEBUG]: RCA_loss: 0.032, TC_loss: 0.237
2026-08-14 16:56:34 [DEBUG]: RCA_loss: 0.034, TC_loss: 0.252
2026-08-14 16:56:34 [DEBUG]: RCA_loss: 0.118, TC_loss: 0.294
2026-08-14 16:56:34 [DEBUG]: RCA_loss: 0.027, TC_loss: 0.229
2026-08-14 16:56:34 [DEBUG]: RCA_loss: 0.143, TC_loss: 0.238
2026-08-14 16:56:34 [DEBUG]: RCA_loss: 0.034, TC_loss: 0.359
2026-08-14 16:56:34 [DEBUG]: RCA_loss: 0.022, TC_loss: 0.183
2026-08-14 16:56:35 [DEBUG]: RCA_loss: 0.011, TC_loss: 0.235
2026-08-14 16:56:35 [DEBUG]: RCA_loss: 0.064, TC_loss: 0.130
2026-08-14 16:56:35 [DEBUG]: RCA_loss: 0.002, TC_loss: 0.224
2026-08-14 16:56:35 [DEBUG]: RCA_loss: 0.241, TC_loss: 0.211
2026-08-14 16:56:35 [DEBUG]: RCA_loss: 0.060, TC_loss: 0.214
2026-08-14 16:56:35 [DEBUG]: RCA_loss: 0.098, TC_loss: 0.171
2026-08-14 16:56:35 [DEBUG]: RCA_loss: 0.121, TC_loss: 0.375
2026-08-14 16:56:35 [DEBUG]: RCA_loss: 0.079, TC_loss: 0.253
2026-08-14 16:56:35 [DEBUG]: RCA_loss: 0.044, TC_loss: 0.191
2026-08-14 16:56:36 [DEBUG]: RCA_loss: 0.198, TC_loss: 0.249
2026-08-14 16:56:36 [DEBUG]: RCA_loss: 0.026, TC_loss: 0.190
2026-08-14 16:56:36 [DEBUG]: RCA_loss: 0.105, TC_loss: 0.250
2026-08-14 16:56:36 [DEBUG]: RCA_loss: 0.023, TC_loss: 0.233
2026-08-14 16:56:36 [DEBUG]: RCA_loss: 0.043, TC_loss: 0.173
2026-08-14 16:56:36 [DEBUG]: RCA_loss: 0.052, TC_loss: 0.209
2026-08-14 16:56:36 [DEBUG]: RCA_loss: 0.050, TC_loss: 0.344
2026-08-14 16:56:36 [DEBUG]: RCA_loss: 0.028, TC_loss: 0.163
2026-08-14 16:56:36 [DEBUG]: RCA_loss: 0.018, TC_loss: 0.217
2026-08-14 16:56:36 [DEBUG]: RCA_loss: 0.016, TC_loss: 0.164
2026-08-14 16:56:37 [DEBUG]: RCA_loss: 0.007, TC_loss: 0.163
2026-08-14 16:56:37 [DEBUG]: RCA_loss: 0.058, TC_loss: 0.206
2026-08-14 16:56:37 [DEBUG]: RCA_loss: 0.032, TC_loss: 0.175
2026-08-14 16:56:37 [INFO]: Epoch 9 done. Loss: 0.289
2026-08-14 16:56:37 [DEBUG]: RCA_loss: 0.014, TC_loss: 0.191
2026-08-14 16:56:37 [DEBUG]: RCA_loss: 0.034, TC_loss: 0.277
2026-08-14 16:56:37 [DEBUG]: RCA_loss: 0.136, TC_loss: 0.195
2026-08-14 16:56:37 [DEBUG]: RCA_loss: 0.008, TC_loss: 0.164
2026-08-14 16:56:37 [DEBUG]: RCA_loss: 0.027, TC_loss: 0.251
2026-08-14 16:56:37 [DEBUG]: RCA_loss: 0.039, TC_loss: 0.345
2026-08-14 16:56:37 [DEBUG]: RCA_loss: 0.011, TC_loss: 0.236
2026-08-14 16:56:38 [DEBUG]: RCA_loss: 0.007, TC_loss: 0.255
2026-08-14 16:56:38 [DEBUG]: RCA_loss: 0.053, TC_loss: 0.116
2026-08-14 16:56:38 [DEBUG]: RCA_loss: 0.002, TC_loss: 0.218
2026-08-14 16:56:38 [DEBUG]: RCA_loss: 0.221, TC_loss: 0.196
2026-08-14 16:56:38 [DEBUG]: RCA_loss: 0.045, TC_loss: 0.231
2026-08-14 16:56:38 [DEBUG]: RCA_loss: 0.143, TC_loss: 0.138
2026-08-14 16:56:38 [DEBUG]: RCA_loss: 0.081, TC_loss: 0.275
2026-08-14 16:56:38 [DEBUG]: RCA_loss: 0.011, TC_loss: 0.217
2026-08-14 16:56:38 [DEBUG]: RCA_loss: 0.015, TC_loss: 0.147
2026-08-14 16:56:39 [DEBUG]: RCA_loss: 0.147, TC_loss: 0.173
2026-08-14 16:56:39 [DEBUG]: RCA_loss: 0.018, TC_loss: 0.176
2026-08-14 16:56:39 [DEBUG]: RCA_loss: 0.067, TC_loss: 0.189
2026-08-14 16:56:39 [DEBUG]: RCA_loss: 0.015, TC_loss: 0.184
2026-08-14 16:56:39 [DEBUG]: RCA_loss: 0.015, TC_loss: 0.210
2026-08-14 16:56:39 [DEBUG]: RCA_loss: 0.005, TC_loss: 0.257
2026-08-14 16:56:40 [DEBUG]: RCA_loss: 0.040, TC_loss: 0.173
2026-08-14 16:56:40 [DEBUG]: RCA_loss: 0.019, TC_loss: 0.130
2026-08-14 16:56:40 [DEBUG]: RCA_loss: 0.010, TC_loss: 0.156
2026-08-14 16:56:40 [DEBUG]: RCA_loss: 0.009, TC_loss: 0.159
2026-08-14 16:56:40 [DEBUG]: RCA_loss: 0.029, TC_loss: 0.148
2026-08-14 16:56:40 [DEBUG]: RCA_loss: 0.036, TC_loss: 0.203
2026-08-14 16:56:40 [DEBUG]: RCA_loss: 0.022, TC_loss: 0.113
2026-08-14 16:56:40 [INFO]: Epoch 10 done. Loss: 0.244
2026-08-14 16:56:41 [DEBUG]: RCA_loss: 0.023, TC_loss: 0.194
2026-08-14 16:56:41 [DEBUG]: RCA_loss: 0.020, TC_loss: 0.186
2026-08-14 16:56:41 [DEBUG]: RCA_loss: 0.073, TC_loss: 0.158
2026-08-14 16:56:41 [DEBUG]: RCA_loss: 0.005, TC_loss: 0.145
2026-08-14 16:56:41 [DEBUG]: RCA_loss: 0.015, TC_loss: 0.210
2026-08-14 16:56:41 [DEBUG]: RCA_loss: 0.020, TC_loss: 0.264
2026-08-14 16:56:41 [DEBUG]: RCA_loss: 0.009, TC_loss: 0.150
2026-08-14 16:56:42 [DEBUG]: RCA_loss: 0.011, TC_loss: 0.098
2026-08-14 16:56:42 [DEBUG]: RCA_loss: 0.021, TC_loss: 0.086
2026-08-14 16:56:42 [DEBUG]: RCA_loss: 0.003, TC_loss: 0.177
2026-08-14 16:56:42 [DEBUG]: RCA_loss: 0.234, TC_loss: 0.111
2026-08-14 16:56:42 [DEBUG]: RCA_loss: 0.104, TC_loss: 0.145
2026-08-14 16:56:42 [DEBUG]: RCA_loss: 0.053, TC_loss: 0.140
2026-08-14 16:56:43 [DEBUG]: RCA_loss: 0.130, TC_loss: 0.246
2026-08-14 16:56:43 [DEBUG]: RCA_loss: 0.020, TC_loss: 0.203
2026-08-14 16:56:43 [DEBUG]: RCA_loss: 0.053, TC_loss: 0.119
2026-08-14 16:56:43 [DEBUG]: RCA_loss: 0.175, TC_loss: 0.151
2026-08-14 16:56:43 [DEBUG]: RCA_loss: 0.018, TC_loss: 0.156
2026-08-14 16:56:43 [DEBUG]: RCA_loss: 0.040, TC_loss: 0.155
2026-08-14 16:56:43 [DEBUG]: RCA_loss: 0.008, TC_loss: 0.198
2026-08-14 16:56:43 [DEBUG]: RCA_loss: 0.010, TC_loss: 0.149
2026-08-14 16:56:43 [DEBUG]: RCA_loss: 0.023, TC_loss: 0.127
2026-08-14 16:56:44 [DEBUG]: RCA_loss: 0.009, TC_loss: 0.155
2026-08-14 16:56:44 [DEBUG]: RCA_loss: 0.044, TC_loss: 0.117
2026-08-14 16:56:44 [DEBUG]: RCA_loss: 0.039, TC_loss: 0.162
2026-08-14 16:56:44 [DEBUG]: RCA_loss: 0.004, TC_loss: 0.092
2026-08-14 16:56:44 [DEBUG]: RCA_loss: 0.022, TC_loss: 0.090
2026-08-14 16:56:44 [DEBUG]: RCA_loss: 0.033, TC_loss: 0.173
2026-08-14 16:56:44 [DEBUG]: RCA_loss: 0.014, TC_loss: 0.062
2026-08-14 16:56:44 [INFO]: Epoch 11 done. Loss: 0.198
2026-08-14 16:56:44 [DEBUG]: RCA_loss: 0.019, TC_loss: 0.152
2026-08-14 16:56:44 [DEBUG]: RCA_loss: 0.040, TC_loss: 0.256
2026-08-14 16:56:44 [DEBUG]: RCA_loss: 0.041, TC_loss: 0.132
2026-08-14 16:56:44 [DEBUG]: RCA_loss: 0.007, TC_loss: 0.075
2026-08-14 16:56:45 [DEBUG]: RCA_loss: 0.013, TC_loss: 0.177
2026-08-14 16:56:45 [DEBUG]: RCA_loss: 0.013, TC_loss: 0.192
2026-08-14 16:56:45 [DEBUG]: RCA_loss: 0.017, TC_loss: 0.111
2026-08-14 16:56:45 [DEBUG]: RCA_loss: 0.011, TC_loss: 0.113
2026-08-14 16:56:45 [DEBUG]: RCA_loss: 0.039, TC_loss: 0.078
2026-08-14 16:56:45 [DEBUG]: RCA_loss: 0.001, TC_loss: 0.091
2026-08-14 16:56:45 [DEBUG]: RCA_loss: 0.249, TC_loss: 0.128
2026-08-14 16:56:45 [DEBUG]: RCA_loss: 0.184, TC_loss: 0.175
2026-08-14 16:56:45 [DEBUG]: RCA_loss: 0.202, TC_loss: 0.077
2026-08-14 16:56:45 [DEBUG]: RCA_loss: 0.085, TC_loss: 0.234
2026-08-14 16:56:46 [DEBUG]: RCA_loss: 0.003, TC_loss: 0.128
2026-08-14 16:56:46 [DEBUG]: RCA_loss: 0.125, TC_loss: 0.136
2026-08-14 16:56:46 [DEBUG]: RCA_loss: 0.306, TC_loss: 0.136
2026-08-14 16:56:46 [DEBUG]: RCA_loss: 0.042, TC_loss: 0.104
2026-08-14 16:56:46 [DEBUG]: RCA_loss: 0.031, TC_loss: 0.100
2026-08-14 16:56:46 [DEBUG]: RCA_loss: 0.012, TC_loss: 0.103
2026-08-14 16:56:46 [DEBUG]: RCA_loss: 0.025, TC_loss: 0.149
2026-08-14 16:56:46 [DEBUG]: RCA_loss: 0.033, TC_loss: 0.150
2026-08-14 16:56:46 [DEBUG]: RCA_loss: 0.022, TC_loss: 0.133
2026-08-14 16:56:47 [DEBUG]: RCA_loss: 0.070, TC_loss: 0.117
2026-08-14 16:56:47 [DEBUG]: RCA_loss: 0.014, TC_loss: 0.132
2026-08-14 16:56:47 [DEBUG]: RCA_loss: 0.009, TC_loss: 0.088
2026-08-14 16:56:47 [DEBUG]: RCA_loss: 0.004, TC_loss: 0.064
2026-08-14 16:56:47 [DEBUG]: RCA_loss: 0.010, TC_loss: 0.136
2026-08-14 16:56:47 [DEBUG]: RCA_loss: 0.010, TC_loss: 0.044
2026-08-14 16:56:47 [INFO]: Epoch 12 done. Loss: 0.188
2026-08-14 16:56:47 [DEBUG]: RCA_loss: 0.013, TC_loss: 0.149
2026-08-14 16:56:47 [DEBUG]: RCA_loss: 0.020, TC_loss: 0.212
2026-08-14 16:56:47 [DEBUG]: RCA_loss: 0.035, TC_loss: 0.187
2026-08-14 16:56:47 [DEBUG]: RCA_loss: 0.004, TC_loss: 0.077
2026-08-14 16:56:48 [DEBUG]: RCA_loss: 0.006, TC_loss: 0.158
2026-08-14 16:56:48 [DEBUG]: RCA_loss: 0.005, TC_loss: 0.100
2026-08-14 16:56:48 [DEBUG]: RCA_loss: 0.007, TC_loss: 0.080
2026-08-14 16:56:48 [DEBUG]: RCA_loss: 0.006, TC_loss: 0.098
2026-08-14 16:56:48 [DEBUG]: RCA_loss: 0.068, TC_loss: 0.064
2026-08-14 16:56:48 [DEBUG]: RCA_loss: 0.002, TC_loss: 0.080
2026-08-14 16:56:48 [DEBUG]: RCA_loss: 0.206, TC_loss: 0.065
2026-08-14 16:56:48 [DEBUG]: RCA_loss: 0.022, TC_loss: 0.103
2026-08-14 16:56:48 [DEBUG]: RCA_loss: 0.059, TC_loss: 0.099
2026-08-14 16:56:48 [DEBUG]: RCA_loss: 0.071, TC_loss: 0.176
2026-08-14 16:56:49 [DEBUG]: RCA_loss: 0.021, TC_loss: 0.171
2026-08-14 16:56:49 [DEBUG]: RCA_loss: 0.007, TC_loss: 0.127
2026-08-14 16:56:49 [DEBUG]: RCA_loss: 0.270, TC_loss: 0.154
2026-08-14 16:56:49 [DEBUG]: RCA_loss: 0.033, TC_loss: 0.140
2026-08-14 16:56:49 [DEBUG]: RCA_loss: 0.013, TC_loss: 0.150
2026-08-14 16:56:49 [DEBUG]: RCA_loss: 0.003, TC_loss: 0.100
2026-08-14 16:56:49 [DEBUG]: RCA_loss: 0.045, TC_loss: 0.133
2026-08-14 16:56:49 [DEBUG]: RCA_loss: 0.003, TC_loss: 0.200
2026-08-14 16:56:49 [DEBUG]: RCA_loss: 0.053, TC_loss: 0.157
2026-08-14 16:56:49 [DEBUG]: RCA_loss: 0.009, TC_loss: 0.076
2026-08-14 16:56:50 [DEBUG]: RCA_loss: 0.014, TC_loss: 0.103
2026-08-14 16:56:50 [DEBUG]: RCA_loss: 0.003, TC_loss: 0.072
2026-08-14 16:56:50 [DEBUG]: RCA_loss: 0.002, TC_loss: 0.084
2026-08-14 16:56:50 [DEBUG]: RCA_loss: 0.005, TC_loss: 0.159
2026-08-14 16:56:50 [DEBUG]: RCA_loss: 0.021, TC_loss: 0.038
2026-08-14 16:56:50 [INFO]: Epoch 13 done. Loss: 0.159
2026-08-14 16:56:50 [DEBUG]: RCA_loss: 0.005, TC_loss: 0.119
2026-08-14 16:56:50 [DEBUG]: RCA_loss: 0.021, TC_loss: 0.111
2026-08-14 16:56:50 [DEBUG]: RCA_loss: 0.027, TC_loss: 0.081
2026-08-14 16:56:50 [DEBUG]: RCA_loss: 0.011, TC_loss: 0.096
2026-08-14 16:56:50 [DEBUG]: RCA_loss: 0.007, TC_loss: 0.160
2026-08-14 16:56:50 [DEBUG]: RCA_loss: 0.051, TC_loss: 0.174
2026-08-14 16:56:51 [DEBUG]: RCA_loss: 0.027, TC_loss: 0.103
2026-08-14 16:56:51 [DEBUG]: RCA_loss: 0.001, TC_loss: 0.085
2026-08-14 16:56:51 [DEBUG]: RCA_loss: 0.029, TC_loss: 0.048
2026-08-14 16:56:51 [DEBUG]: RCA_loss: 0.002, TC_loss: 0.083
2026-08-14 16:56:51 [DEBUG]: RCA_loss: 0.095, TC_loss: 0.068
2026-08-14 16:56:51 [DEBUG]: RCA_loss: 0.019, TC_loss: 0.151
2026-08-14 16:56:51 [DEBUG]: RCA_loss: 0.028, TC_loss: 0.095
2026-08-14 16:56:51 [DEBUG]: RCA_loss: 0.048, TC_loss: 0.257
2026-08-14 16:56:51 [DEBUG]: RCA_loss: 0.003, TC_loss: 0.139
2026-08-14 16:56:52 [DEBUG]: RCA_loss: 0.071, TC_loss: 0.097
2026-08-14 16:56:52 [DEBUG]: RCA_loss: 0.158, TC_loss: 0.125
2026-08-14 16:56:52 [DEBUG]: RCA_loss: 0.036, TC_loss: 0.085
2026-08-14 16:56:52 [DEBUG]: RCA_loss: 0.067, TC_loss: 0.085
2026-08-14 16:56:52 [DEBUG]: RCA_loss: 0.014, TC_loss: 0.095
2026-08-14 16:56:52 [DEBUG]: RCA_loss: 0.012, TC_loss: 0.163
2026-08-14 16:56:52 [DEBUG]: RCA_loss: 0.010, TC_loss: 0.141
2026-08-14 16:56:52 [DEBUG]: RCA_loss: 0.054, TC_loss: 0.074
2026-08-14 16:56:52 [DEBUG]: RCA_loss: 0.014, TC_loss: 0.094
2026-08-14 16:56:52 [DEBUG]: RCA_loss: 0.008, TC_loss: 0.087
2026-08-14 16:56:53 [DEBUG]: RCA_loss: 0.003, TC_loss: 0.090
2026-08-14 16:56:53 [DEBUG]: RCA_loss: 0.002, TC_loss: 0.047
2026-08-14 16:56:53 [DEBUG]: RCA_loss: 0.007, TC_loss: 0.175
2026-08-14 16:56:53 [DEBUG]: RCA_loss: 0.012, TC_loss: 0.061
2026-08-14 16:56:53 [INFO]: Epoch 14 done. Loss: 0.141
2026-08-14 16:56:53 [DEBUG]: RCA_loss: 0.007, TC_loss: 0.152
2026-08-14 16:56:53 [DEBUG]: RCA_loss: 0.010, TC_loss: 0.109
2026-08-14 16:56:53 [DEBUG]: RCA_loss: 0.018, TC_loss: 0.102
2026-08-14 16:56:53 [DEBUG]: RCA_loss: 0.004, TC_loss: 0.058
2026-08-14 16:56:53 [DEBUG]: RCA_loss: 0.016, TC_loss: 0.134
2026-08-14 16:56:53 [DEBUG]: RCA_loss: 0.008, TC_loss: 0.107
2026-08-14 16:56:53 [DEBUG]: RCA_loss: 0.012, TC_loss: 0.061
2026-08-14 16:56:54 [DEBUG]: RCA_loss: 0.004, TC_loss: 0.099
2026-08-14 16:56:54 [DEBUG]: RCA_loss: 0.018, TC_loss: 0.056
2026-08-14 16:56:54 [DEBUG]: RCA_loss: 0.000, TC_loss: 0.124
2026-08-14 16:56:54 [DEBUG]: RCA_loss: 0.155, TC_loss: 0.062
2026-08-14 16:56:54 [DEBUG]: RCA_loss: 0.062, TC_loss: 0.106
2026-08-14 16:56:54 [DEBUG]: RCA_loss: 0.141, TC_loss: 0.081
2026-08-14 16:56:54 [DEBUG]: RCA_loss: 0.022, TC_loss: 0.167
2026-08-14 16:56:54 [DEBUG]: RCA_loss: 0.009, TC_loss: 0.090
2026-08-14 16:56:54 [DEBUG]: RCA_loss: 0.020, TC_loss: 0.069
2026-08-14 16:56:54 [DEBUG]: RCA_loss: 0.252, TC_loss: 0.098
2026-08-14 16:56:55 [DEBUG]: RCA_loss: 0.029, TC_loss: 0.066
2026-08-14 16:56:55 [DEBUG]: RCA_loss: 0.041, TC_loss: 0.119
2026-08-14 16:56:55 [DEBUG]: RCA_loss: 0.002, TC_loss: 0.073
2026-08-14 16:56:55 [DEBUG]: RCA_loss: 0.013, TC_loss: 0.077
2026-08-14 16:56:55 [DEBUG]: RCA_loss: 0.006, TC_loss: 0.084
2026-08-14 16:56:55 [DEBUG]: RCA_loss: 0.004, TC_loss: 0.106
2026-08-14 16:56:55 [DEBUG]: RCA_loss: 0.015, TC_loss: 0.134
2026-08-14 16:56:55 [DEBUG]: RCA_loss: 0.031, TC_loss: 0.069
2026-08-14 16:56:55 [DEBUG]: RCA_loss: 0.005, TC_loss: 0.101
2026-08-14 16:56:55 [DEBUG]: RCA_loss: 0.052, TC_loss: 0.065
2026-08-14 16:56:55 [DEBUG]: RCA_loss: 0.029, TC_loss: 0.122
2026-08-14 16:56:56 [DEBUG]: RCA_loss: 0.007, TC_loss: 0.022
2026-08-14 16:56:56 [INFO]: Epoch 15 done. Loss: 0.130
2026-08-14 16:56:56 [DEBUG]: RCA_loss: 0.003, TC_loss: 0.133
2026-08-14 16:56:56 [DEBUG]: RCA_loss: 0.011, TC_loss: 0.090
2026-08-14 16:56:56 [DEBUG]: RCA_loss: 0.014, TC_loss: 0.086
2026-08-14 16:56:56 [DEBUG]: RCA_loss: 0.003, TC_loss: 0.072
2026-08-14 16:56:56 [DEBUG]: RCA_loss: 0.003, TC_loss: 0.109
2026-08-14 16:56:56 [DEBUG]: RCA_loss: 0.005, TC_loss: 0.108
2026-08-14 16:56:56 [DEBUG]: RCA_loss: 0.015, TC_loss: 0.061
2026-08-14 16:56:56 [DEBUG]: RCA_loss: 0.002, TC_loss: 0.053
2026-08-14 16:56:56 [DEBUG]: RCA_loss: 0.016, TC_loss: 0.045
2026-08-14 16:56:57 [DEBUG]: RCA_loss: 0.001, TC_loss: 0.058
2026-08-14 16:56:57 [DEBUG]: RCA_loss: 0.150, TC_loss: 0.051
2026-08-14 16:56:57 [DEBUG]: RCA_loss: 0.034, TC_loss: 0.070
2026-08-14 16:56:57 [DEBUG]: RCA_loss: 0.042, TC_loss: 0.059
2026-08-14 16:56:57 [DEBUG]: RCA_loss: 0.075, TC_loss: 0.238
2026-08-14 16:56:57 [DEBUG]: RCA_loss: 0.029, TC_loss: 0.142
2026-08-14 16:56:57 [DEBUG]: RCA_loss: 0.041, TC_loss: 0.077
2026-08-14 16:56:57 [DEBUG]: RCA_loss: 0.160, TC_loss: 0.067
2026-08-14 16:56:57 [DEBUG]: RCA_loss: 0.037, TC_loss: 0.058
2026-08-14 16:56:57 [DEBUG]: RCA_loss: 0.036, TC_loss: 0.092
2026-08-14 16:56:57 [DEBUG]: RCA_loss: 0.004, TC_loss: 0.071
2026-08-14 16:56:58 [DEBUG]: RCA_loss: 0.001, TC_loss: 0.147
2026-08-14 16:56:58 [DEBUG]: RCA_loss: 0.001, TC_loss: 0.045
2026-08-14 16:56:58 [DEBUG]: RCA_loss: 0.002, TC_loss: 0.096
2026-08-14 16:56:58 [DEBUG]: RCA_loss: 0.014, TC_loss: 0.090
2026-08-14 16:56:58 [DEBUG]: RCA_loss: 0.005, TC_loss: 0.084
2026-08-14 16:56:58 [DEBUG]: RCA_loss: 0.003, TC_loss: 0.087
2026-08-14 16:56:58 [DEBUG]: RCA_loss: 0.008, TC_loss: 0.041
2026-08-14 16:56:58 [DEBUG]: RCA_loss: 0.015, TC_loss: 0.129
2026-08-14 16:56:58 [DEBUG]: RCA_loss: 0.293, TC_loss: 0.053
2026-08-14 16:56:58 [INFO]: Epoch 16 done. Loss: 0.116
2026-08-14 16:56:58 [DEBUG]: RCA_loss: 0.008, TC_loss: 0.089
2026-08-14 16:56:58 [DEBUG]: RCA_loss: 0.003, TC_loss: 0.064
2026-08-14 16:56:59 [DEBUG]: RCA_loss: 0.101, TC_loss: 0.102
2026-08-14 16:56:59 [DEBUG]: RCA_loss: 0.038, TC_loss: 0.057
2026-08-14 16:56:59 [DEBUG]: RCA_loss: 0.021, TC_loss: 0.106
2026-08-14 16:56:59 [DEBUG]: RCA_loss: 0.076, TC_loss: 0.087
2026-08-14 16:56:59 [DEBUG]: RCA_loss: 0.102, TC_loss: 0.059
2026-08-14 16:56:59 [DEBUG]: RCA_loss: 0.011, TC_loss: 0.068
2026-08-14 16:56:59 [DEBUG]: RCA_loss: 0.056, TC_loss: 0.036
2026-08-14 16:56:59 [DEBUG]: RCA_loss: 0.003, TC_loss: 0.049
2026-08-14 16:56:59 [DEBUG]: RCA_loss: 0.161, TC_loss: 0.071
2026-08-14 16:56:59 [DEBUG]: RCA_loss: 0.002, TC_loss: 0.068
2026-08-14 16:57:00 [DEBUG]: RCA_loss: 0.118, TC_loss: 0.078
2026-08-14 16:57:00 [DEBUG]: RCA_loss: 0.081, TC_loss: 0.113
2026-08-14 16:57:00 [DEBUG]: RCA_loss: 0.011, TC_loss: 0.199
2026-08-14 16:57:00 [DEBUG]: RCA_loss: 0.046, TC_loss: 0.058
2026-08-14 16:57:00 [DEBUG]: RCA_loss: 0.114, TC_loss: 0.119
2026-08-14 16:57:00 [DEBUG]: RCA_loss: 0.034, TC_loss: 0.052
2026-08-14 16:57:00 [DEBUG]: RCA_loss: 0.023, TC_loss: 0.059
2026-08-14 16:57:00 [DEBUG]: RCA_loss: 0.001, TC_loss: 0.076
2026-08-14 16:57:00 [DEBUG]: RCA_loss: 0.004, TC_loss: 0.100
2026-08-14 16:57:00 [DEBUG]: RCA_loss: 0.011, TC_loss: 0.120
2026-08-14 16:57:01 [DEBUG]: RCA_loss: 0.155, TC_loss: 0.097
2026-08-14 16:57:01 [DEBUG]: RCA_loss: 0.018, TC_loss: 0.047
2026-08-14 16:57:01 [DEBUG]: RCA_loss: 0.015, TC_loss: 0.083
2026-08-14 16:57:01 [DEBUG]: RCA_loss: 0.026, TC_loss: 0.090
2026-08-14 16:57:01 [DEBUG]: RCA_loss: 0.007, TC_loss: 0.031
2026-08-14 16:57:01 [DEBUG]: RCA_loss: 0.004, TC_loss: 0.095
2026-08-14 16:57:01 [DEBUG]: RCA_loss: 0.069, TC_loss: 0.027
2026-08-14 16:57:01 [INFO]: Epoch 17 done. Loss: 0.126
2026-08-14 16:57:01 [DEBUG]: RCA_loss: 0.002, TC_loss: 0.063
2026-08-14 16:57:01 [DEBUG]: RCA_loss: 0.045, TC_loss: 0.073
2026-08-14 16:57:01 [DEBUG]: RCA_loss: 0.004, TC_loss: 0.041
2026-08-14 16:57:02 [DEBUG]: RCA_loss: 0.005, TC_loss: 0.039
2026-08-14 16:57:02 [DEBUG]: RCA_loss: 0.002, TC_loss: 0.090
2026-08-14 16:57:02 [DEBUG]: RCA_loss: 0.005, TC_loss: 0.087
2026-08-14 16:57:02 [DEBUG]: RCA_loss: 0.092, TC_loss: 0.044
2026-08-14 16:57:02 [DEBUG]: RCA_loss: 0.002, TC_loss: 0.065
2026-08-14 16:57:02 [DEBUG]: RCA_loss: 0.020, TC_loss: 0.030
2026-08-14 16:57:02 [DEBUG]: RCA_loss: 0.001, TC_loss: 0.062
2026-08-14 16:57:02 [DEBUG]: RCA_loss: 0.061, TC_loss: 0.057
2026-08-14 16:57:02 [DEBUG]: RCA_loss: 0.036, TC_loss: 0.047
2026-08-14 16:57:02 [DEBUG]: RCA_loss: 0.028, TC_loss: 0.049
2026-08-14 16:57:03 [DEBUG]: RCA_loss: 0.046, TC_loss: 0.203
2026-08-14 16:57:03 [DEBUG]: RCA_loss: 0.007, TC_loss: 0.079
2026-08-14 16:57:03 [DEBUG]: RCA_loss: 0.019, TC_loss: 0.075
2026-08-14 16:57:03 [DEBUG]: RCA_loss: 0.183, TC_loss: 0.101
2026-08-14 16:57:03 [DEBUG]: RCA_loss: 0.025, TC_loss: 0.054
2026-08-14 16:57:03 [DEBUG]: RCA_loss: 0.027, TC_loss: 0.118
2026-08-14 16:57:03 [DEBUG]: RCA_loss: 0.002, TC_loss: 0.050
2026-08-14 16:57:03 [DEBUG]: RCA_loss: 0.001, TC_loss: 0.077
2026-08-14 16:57:03 [DEBUG]: RCA_loss: 0.001, TC_loss: 0.041
2026-08-14 16:57:04 [DEBUG]: RCA_loss: 0.001, TC_loss: 0.083
2026-08-14 16:57:04 [DEBUG]: RCA_loss: 0.004, TC_loss: 0.053
2026-08-14 16:57:04 [DEBUG]: RCA_loss: 0.002, TC_loss: 0.066
2026-08-14 16:57:04 [DEBUG]: RCA_loss: 0.001, TC_loss: 0.044
2026-08-14 16:57:04 [DEBUG]: RCA_loss: 0.001, TC_loss: 0.045
2026-08-14 16:57:04 [DEBUG]: RCA_loss: 0.003, TC_loss: 0.064
2026-08-14 16:57:04 [DEBUG]: RCA_loss: 0.004, TC_loss: 0.022
2026-08-14 16:57:04 [INFO]: Epoch 18 done. Loss: 0.090
2026-08-14 16:57:04 [DEBUG]: RCA_loss: 0.031, TC_loss: 0.059
2026-08-14 16:57:04 [DEBUG]: RCA_loss: 0.003, TC_loss: 0.046
2026-08-14 16:57:05 [DEBUG]: RCA_loss: 0.001, TC_loss: 0.040
2026-08-14 16:57:05 [DEBUG]: RCA_loss: 0.002, TC_loss: 0.062
2026-08-14 16:57:05 [DEBUG]: RCA_loss: 0.005, TC_loss: 0.073
2026-08-14 16:57:05 [DEBUG]: RCA_loss: 0.002, TC_loss: 0.054
2026-08-14 16:57:05 [DEBUG]: RCA_loss: 0.005, TC_loss: 0.030
2026-08-14 16:57:05 [DEBUG]: RCA_loss: 0.003, TC_loss: 0.057
2026-08-14 16:57:05 [DEBUG]: RCA_loss: 0.003, TC_loss: 0.034
2026-08-14 16:57:05 [DEBUG]: RCA_loss: 0.002, TC_loss: 0.027
2026-08-14 16:57:05 [DEBUG]: RCA_loss: 0.088, TC_loss: 0.030
2026-08-14 16:57:06 [DEBUG]: RCA_loss: 0.010, TC_loss: 0.036
2026-08-14 16:57:06 [DEBUG]: RCA_loss: 0.069, TC_loss: 0.045
2026-08-14 16:57:06 [DEBUG]: RCA_loss: 0.034, TC_loss: 0.086
2026-08-14 16:57:06 [DEBUG]: RCA_loss: 0.001, TC_loss: 0.090
2026-08-14 16:57:06 [DEBUG]: RCA_loss: 0.036, TC_loss: 0.036
2026-08-14 16:57:06 [DEBUG]: RCA_loss: 0.233, TC_loss: 0.077
2026-08-14 16:57:06 [DEBUG]: RCA_loss: 0.059, TC_loss: 0.026
2026-08-14 16:57:06 [DEBUG]: RCA_loss: 0.017, TC_loss: 0.037
2026-08-14 16:57:06 [DEBUG]: RCA_loss: 0.001, TC_loss: 0.049
2026-08-14 16:57:06 [DEBUG]: RCA_loss: 0.001, TC_loss: 0.089
2026-08-14 16:57:07 [DEBUG]: RCA_loss: 0.001, TC_loss: 0.039
2026-08-14 16:57:07 [DEBUG]: RCA_loss: 0.001, TC_loss: 0.055
2026-08-14 16:57:07 [DEBUG]: RCA_loss: 0.006, TC_loss: 0.049
2026-08-14 16:57:07 [DEBUG]: RCA_loss: 0.004, TC_loss: 0.053
2026-08-14 16:57:07 [DEBUG]: RCA_loss: 0.003, TC_loss: 0.072
2026-08-14 16:57:07 [DEBUG]: RCA_loss: 0.003, TC_loss: 0.030
2026-08-14 16:57:07 [DEBUG]: RCA_loss: 0.002, TC_loss: 0.074
2026-08-14 16:57:07 [DEBUG]: RCA_loss: 0.000, TC_loss: 0.021
2026-08-14 16:57:07 [INFO]: Epoch 19 done. Loss: 0.074
2026-08-14 16:57:07 [DEBUG]: RCA_loss: 0.001, TC_loss: 0.119
2026-08-14 16:57:07 [DEBUG]: RCA_loss: 0.003, TC_loss: 0.045
2026-08-14 16:57:08 [DEBUG]: RCA_loss: 0.004, TC_loss: 0.030
2026-08-14 16:57:08 [DEBUG]: RCA_loss: 0.006, TC_loss: 0.030
2026-08-14 16:57:08 [DEBUG]: RCA_loss: 0.003, TC_loss: 0.082
2026-08-14 16:57:08 [DEBUG]: RCA_loss: 0.004, TC_loss: 0.060
2026-08-14 16:57:08 [DEBUG]: RCA_loss: 0.003, TC_loss: 0.047
2026-08-14 16:57:08 [DEBUG]: RCA_loss: 0.010, TC_loss: 0.039
2026-08-14 16:57:08 [DEBUG]: RCA_loss: 0.013, TC_loss: 0.041
2026-08-14 16:57:08 [DEBUG]: RCA_loss: 0.001, TC_loss: 0.046
2026-08-14 16:57:08 [DEBUG]: RCA_loss: 0.053, TC_loss: 0.024
2026-08-14 16:57:09 [DEBUG]: RCA_loss: 0.010, TC_loss: 0.057
2026-08-14 16:57:09 [DEBUG]: RCA_loss: 0.055, TC_loss: 0.033
2026-08-14 16:57:09 [DEBUG]: RCA_loss: 0.037, TC_loss: 0.118
2026-08-14 16:57:09 [DEBUG]: RCA_loss: 0.007, TC_loss: 0.054
2026-08-14 16:57:09 [DEBUG]: RCA_loss: 0.019, TC_loss: 0.046
2026-08-14 16:57:09 [DEBUG]: RCA_loss: 0.148, TC_loss: 0.049
2026-08-14 16:57:09 [DEBUG]: RCA_loss: 0.008, TC_loss: 0.046
2026-08-14 16:57:09 [DEBUG]: RCA_loss: 0.045, TC_loss: 0.088
2026-08-14 16:57:09 [DEBUG]: RCA_loss: 0.013, TC_loss: 0.072
2026-08-14 16:57:09 [DEBUG]: RCA_loss: 0.002, TC_loss: 0.033
2026-08-14 16:57:10 [DEBUG]: RCA_loss: 0.003, TC_loss: 0.041
2026-08-14 16:57:10 [DEBUG]: RCA_loss: 0.000, TC_loss: 0.068
2026-08-14 16:57:10 [DEBUG]: RCA_loss: 0.002, TC_loss: 0.045
2026-08-14 16:57:10 [DEBUG]: RCA_loss: 0.001, TC_loss: 0.053
2026-08-14 16:57:10 [DEBUG]: RCA_loss: 0.001, TC_loss: 0.034
2026-08-14 16:57:10 [DEBUG]: RCA_loss: 0.002, TC_loss: 0.033
2026-08-14 16:57:10 [DEBUG]: RCA_loss: 0.002, TC_loss: 0.044
2026-08-14 16:57:10 [DEBUG]: RCA_loss: 0.003, TC_loss: 0.032
2026-08-14 16:57:10 [INFO]: Epoch 20 done. Loss: 0.069
2026-08-14 16:57:10 [DEBUG]: RCA_loss: 0.007, TC_loss: 0.053
2026-08-14 16:57:11 [DEBUG]: RCA_loss: 0.001, TC_loss: 0.044
2026-08-14 16:57:11 [DEBUG]: RCA_loss: 0.100, TC_loss: 0.032
2026-08-14 16:57:11 [DEBUG]: RCA_loss: 0.006, TC_loss: 0.040
2026-08-14 16:57:11 [DEBUG]: RCA_loss: 0.065, TC_loss: 0.107
2026-08-14 16:57:11 [DEBUG]: RCA_loss: 0.032, TC_loss: 0.056
2026-08-14 16:57:11 [DEBUG]: RCA_loss: 0.034, TC_loss: 0.025
2026-08-14 16:57:11 [DEBUG]: RCA_loss: 0.002, TC_loss: 0.046
2026-08-14 16:57:11 [DEBUG]: RCA_loss: 0.030, TC_loss: 0.027
2026-08-14 16:57:12 [DEBUG]: RCA_loss: 0.002, TC_loss: 0.025
2026-08-14 16:57:12 [DEBUG]: RCA_loss: 0.053, TC_loss: 0.036
2026-08-14 16:57:12 [DEBUG]: RCA_loss: 0.057, TC_loss: 0.047
2026-08-14 16:57:12 [DEBUG]: RCA_loss: 0.073, TC_loss: 0.032
2026-08-14 16:57:12 [DEBUG]: RCA_loss: 0.182, TC_loss: 0.106
2026-08-14 16:57:12 [DEBUG]: RCA_loss: 0.017, TC_loss: 0.097
2026-08-14 16:57:12 [DEBUG]: RCA_loss: 0.065, TC_loss: 0.030
2026-08-14 16:57:13 [DEBUG]: RCA_loss: 0.122, TC_loss: 0.056
2026-08-14 16:57:13 [DEBUG]: RCA_loss: 0.023, TC_loss: 0.024
2026-08-14 16:57:13 [DEBUG]: RCA_loss: 0.018, TC_loss: 0.045
2026-08-14 16:57:13 [DEBUG]: RCA_loss: 0.001, TC_loss: 0.054
2026-08-14 16:57:13 [DEBUG]: RCA_loss: 0.001, TC_loss: 0.062
2026-08-14 16:57:13 [DEBUG]: RCA_loss: 0.001, TC_loss: 0.041
2026-08-14 16:57:13 [DEBUG]: RCA_loss: 0.001, TC_loss: 0.085
2026-08-14 16:57:13 [DEBUG]: RCA_loss: 0.002, TC_loss: 0.039
2026-08-14 16:57:14 [DEBUG]: RCA_loss: 0.001, TC_loss: 0.035
2026-08-14 16:57:14 [DEBUG]: RCA_loss: 0.006, TC_loss: 0.037
2026-08-14 16:57:14 [DEBUG]: RCA_loss: 0.000, TC_loss: 0.031
2026-08-14 16:57:14 [DEBUG]: RCA_loss: 0.004, TC_loss: 0.054
2026-08-14 16:57:14 [DEBUG]: RCA_loss: 0.013, TC_loss: 0.013
2026-08-14 16:57:14 [INFO]: Epoch 21 done. Loss: 0.081
2026-08-14 16:57:14 [DEBUG]: RCA_loss: 0.001, TC_loss: 0.065
2026-08-14 16:57:14 [DEBUG]: RCA_loss: 0.135, TC_loss: 0.060
2026-08-14 16:57:15 [DEBUG]: RCA_loss: 0.008, TC_loss: 0.059
2026-08-14 16:57:15 [DEBUG]: RCA_loss: 0.003, TC_loss: 0.020
2026-08-14 16:57:15 [DEBUG]: RCA_loss: 0.002, TC_loss: 0.048
2026-08-14 16:57:15 [DEBUG]: RCA_loss: 0.003, TC_loss: 0.037
2026-08-14 16:57:15 [DEBUG]: RCA_loss: 0.004, TC_loss: 0.026
2026-08-14 16:57:15 [DEBUG]: RCA_loss: 0.002, TC_loss: 0.048
2026-08-14 16:57:16 [DEBUG]: RCA_loss: 0.007, TC_loss: 0.025
2026-08-14 16:57:16 [DEBUG]: RCA_loss: 0.007, TC_loss: 0.038
2026-08-14 16:57:16 [DEBUG]: RCA_loss: 0.258, TC_loss: 0.037
2026-08-14 16:57:16 [DEBUG]: RCA_loss: 0.005, TC_loss: 0.077
2026-08-14 16:57:16 [DEBUG]: RCA_loss: 0.048, TC_loss: 0.025
2026-08-14 16:57:16 [DEBUG]: RCA_loss: 0.022, TC_loss: 0.106
2026-08-14 16:57:17 [DEBUG]: RCA_loss: 0.005, TC_loss: 0.101
2026-08-14 16:57:17 [DEBUG]: RCA_loss: 0.021, TC_loss: 0.042
2026-08-14 16:57:17 [DEBUG]: RCA_loss: 0.156, TC_loss: 0.073
2026-08-14 16:57:17 [DEBUG]: RCA_loss: 0.028, TC_loss: 0.018
2026-08-14 16:57:17 [DEBUG]: RCA_loss: 0.051, TC_loss: 0.034
2026-08-14 16:57:17 [DEBUG]: RCA_loss: 0.001, TC_loss: 0.073
2026-08-14 16:57:18 [DEBUG]: RCA_loss: 0.008, TC_loss: 0.084
2026-08-14 16:57:18 [DEBUG]: RCA_loss: 0.003, TC_loss: 0.057
2026-08-14 16:57:18 [DEBUG]: RCA_loss: 0.011, TC_loss: 0.022
2026-08-14 16:57:18 [DEBUG]: RCA_loss: 0.017, TC_loss: 0.025
2026-08-14 16:57:18 [DEBUG]: RCA_loss: 0.005, TC_loss: 0.025
2026-08-14 16:57:18 [DEBUG]: RCA_loss: 0.002, TC_loss: 0.022
2026-08-14 16:57:18 [DEBUG]: RCA_loss: 0.002, TC_loss: 0.022
2026-08-14 16:57:19 [DEBUG]: RCA_loss: 0.011, TC_loss: 0.047
2026-08-14 16:57:19 [DEBUG]: RCA_loss: 0.001, TC_loss: 0.010
2026-08-14 16:57:19 [INFO]: Epoch 22 done. Loss: 0.076
2026-08-14 16:57:19 [DEBUG]: RCA_loss: 0.009, TC_loss: 0.050
2026-08-14 16:57:19 [DEBUG]: RCA_loss: 0.009, TC_loss: 0.040
2026-08-14 16:57:19 [DEBUG]: RCA_loss: 0.019, TC_loss: 0.057
2026-08-14 16:57:19 [DEBUG]: RCA_loss: 0.006, TC_loss: 0.035
2026-08-14 16:57:20 [DEBUG]: RCA_loss: 0.009, TC_loss: 0.051
2026-08-14 16:57:20 [DEBUG]: RCA_loss: 0.005, TC_loss: 0.042
2026-08-14 16:57:20 [DEBUG]: RCA_loss: 0.001, TC_loss: 0.029
2026-08-14 16:57:20 [DEBUG]: RCA_loss: 0.004, TC_loss: 0.022
2026-08-14 16:57:20 [DEBUG]: RCA_loss: 0.017, TC_loss: 0.019
2026-08-14 16:57:20 [DEBUG]: RCA_loss: 0.000, TC_loss: 0.045
2026-08-14 16:57:21 [DEBUG]: RCA_loss: 0.088, TC_loss: 0.052
2026-08-14 16:57:21 [DEBUG]: RCA_loss: 0.008, TC_loss: 0.036
2026-08-14 16:57:21 [DEBUG]: RCA_loss: 0.048, TC_loss: 0.040
2026-08-14 16:57:21 [DEBUG]: RCA_loss: 0.039, TC_loss: 0.064
2026-08-14 16:57:21 [DEBUG]: RCA_loss: 0.001, TC_loss: 0.050
2026-08-14 16:57:21 [DEBUG]: RCA_loss: 0.006, TC_loss: 0.022
2026-08-14 16:57:22 [DEBUG]: RCA_loss: 0.078, TC_loss: 0.043
2026-08-14 16:57:22 [DEBUG]: RCA_loss: 0.015, TC_loss: 0.020
2026-08-14 16:57:22 [DEBUG]: RCA_loss: 0.054, TC_loss: 0.035
2026-08-14 16:57:22 [DEBUG]: RCA_loss: 0.001, TC_loss: 0.026
2026-08-14 16:57:22 [DEBUG]: RCA_loss: 0.002, TC_loss: 0.029
2026-08-14 16:57:22 [DEBUG]: RCA_loss: 0.002, TC_loss: 0.034
2026-08-14 16:57:23 [DEBUG]: RCA_loss: 0.001, TC_loss: 0.044
2026-08-14 16:57:23 [DEBUG]: RCA_loss: 0.002, TC_loss: 0.025
2026-08-14 16:57:23 [DEBUG]: RCA_loss: 0.002, TC_loss: 0.042
2026-08-14 16:57:23 [DEBUG]: RCA_loss: 0.001, TC_loss: 0.018
2026-08-14 16:57:23 [DEBUG]: RCA_loss: 0.002, TC_loss: 0.087
2026-08-14 16:57:23 [DEBUG]: RCA_loss: 0.002, TC_loss: 0.030
2026-08-14 16:57:23 [DEBUG]: RCA_loss: 0.002, TC_loss: 0.018
2026-08-14 16:57:23 [INFO]: Epoch 23 done. Loss: 0.054
2026-08-14 16:57:24 [DEBUG]: RCA_loss: 0.012, TC_loss: 0.047
2026-08-14 16:57:24 [DEBUG]: RCA_loss: 0.002, TC_loss: 0.031
2026-08-14 16:57:24 [DEBUG]: RCA_loss: 0.009, TC_loss: 0.019
2026-08-14 16:57:24 [DEBUG]: RCA_loss: 0.003, TC_loss: 0.016
2026-08-14 16:57:24 [DEBUG]: RCA_loss: 0.007, TC_loss: 0.033
2026-08-14 16:57:24 [DEBUG]: RCA_loss: 0.002, TC_loss: 0.067
2026-08-14 16:57:24 [DEBUG]: RCA_loss: 0.013, TC_loss: 0.021
2026-08-14 16:57:25 [DEBUG]: RCA_loss: 0.001, TC_loss: 0.021
2026-08-14 16:57:25 [DEBUG]: RCA_loss: 0.003, TC_loss: 0.017
2026-08-14 16:57:25 [DEBUG]: RCA_loss: 0.001, TC_loss: 0.021
2026-08-14 16:57:25 [DEBUG]: RCA_loss: 0.033, TC_loss: 0.015
2026-08-14 16:57:25 [DEBUG]: RCA_loss: 0.005, TC_loss: 0.070
2026-08-14 16:57:25 [DEBUG]: RCA_loss: 0.103, TC_loss: 0.031
2026-08-14 16:57:26 [DEBUG]: RCA_loss: 0.009, TC_loss: 0.096
2026-08-14 16:57:26 [DEBUG]: RCA_loss: 0.003, TC_loss: 0.044
2026-08-14 16:57:26 [DEBUG]: RCA_loss: 0.015, TC_loss: 0.022
2026-08-14 16:57:26 [DEBUG]: RCA_loss: 0.036, TC_loss: 0.032
2026-08-14 16:57:26 [DEBUG]: RCA_loss: 0.022, TC_loss: 0.041
2026-08-14 16:57:26 [DEBUG]: RCA_loss: 0.049, TC_loss: 0.029
2026-08-14 16:57:27 [DEBUG]: RCA_loss: 0.000, TC_loss: 0.040
2026-08-14 16:57:27 [DEBUG]: RCA_loss: 0.001, TC_loss: 0.039
2026-08-14 16:57:27 [DEBUG]: RCA_loss: 0.002, TC_loss: 0.034
2026-08-14 16:57:27 [DEBUG]: RCA_loss: 0.000, TC_loss: 0.035
2026-08-14 16:57:28 [DEBUG]: RCA_loss: 0.002, TC_loss: 0.019
2026-08-14 16:57:28 [DEBUG]: RCA_loss: 0.002, TC_loss: 0.017
2026-08-14 16:57:28 [DEBUG]: RCA_loss: 0.001, TC_loss: 0.026
2026-08-14 16:57:28 [DEBUG]: RCA_loss: 0.003, TC_loss: 0.012
2026-08-14 16:57:28 [DEBUG]: RCA_loss: 0.007, TC_loss: 0.038
2026-08-14 16:57:28 [DEBUG]: RCA_loss: 0.002, TC_loss: 0.007
2026-08-14 16:57:28 [INFO]: Epoch 24 done. Loss: 0.045
2026-08-14 16:57:28 [DEBUG]: RCA_loss: 0.004, TC_loss: 0.024
2026-08-14 16:57:29 [DEBUG]: RCA_loss: 0.002, TC_loss: 0.029
2026-08-14 16:57:29 [DEBUG]: RCA_loss: 0.004, TC_loss: 0.025
2026-08-14 16:57:29 [DEBUG]: RCA_loss: 0.002, TC_loss: 0.037
2026-08-14 16:57:29 [DEBUG]: RCA_loss: 0.007, TC_loss: 0.026
2026-08-14 16:57:29 [DEBUG]: RCA_loss: 0.002, TC_loss: 0.048
2026-08-14 16:57:29 [DEBUG]: RCA_loss: 0.026, TC_loss: 0.021
2026-08-14 16:57:30 [DEBUG]: RCA_loss: 0.001, TC_loss: 0.028
2026-08-14 16:57:30 [DEBUG]: RCA_loss: 0.011, TC_loss: 0.010
2026-08-14 16:57:30 [DEBUG]: RCA_loss: 0.001, TC_loss: 0.017
2026-08-14 16:57:30 [DEBUG]: RCA_loss: 0.038, TC_loss: 0.023
2026-08-14 16:57:30 [DEBUG]: RCA_loss: 0.012, TC_loss: 0.024
2026-08-14 16:57:31 [DEBUG]: RCA_loss: 0.021, TC_loss: 0.021
2026-08-14 16:57:31 [DEBUG]: RCA_loss: 0.067, TC_loss: 0.066
2026-08-14 16:57:31 [DEBUG]: RCA_loss: 0.002, TC_loss: 0.057
2026-08-14 16:57:32 [DEBUG]: RCA_loss: 0.017, TC_loss: 0.030
2026-08-14 16:57:32 [DEBUG]: RCA_loss: 0.028, TC_loss: 0.036
2026-08-14 16:57:32 [DEBUG]: RCA_loss: 0.022, TC_loss: 0.012
2026-08-14 16:57:32 [DEBUG]: RCA_loss: 0.028, TC_loss: 0.017
2026-08-14 16:57:32 [DEBUG]: RCA_loss: 0.000, TC_loss: 0.023
2026-08-14 16:57:33 [DEBUG]: RCA_loss: 0.001, TC_loss: 0.068
2026-08-14 16:57:33 [DEBUG]: RCA_loss: 0.001, TC_loss: 0.035
2026-08-14 16:57:33 [DEBUG]: RCA_loss: 0.001, TC_loss: 0.030
2026-08-14 16:57:33 [DEBUG]: RCA_loss: 0.020, TC_loss: 0.013
2026-08-14 16:57:34 [DEBUG]: RCA_loss: 0.006, TC_loss: 0.016
2026-08-14 16:57:34 [DEBUG]: RCA_loss: 0.001, TC_loss: 0.014
2026-08-14 16:57:34 [DEBUG]: RCA_loss: 0.006, TC_loss: 0.014
2026-08-14 16:57:34 [DEBUG]: RCA_loss: 0.000, TC_loss: 0.037
2026-08-14 16:57:34 [DEBUG]: RCA_loss: 0.001, TC_loss: 0.008
2026-08-14 16:57:34 [INFO]: Epoch 25 done. Loss: 0.040
2026-08-14 16:57:35 [DEBUG]: RCA_loss: 0.004, TC_loss: 0.016
2026-08-14 16:57:35 [DEBUG]: RCA_loss: 0.000, TC_loss: 0.027
2026-08-14 16:57:35 [DEBUG]: RCA_loss: 0.000, TC_loss: 0.018
2026-08-14 16:57:35 [DEBUG]: RCA_loss: 0.001, TC_loss: 0.024
2026-08-14 16:57:35 [DEBUG]: RCA_loss: 0.001, TC_loss: 0.033
2026-08-14 16:57:36 [DEBUG]: RCA_loss: 0.001, TC_loss: 0.025
2026-08-14 16:57:36 [DEBUG]: RCA_loss: 0.001, TC_loss: 0.022
2026-08-14 16:57:36 [DEBUG]: RCA_loss: 0.002, TC_loss: 0.015
2026-08-14 16:57:36 [DEBUG]: RCA_loss: 0.006, TC_loss: 0.015
2026-08-14 16:57:36 [DEBUG]: RCA_loss: 0.000, TC_loss: 0.015
2026-08-14 16:57:37 [DEBUG]: RCA_loss: 0.016, TC_loss: 0.015
2026-08-14 16:57:37 [DEBUG]: RCA_loss: 0.001, TC_loss: 0.024
2026-08-14 16:57:37 [DEBUG]: RCA_loss: 0.022, TC_loss: 0.030
2026-08-14 16:57:37 [DEBUG]: RCA_loss: 0.028, TC_loss: 0.039
2026-08-14 16:57:37 [DEBUG]: RCA_loss: 0.001, TC_loss: 0.052
2026-08-14 16:57:38 [DEBUG]: RCA_loss: 0.003, TC_loss: 0.021
2026-08-14 16:57:38 [DEBUG]: RCA_loss: 0.162, TC_loss: 0.068
2026-08-14 16:57:38 [DEBUG]: RCA_loss: 0.032, TC_loss: 0.032
2026-08-14 16:57:38 [DEBUG]: RCA_loss: 0.027, TC_loss: 0.019
2026-08-14 16:57:38 [DEBUG]: RCA_loss: 0.001, TC_loss: 0.029
2026-08-14 16:57:38 [DEBUG]: RCA_loss: 0.001, TC_loss: 0.031
2026-08-14 16:57:39 [DEBUG]: RCA_loss: 0.001, TC_loss: 0.024
2026-08-14 16:57:39 [DEBUG]: RCA_loss: 0.000, TC_loss: 0.029
2026-08-14 16:57:39 [DEBUG]: RCA_loss: 0.012, TC_loss: 0.011
2026-08-14 16:57:40 [DEBUG]: RCA_loss: 0.000, TC_loss: 0.023
2026-08-14 16:57:40 [DEBUG]: RCA_loss: 0.000, TC_loss: 0.022
2026-08-14 16:57:40 [DEBUG]: RCA_loss: 0.000, TC_loss: 0.016
2026-08-14 16:57:40 [DEBUG]: RCA_loss: 0.006, TC_loss: 0.019
2026-08-14 16:57:40 [DEBUG]: RCA_loss: 0.002, TC_loss: 0.008
2026-08-14 16:57:40 [INFO]: Epoch 26 done. Loss: 0.037
2026-08-14 16:57:41 [DEBUG]: RCA_loss: 0.006, TC_loss: 0.023
2026-08-14 16:57:41 [DEBUG]: RCA_loss: 0.001, TC_loss: 0.037
2026-08-14 16:57:41 [DEBUG]: RCA_loss: 0.002, TC_loss: 0.010
2026-08-14 16:57:42 [DEBUG]: RCA_loss: 0.001, TC_loss: 0.011
2026-08-14 16:57:42 [DEBUG]: RCA_loss: 0.001, TC_loss: 0.016
2026-08-14 16:57:42 [DEBUG]: RCA_loss: 0.001, TC_loss: 0.026
2026-08-14 16:57:42 [DEBUG]: RCA_loss: 0.060, TC_loss: 0.015
2026-08-14 16:57:42 [DEBUG]: RCA_loss: 0.001, TC_loss: 0.013
2026-08-14 16:57:43 [DEBUG]: RCA_loss: 0.003, TC_loss: 0.012
2026-08-14 16:57:43 [DEBUG]: RCA_loss: 0.001, TC_loss: 0.011
2026-08-14 16:57:43 [DEBUG]: RCA_loss: 0.050, TC_loss: 0.012
2026-08-14 16:57:44 [DEBUG]: RCA_loss: 0.002, TC_loss: 0.023
2026-08-14 16:57:44 [DEBUG]: RCA_loss: 0.028, TC_loss: 0.019
2026-08-14 16:57:44 [DEBUG]: RCA_loss: 0.133, TC_loss: 0.099
2026-08-14 16:57:45 [DEBUG]: RCA_loss: 0.003, TC_loss: 0.024
2026-08-14 16:57:45 [DEBUG]: RCA_loss: 0.022, TC_loss: 0.024
2026-08-14 16:57:45 [DEBUG]: RCA_loss: 0.030, TC_loss: 0.018
2026-08-14 16:57:45 [DEBUG]: RCA_loss: 0.016, TC_loss: 0.023
2026-08-14 16:57:46 [DEBUG]: RCA_loss: 0.066, TC_loss: 0.025
2026-08-14 16:57:46 [DEBUG]: RCA_loss: 0.001, TC_loss: 0.068
2026-08-14 16:57:46 [DEBUG]: RCA_loss: 0.001, TC_loss: 0.014
2026-08-14 16:57:46 [DEBUG]: RCA_loss: 0.001, TC_loss: 0.028
2026-08-14 16:57:47 [DEBUG]: RCA_loss: 0.000, TC_loss: 0.026
2026-08-14 16:57:47 [DEBUG]: RCA_loss: 0.006, TC_loss: 0.014
2026-08-14 16:57:47 [DEBUG]: RCA_loss: 0.005, TC_loss: 0.039
2026-08-14 16:57:48 [DEBUG]: RCA_loss: 0.000, TC_loss: 0.026
2026-08-14 16:57:48 [DEBUG]: RCA_loss: 0.003, TC_loss: 0.049
2026-08-14 16:57:48 [DEBUG]: RCA_loss: 0.004, TC_loss: 0.021
2026-08-14 16:57:48 [DEBUG]: RCA_loss: 0.000, TC_loss: 0.006
2026-08-14 16:57:48 [INFO]: Epoch 27 done. Loss: 0.042
2026-08-14 16:57:48 [DEBUG]: RCA_loss: 0.016, TC_loss: 0.040
2026-08-14 16:57:49 [DEBUG]: RCA_loss: 0.006, TC_loss: 0.035
2026-08-14 16:57:49 [DEBUG]: RCA_loss: 0.002, TC_loss: 0.028
2026-08-14 16:57:49 [DEBUG]: RCA_loss: 0.005, TC_loss: 0.015
2026-08-14 16:57:49 [DEBUG]: RCA_loss: 0.001, TC_loss: 0.036
2026-08-14 16:57:49 [DEBUG]: RCA_loss: 0.002, TC_loss: 0.029
2026-08-14 16:57:49 [DEBUG]: RCA_loss: 0.001, TC_loss: 0.010
2026-08-14 16:57:50 [DEBUG]: RCA_loss: 0.002, TC_loss: 0.015
2026-08-14 16:57:50 [DEBUG]: RCA_loss: 0.002, TC_loss: 0.010
2026-08-14 16:57:50 [DEBUG]: RCA_loss: 0.001, TC_loss: 0.026
2026-08-14 16:57:50 [DEBUG]: RCA_loss: 0.045, TC_loss: 0.013
2026-08-14 16:57:50 [DEBUG]: RCA_loss: 0.002, TC_loss: 0.043
2026-08-14 16:57:50 [DEBUG]: RCA_loss: 0.033, TC_loss: 0.022
2026-08-14 16:57:51 [DEBUG]: RCA_loss: 0.031, TC_loss: 0.076
2026-08-14 16:57:51 [DEBUG]: RCA_loss: 0.000, TC_loss: 0.034
2026-08-14 16:57:51 [DEBUG]: RCA_loss: 0.044, TC_loss: 0.030
2026-08-14 16:57:51 [DEBUG]: RCA_loss: 0.152, TC_loss: 0.017
2026-08-14 16:57:51 [DEBUG]: RCA_loss: 0.018, TC_loss: 0.021
2026-08-14 16:57:51 [DEBUG]: RCA_loss: 0.030, TC_loss: 0.028
2026-08-14 16:57:51 [DEBUG]: RCA_loss: 0.001, TC_loss: 0.014
2026-08-14 16:57:52 [DEBUG]: RCA_loss: 0.000, TC_loss: 0.068
2026-08-14 16:57:52 [DEBUG]: RCA_loss: 0.001, TC_loss: 0.028
2026-08-14 16:57:52 [DEBUG]: RCA_loss: 0.001, TC_loss: 0.013
2026-08-14 16:57:52 [DEBUG]: RCA_loss: 0.004, TC_loss: 0.017
2026-08-14 16:57:52 [DEBUG]: RCA_loss: 0.002, TC_loss: 0.017
2026-08-14 16:57:52 [DEBUG]: RCA_loss: 0.001, TC_loss: 0.016
2026-08-14 16:57:52 [DEBUG]: RCA_loss: 0.001, TC_loss: 0.012
2026-08-14 16:57:52 [DEBUG]: RCA_loss: 0.002, TC_loss: 0.015
2026-08-14 16:57:53 [DEBUG]: RCA_loss: 0.003, TC_loss: 0.071
2026-08-14 16:57:53 [INFO]: Epoch 28 done. Loss: 0.041
2026-08-14 16:57:53 [DEBUG]: RCA_loss: 0.005, TC_loss: 0.105
2026-08-14 16:57:53 [DEBUG]: RCA_loss: 0.002, TC_loss: 0.018
2026-08-14 16:57:53 [DEBUG]: RCA_loss: 0.001, TC_loss: 0.011
2026-08-14 16:57:53 [DEBUG]: RCA_loss: 0.003, TC_loss: 0.018
2026-08-14 16:57:53 [DEBUG]: RCA_loss: 0.002, TC_loss: 0.018
2026-08-14 16:57:53 [DEBUG]: RCA_loss: 0.001, TC_loss: 0.034
2026-08-14 16:57:53 [DEBUG]: RCA_loss: 0.004, TC_loss: 0.027
2026-08-14 16:57:54 [DEBUG]: RCA_loss: 0.001, TC_loss: 0.012
2026-08-14 16:57:54 [DEBUG]: RCA_loss: 0.004, TC_loss: 0.022
2026-08-14 16:57:54 [DEBUG]: RCA_loss: 0.001, TC_loss: 0.014
2026-08-14 16:57:54 [DEBUG]: RCA_loss: 0.028, TC_loss: 0.029
2026-08-14 16:57:54 [DEBUG]: RCA_loss: 0.008, TC_loss: 0.017
2026-08-14 16:57:54 [DEBUG]: RCA_loss: 0.022, TC_loss: 0.017
2026-08-14 16:57:54 [DEBUG]: RCA_loss: 0.012, TC_loss: 0.040
2026-08-14 16:57:55 [DEBUG]: RCA_loss: 0.002, TC_loss: 0.068
2026-08-14 16:57:55 [DEBUG]: RCA_loss: 0.014, TC_loss: 0.021
2026-08-14 16:57:55 [DEBUG]: RCA_loss: 0.157, TC_loss: 0.024
2026-08-14 16:57:55 [DEBUG]: RCA_loss: 0.010, TC_loss: 0.009
2026-08-14 16:57:55 [DEBUG]: RCA_loss: 0.016, TC_loss: 0.019
2026-08-14 16:57:55 [DEBUG]: RCA_loss: 0.000, TC_loss: 0.016
2026-08-14 16:57:55 [DEBUG]: RCA_loss: 0.001, TC_loss: 0.028
2026-08-14 16:57:55 [DEBUG]: RCA_loss: 0.008, TC_loss: 0.019
2026-08-14 16:57:55 [DEBUG]: RCA_loss: 0.000, TC_loss: 0.016
2026-08-14 16:57:56 [DEBUG]: RCA_loss: 0.002, TC_loss: 0.010
2026-08-14 16:57:56 [DEBUG]: RCA_loss: 0.001, TC_loss: 0.013
2026-08-14 16:57:56 [DEBUG]: RCA_loss: 0.001, TC_loss: 0.010
2026-08-14 16:57:56 [DEBUG]: RCA_loss: 0.001, TC_loss: 0.010
2026-08-14 16:57:56 [DEBUG]: RCA_loss: 0.002, TC_loss: 0.029
2026-08-14 16:57:56 [DEBUG]: RCA_loss: 0.000, TC_loss: 0.005
2026-08-14 16:57:56 [INFO]: Epoch 29 done. Loss: 0.035
2026-08-14 16:57:56 [DEBUG]: RCA_loss: 0.001, TC_loss: 0.016
2026-08-14 16:57:56 [DEBUG]: RCA_loss: 0.003, TC_loss: 0.030
2026-08-14 16:57:56 [DEBUG]: RCA_loss: 0.001, TC_loss: 0.014
2026-08-14 16:57:57 [DEBUG]: RCA_loss: 0.001, TC_loss: 0.025
2026-08-14 16:57:57 [DEBUG]: RCA_loss: 0.000, TC_loss: 0.023
2026-08-14 16:57:57 [DEBUG]: RCA_loss: 0.001, TC_loss: 0.026
2026-08-14 16:57:57 [DEBUG]: RCA_loss: 0.002, TC_loss: 0.020
2026-08-14 16:57:57 [DEBUG]: RCA_loss: 0.001, TC_loss: 0.026
2026-08-14 16:57:57 [DEBUG]: RCA_loss: 0.001, TC_loss: 0.006
2026-08-14 16:57:57 [DEBUG]: RCA_loss: 0.000, TC_loss: 0.009
2026-08-14 16:57:58 [DEBUG]: RCA_loss: 0.029, TC_loss: 0.013
2026-08-14 16:57:58 [DEBUG]: RCA_loss: 0.025, TC_loss: 0.025
2026-08-14 16:57:58 [DEBUG]: RCA_loss: 0.012, TC_loss: 0.026
2026-08-14 16:57:58 [DEBUG]: RCA_loss: 0.017, TC_loss: 0.023
2026-08-14 16:57:58 [DEBUG]: RCA_loss: 0.001, TC_loss: 0.010
2026-08-14 16:57:58 [DEBUG]: RCA_loss: 0.013, TC_loss: 0.020
2026-08-14 16:57:58 [DEBUG]: RCA_loss: 0.129, TC_loss: 0.038
2026-08-14 16:57:58 [DEBUG]: RCA_loss: 0.042, TC_loss: 0.010
2026-08-14 16:57:59 [DEBUG]: RCA_loss: 0.011, TC_loss: 0.014
2026-08-14 16:57:59 [DEBUG]: RCA_loss: 0.000, TC_loss: 0.036
2026-08-14 16:57:59 [DEBUG]: RCA_loss: 0.000, TC_loss: 0.020
2026-08-14 16:57:59 [DEBUG]: RCA_loss: 0.001, TC_loss: 0.016
2026-08-14 16:57:59 [DEBUG]: RCA_loss: 0.000, TC_loss: 0.024
2026-08-14 16:57:59 [DEBUG]: RCA_loss: 0.002, TC_loss: 0.014
2026-08-14 16:57:59 [DEBUG]: RCA_loss: 0.001, TC_loss: 0.013
2026-08-14 16:58:00 [DEBUG]: RCA_loss: 0.001, TC_loss: 0.011
2026-08-14 16:58:00 [DEBUG]: RCA_loss: 0.003, TC_loss: 0.010
2026-08-14 16:58:00 [DEBUG]: RCA_loss: 0.003, TC_loss: 0.013
2026-08-14 16:58:00 [DEBUG]: RCA_loss: 0.002, TC_loss: 0.004
2026-08-14 16:58:00 [INFO]: Epoch 30 done. Loss: 0.030
2026-08-14 16:58:00 [DEBUG]: RCA_loss: 0.002, TC_loss: 0.024
2026-08-14 16:58:00 [DEBUG]: RCA_loss: 0.001, TC_loss: 0.024
2026-08-14 16:58:00 [DEBUG]: RCA_loss: 0.002, TC_loss: 0.010
2026-08-14 16:58:00 [DEBUG]: RCA_loss: 0.003, TC_loss: 0.036
2026-08-14 16:58:01 [DEBUG]: RCA_loss: 0.003, TC_loss: 0.025
2026-08-14 16:58:01 [DEBUG]: RCA_loss: 0.001, TC_loss: 0.024
2026-08-14 16:58:01 [DEBUG]: RCA_loss: 0.002, TC_loss: 0.008
2026-08-14 16:58:01 [DEBUG]: RCA_loss: 0.001, TC_loss: 0.024
2026-08-14 16:58:01 [DEBUG]: RCA_loss: 0.022, TC_loss: 0.006
2026-08-14 16:58:01 [DEBUG]: RCA_loss: 0.001, TC_loss: 0.013
2026-08-14 16:58:01 [DEBUG]: RCA_loss: 0.064, TC_loss: 0.010
2026-08-14 16:58:01 [DEBUG]: RCA_loss: 0.018, TC_loss: 0.009
2026-08-14 16:58:01 [DEBUG]: RCA_loss: 0.015, TC_loss: 0.016
2026-08-14 16:58:02 [DEBUG]: RCA_loss: 0.027, TC_loss: 0.022
2026-08-14 16:58:02 [DEBUG]: RCA_loss: 0.000, TC_loss: 0.019
2026-08-14 16:58:02 [DEBUG]: RCA_loss: 0.069, TC_loss: 0.023
2026-08-14 16:58:02 [DEBUG]: RCA_loss: 0.116, TC_loss: 0.030
2026-08-14 16:58:02 [DEBUG]: RCA_loss: 0.026, TC_loss: 0.017
2026-08-14 16:58:02 [DEBUG]: RCA_loss: 0.015, TC_loss: 0.030
2026-08-14 16:58:02 [DEBUG]: RCA_loss: 0.000, TC_loss: 0.014
2026-08-14 16:58:02 [DEBUG]: RCA_loss: 0.001, TC_loss: 0.012
2026-08-14 16:58:03 [DEBUG]: RCA_loss: 0.001, TC_loss: 0.038
2026-08-14 16:58:03 [DEBUG]: RCA_loss: 0.000, TC_loss: 0.010
2026-08-14 16:58:03 [DEBUG]: RCA_loss: 0.001, TC_loss: 0.010
2026-08-14 16:58:03 [DEBUG]: RCA_loss: 0.001, TC_loss: 0.015
2026-08-14 16:58:03 [DEBUG]: RCA_loss: 0.000, TC_loss: 0.008
2026-08-14 16:58:03 [DEBUG]: RCA_loss: 0.003, TC_loss: 0.007
2026-08-14 16:58:03 [DEBUG]: RCA_loss: 0.009, TC_loss: 0.021
2026-08-14 16:58:03 [DEBUG]: RCA_loss: 0.001, TC_loss: 0.004
2026-08-14 16:58:03 [INFO]: Epoch 31 done. Loss: 0.032
2026-08-14 16:58:03 [DEBUG]: RCA_loss: 0.001, TC_loss: 0.022
2026-08-14 16:58:03 [DEBUG]: RCA_loss: 0.001, TC_loss: 0.015
2026-08-14 16:58:04 [DEBUG]: RCA_loss: 0.001, TC_loss: 0.051
2026-08-14 16:58:04 [DEBUG]: RCA_loss: 0.001, TC_loss: 0.046
2026-08-14 16:58:04 [DEBUG]: RCA_loss: 0.002, TC_loss: 0.023
2026-08-14 16:58:04 [DEBUG]: RCA_loss: 0.001, TC_loss: 0.034
2026-08-14 16:58:04 [DEBUG]: RCA_loss: 0.001, TC_loss: 0.009
2026-08-14 16:58:04 [DEBUG]: RCA_loss: 0.002, TC_loss: 0.013
2026-08-14 16:58:04 [DEBUG]: RCA_loss: 0.001, TC_loss: 0.013
2026-08-14 16:58:04 [DEBUG]: RCA_loss: 0.000, TC_loss: 0.008
2026-08-14 16:58:04 [DEBUG]: RCA_loss: 0.008, TC_loss: 0.014
2026-08-14 16:58:04 [DEBUG]: RCA_loss: 0.016, TC_loss: 0.018
2026-08-14 16:58:04 [DEBUG]: RCA_loss: 0.036, TC_loss: 0.015
2026-08-14 16:58:05 [DEBUG]: RCA_loss: 0.043, TC_loss: 0.090
2026-08-14 16:58:05 [DEBUG]: RCA_loss: 0.000, TC_loss: 0.022
2026-08-14 16:58:05 [DEBUG]: RCA_loss: 0.022, TC_loss: 0.016
2026-08-14 16:58:05 [DEBUG]: RCA_loss: 0.089, TC_loss: 0.018
2026-08-14 16:58:05 [DEBUG]: RCA_loss: 0.049, TC_loss: 0.014
2026-08-14 16:58:05 [DEBUG]: RCA_loss: 0.024, TC_loss: 0.008
2026-08-14 16:58:05 [DEBUG]: RCA_loss: 0.000, TC_loss: 0.018
2026-08-14 16:58:05 [DEBUG]: RCA_loss: 0.001, TC_loss: 0.038
2026-08-14 16:58:06 [DEBUG]: RCA_loss: 0.000, TC_loss: 0.017
2026-08-14 16:58:06 [DEBUG]: RCA_loss: 0.001, TC_loss: 0.014
2026-08-14 16:58:06 [DEBUG]: RCA_loss: 0.004, TC_loss: 0.011
2026-08-14 16:58:06 [DEBUG]: RCA_loss: 0.001, TC_loss: 0.010
2026-08-14 16:58:06 [DEBUG]: RCA_loss: 0.001, TC_loss: 0.011
2026-08-14 16:58:06 [DEBUG]: RCA_loss: 0.000, TC_loss: 0.030
2026-08-14 16:58:06 [DEBUG]: RCA_loss: 0.006, TC_loss: 0.027
2026-08-14 16:58:06 [DEBUG]: RCA_loss: 0.000, TC_loss: 0.003
2026-08-14 16:58:06 [INFO]: Epoch 32 done. Loss: 0.033
2026-08-14 16:58:06 [DEBUG]: RCA_loss: 0.001, TC_loss: 0.014
2026-08-14 16:58:07 [DEBUG]: RCA_loss: 0.002, TC_loss: 0.026
2026-08-14 16:58:07 [DEBUG]: RCA_loss: 0.002, TC_loss: 0.027
2026-08-14 16:58:07 [DEBUG]: RCA_loss: 0.001, TC_loss: 0.006
2026-08-14 16:58:07 [DEBUG]: RCA_loss: 0.001, TC_loss: 0.015
2026-08-14 16:58:07 [DEBUG]: RCA_loss: 0.001, TC_loss: 0.015
2026-08-14 16:58:07 [DEBUG]: RCA_loss: 0.001, TC_loss: 0.010
2026-08-14 16:58:07 [DEBUG]: RCA_loss: 0.002, TC_loss: 0.031
2026-08-14 16:58:07 [DEBUG]: RCA_loss: 0.009, TC_loss: 0.006
2026-08-14 16:58:08 [DEBUG]: RCA_loss: 0.000, TC_loss: 0.008
2026-08-14 16:58:08 [DEBUG]: RCA_loss: 0.010, TC_loss: 0.016
2026-08-14 16:58:08 [DEBUG]: RCA_loss: 0.014, TC_loss: 0.018
2026-08-14 16:58:08 [DEBUG]: RCA_loss: 0.020, TC_loss: 0.010
2026-08-14 16:58:08 [DEBUG]: RCA_loss: 0.019, TC_loss: 0.026
2026-08-14 16:58:08 [DEBUG]: RCA_loss: 0.002, TC_loss: 0.010
2026-08-14 16:58:08 [DEBUG]: RCA_loss: 0.015, TC_loss: 0.017
2026-08-14 16:58:08 [DEBUG]: RCA_loss: 0.110, TC_loss: 0.049
2026-08-14 16:58:08 [DEBUG]: RCA_loss: 0.039, TC_loss: 0.025
2026-08-14 16:58:09 [DEBUG]: RCA_loss: 0.030, TC_loss: 0.008
2026-08-14 16:58:09 [DEBUG]: RCA_loss: 0.000, TC_loss: 0.044
2026-08-14 16:58:09 [DEBUG]: RCA_loss: 0.001, TC_loss: 0.012
2026-08-14 16:58:09 [DEBUG]: RCA_loss: 0.000, TC_loss: 0.011
2026-08-14 16:58:09 [DEBUG]: RCA_loss: 0.002, TC_loss: 0.033
2026-08-14 16:58:09 [DEBUG]: RCA_loss: 0.002, TC_loss: 0.009
2026-08-14 16:58:09 [DEBUG]: RCA_loss: 0.001, TC_loss: 0.011
2026-08-14 16:58:09 [DEBUG]: RCA_loss: 0.001, TC_loss: 0.011
2026-08-14 16:58:10 [DEBUG]: RCA_loss: 0.003, TC_loss: 0.010
2026-08-14 16:58:10 [DEBUG]: RCA_loss: 0.002, TC_loss: 0.023
2026-08-14 16:58:10 [DEBUG]: RCA_loss: 0.001, TC_loss: 0.003
2026-08-14 16:58:10 [INFO]: Epoch 33 done. Loss: 0.028
2026-08-14 16:58:10 [DEBUG]: RCA_loss: 0.001, TC_loss: 0.019
2026-08-14 16:58:10 [DEBUG]: RCA_loss: 0.003, TC_loss: 0.060
2026-08-14 16:58:10 [DEBUG]: RCA_loss: 0.021, TC_loss: 0.007
2026-08-14 16:58:10 [DEBUG]: RCA_loss: 0.001, TC_loss: 0.016
2026-08-14 16:58:10 [DEBUG]: RCA_loss: 0.004, TC_loss: 0.014
2026-08-14 16:58:10 [DEBUG]: RCA_loss: 0.003, TC_loss: 0.025
2026-08-14 16:58:11 [DEBUG]: RCA_loss: 0.003, TC_loss: 0.010
2026-08-14 16:58:11 [DEBUG]: RCA_loss: 0.002, TC_loss: 0.011
2026-08-14 16:58:11 [DEBUG]: RCA_loss: 0.003, TC_loss: 0.008
2026-08-14 16:58:11 [DEBUG]: RCA_loss: 0.001, TC_loss: 0.009
2026-08-14 16:58:11 [DEBUG]: RCA_loss: 0.028, TC_loss: 0.009
2026-08-14 16:58:11 [DEBUG]: RCA_loss: 0.005, TC_loss: 0.015
2026-08-14 16:58:11 [DEBUG]: RCA_loss: 0.028, TC_loss: 0.005
2026-08-14 16:58:11 [DEBUG]: RCA_loss: 0.059, TC_loss: 0.037
2026-08-14 16:58:11 [DEBUG]: RCA_loss: 0.000, TC_loss: 0.010
2026-08-14 16:58:12 [DEBUG]: RCA_loss: 0.010, TC_loss: 0.017
2026-08-14 16:58:12 [DEBUG]: RCA_loss: 0.005, TC_loss: 0.034
2026-08-14 16:58:12 [DEBUG]: RCA_loss: 0.019, TC_loss: 0.009
2026-08-14 16:58:12 [DEBUG]: RCA_loss: 0.024, TC_loss: 0.012
2026-08-14 16:58:12 [DEBUG]: RCA_loss: 0.000, TC_loss: 0.016
2026-08-14 16:58:12 [DEBUG]: RCA_loss: 0.000, TC_loss: 0.006
2026-08-14 16:58:12 [DEBUG]: RCA_loss: 0.003, TC_loss: 0.019
2026-08-14 16:58:12 [DEBUG]: RCA_loss: 0.001, TC_loss: 0.020
2026-08-14 16:58:12 [DEBUG]: RCA_loss: 0.004, TC_loss: 0.006
2026-08-14 16:58:13 [DEBUG]: RCA_loss: 0.001, TC_loss: 0.009
2026-08-14 16:58:13 [DEBUG]: RCA_loss: 0.001, TC_loss: 0.024
2026-08-14 16:58:13 [DEBUG]: RCA_loss: 0.001, TC_loss: 0.010
2026-08-14 16:58:13 [DEBUG]: RCA_loss: 0.004, TC_loss: 0.015
2026-08-14 16:58:13 [DEBUG]: RCA_loss: 0.006, TC_loss: 0.006
2026-08-14 16:58:13 [INFO]: Epoch 34 done. Loss: 0.024
2026-08-14 16:58:13 [DEBUG]: RCA_loss: 0.000, TC_loss: 0.071
2026-08-14 16:58:13 [DEBUG]: RCA_loss: 0.001, TC_loss: 0.013
2026-08-14 16:58:13 [DEBUG]: RCA_loss: 0.001, TC_loss: 0.005
2026-08-14 16:58:14 [DEBUG]: RCA_loss: 0.001, TC_loss: 0.011
2026-08-14 16:58:14 [DEBUG]: RCA_loss: 0.002, TC_loss: 0.020
2026-08-14 16:58:14 [DEBUG]: RCA_loss: 0.006, TC_loss: 0.006
2026-08-14 16:58:14 [DEBUG]: RCA_loss: 0.002, TC_loss: 0.010
2026-08-14 16:58:14 [DEBUG]: RCA_loss: 0.002, TC_loss: 0.010
2026-08-14 16:58:14 [DEBUG]: RCA_loss: 0.001, TC_loss: 0.004
2026-08-14 16:58:14 [DEBUG]: RCA_loss: 0.000, TC_loss: 0.010
2026-08-14 16:58:14 [DEBUG]: RCA_loss: 0.051, TC_loss: 0.007
2026-08-14 16:58:14 [DEBUG]: RCA_loss: 0.004, TC_loss: 0.013
2026-08-14 16:58:15 [DEBUG]: RCA_loss: 0.014, TC_loss: 0.005
2026-08-14 16:58:15 [DEBUG]: RCA_loss: 0.015, TC_loss: 0.035
2026-08-14 16:58:15 [DEBUG]: RCA_loss: 0.000, TC_loss: 0.024
2026-08-14 16:58:15 [DEBUG]: RCA_loss: 0.063, TC_loss: 0.009
2026-08-14 16:58:15 [DEBUG]: RCA_loss: 0.017, TC_loss: 0.014
2026-08-14 16:58:15 [DEBUG]: RCA_loss: 0.020, TC_loss: 0.012
2026-08-14 16:58:15 [DEBUG]: RCA_loss: 0.029, TC_loss: 0.014
2026-08-14 16:58:15 [DEBUG]: RCA_loss: 0.000, TC_loss: 0.009
2026-08-14 16:58:16 [DEBUG]: RCA_loss: 0.000, TC_loss: 0.039
2026-08-14 16:58:16 [DEBUG]: RCA_loss: 0.003, TC_loss: 0.011
2026-08-14 16:58:16 [DEBUG]: RCA_loss: 0.000, TC_loss: 0.019
2026-08-14 16:58:16 [DEBUG]: RCA_loss: 0.006, TC_loss: 0.006
2026-08-14 16:58:16 [DEBUG]: RCA_loss: 0.001, TC_loss: 0.041
2026-08-14 16:58:16 [DEBUG]: RCA_loss: 0.000, TC_loss: 0.009
2026-08-14 16:58:16 [DEBUG]: RCA_loss: 0.000, TC_loss: 0.004
2026-08-14 16:58:16 [DEBUG]: RCA_loss: 0.001, TC_loss: 0.012
2026-08-14 16:58:16 [DEBUG]: RCA_loss: 0.001, TC_loss: 0.005
2026-08-14 16:58:16 [INFO]: Epoch 35 done. Loss: 0.024
2026-08-14 16:58:17 [DEBUG]: RCA_loss: 0.000, TC_loss: 0.012
2026-08-14 16:58:17 [DEBUG]: RCA_loss: 0.000, TC_loss: 0.009
2026-08-14 16:58:17 [DEBUG]: RCA_loss: 0.001, TC_loss: 0.009
2026-08-14 16:58:17 [DEBUG]: RCA_loss: 0.001, TC_loss: 0.023
2026-08-14 16:58:17 [DEBUG]: RCA_loss: 0.001, TC_loss: 0.034
2026-08-14 16:58:17 [DEBUG]: RCA_loss: 0.004, TC_loss: 0.018
2026-08-14 16:58:17 [DEBUG]: RCA_loss: 0.006, TC_loss: 0.007
2026-08-14 16:58:17 [DEBUG]: RCA_loss: 0.000, TC_loss: 0.030
2026-08-14 16:58:17 [DEBUG]: RCA_loss: 0.001, TC_loss: 0.007
2026-08-14 16:58:18 [DEBUG]: RCA_loss: 0.000, TC_loss: 0.005
2026-08-14 16:58:18 [DEBUG]: RCA_loss: 0.018, TC_loss: 0.005
2026-08-14 16:58:18 [DEBUG]: RCA_loss: 0.002, TC_loss: 0.017
2026-08-14 16:58:18 [DEBUG]: RCA_loss: 0.018, TC_loss: 0.009
2026-08-14 16:58:18 [DEBUG]: RCA_loss: 0.016, TC_loss: 0.024
2026-08-14 16:58:18 [DEBUG]: RCA_loss: 0.001, TC_loss: 0.034
2026-08-14 16:58:18 [DEBUG]: RCA_loss: 0.021, TC_loss: 0.009
2026-08-14 16:58:18 [DEBUG]: RCA_loss: 0.085, TC_loss: 0.013
2026-08-14 16:58:18 [DEBUG]: RCA_loss: 0.013, TC_loss: 0.012
2026-08-14 16:58:18 [DEBUG]: RCA_loss: 0.091, TC_loss: 0.020
2026-08-14 16:58:19 [DEBUG]: RCA_loss: 0.000, TC_loss: 0.032
2026-08-14 16:58:19 [DEBUG]: RCA_loss: 0.001, TC_loss: 0.007
2026-08-14 16:58:19 [DEBUG]: RCA_loss: 0.001, TC_loss: 0.027
2026-08-14 16:58:19 [DEBUG]: RCA_loss: 0.005, TC_loss: 0.015
2026-08-14 16:58:19 [DEBUG]: RCA_loss: 0.019, TC_loss: 0.007
2026-08-14 16:58:19 [DEBUG]: RCA_loss: 0.010, TC_loss: 0.010
2026-08-14 16:58:19 [DEBUG]: RCA_loss: 0.000, TC_loss: 0.006
2026-08-14 16:58:19 [DEBUG]: RCA_loss: 0.004, TC_loss: 0.005
2026-08-14 16:58:19 [DEBUG]: RCA_loss: 0.009, TC_loss: 0.015
2026-08-14 16:58:20 [DEBUG]: RCA_loss: 0.005, TC_loss: 0.004
2026-08-14 16:58:20 [INFO]: Epoch 36 done. Loss: 0.027
2026-08-14 16:58:20 [DEBUG]: RCA_loss: 0.001, TC_loss: 0.024
2026-08-14 16:58:20 [DEBUG]: RCA_loss: 0.001, TC_loss: 0.046
2026-08-14 16:58:20 [DEBUG]: RCA_loss: 0.001, TC_loss: 0.014
2026-08-14 16:58:20 [DEBUG]: RCA_loss: 0.000, TC_loss: 0.007
2026-08-14 16:58:20 [DEBUG]: RCA_loss: 0.005, TC_loss: 0.019
2026-08-14 16:58:20 [DEBUG]: RCA_loss: 0.001, TC_loss: 0.007
2026-08-14 16:58:20 [DEBUG]: RCA_loss: 0.000, TC_loss: 0.007
2026-08-14 16:58:20 [DEBUG]: RCA_loss: 0.000, TC_loss: 0.007
2026-08-14 16:58:20 [DEBUG]: RCA_loss: 0.002, TC_loss: 0.003
2026-08-14 16:58:20 [DEBUG]: RCA_loss: 0.000, TC_loss: 0.015
2026-08-14 16:58:21 [DEBUG]: RCA_loss: 0.025, TC_loss: 0.007
2026-08-14 16:58:21 [DEBUG]: RCA_loss: 0.001, TC_loss: 0.015
2026-08-14 16:58:21 [DEBUG]: RCA_loss: 0.027, TC_loss: 0.009
2026-08-14 16:58:21 [DEBUG]: RCA_loss: 0.027, TC_loss: 0.020
2026-08-14 16:58:21 [DEBUG]: RCA_loss: 0.000, TC_loss: 0.015
2026-08-14 16:58:21 [DEBUG]: RCA_loss: 0.018, TC_loss: 0.020
2026-08-14 16:58:21 [DEBUG]: RCA_loss: 0.022, TC_loss: 0.036
2026-08-14 16:58:21 [DEBUG]: RCA_loss: 0.023, TC_loss: 0.004
2026-08-14 16:58:21 [DEBUG]: RCA_loss: 0.016, TC_loss: 0.018
2026-08-14 16:58:21 [DEBUG]: RCA_loss: 0.001, TC_loss: 0.007
2026-08-14 16:58:21 [DEBUG]: RCA_loss: 0.000, TC_loss: 0.010
2026-08-14 16:58:22 [DEBUG]: RCA_loss: 0.005, TC_loss: 0.020
2026-08-14 16:58:22 [DEBUG]: RCA_loss: 0.001, TC_loss: 0.012
2026-08-14 16:58:22 [DEBUG]: RCA_loss: 0.001, TC_loss: 0.008
2026-08-14 16:58:22 [DEBUG]: RCA_loss: 0.000, TC_loss: 0.019
2026-08-14 16:58:22 [DEBUG]: RCA_loss: 0.002, TC_loss: 0.006
2026-08-14 16:58:22 [DEBUG]: RCA_loss: 0.000, TC_loss: 0.013
2026-08-14 16:58:22 [DEBUG]: RCA_loss: 0.001, TC_loss: 0.013
2026-08-14 16:58:22 [DEBUG]: RCA_loss: 0.000, TC_loss: 0.002
2026-08-14 16:58:22 [INFO]: Epoch 37 done. Loss: 0.021
2026-08-14 16:58:22 [DEBUG]: RCA_loss: 0.000, TC_loss: 0.022
2026-08-14 16:58:22 [DEBUG]: RCA_loss: 0.010, TC_loss: 0.009
2026-08-14 16:58:22 [DEBUG]: RCA_loss: 0.001, TC_loss: 0.014
2026-08-14 16:58:23 [DEBUG]: RCA_loss: 0.001, TC_loss: 0.008
2026-08-14 16:58:23 [DEBUG]: RCA_loss: 0.000, TC_loss: 0.014
2026-08-14 16:58:23 [DEBUG]: RCA_loss: 0.002, TC_loss: 0.021
2026-08-14 16:58:23 [DEBUG]: RCA_loss: 0.026, TC_loss: 0.006
2026-08-14 16:58:23 [DEBUG]: RCA_loss: 0.000, TC_loss: 0.012
2026-08-14 16:58:23 [DEBUG]: RCA_loss: 0.012, TC_loss: 0.023
2026-08-14 16:58:23 [DEBUG]: RCA_loss: 0.000, TC_loss: 0.006
2026-08-14 16:58:23 [DEBUG]: RCA_loss: 0.045, TC_loss: 0.006
2026-08-14 16:58:23 [DEBUG]: RCA_loss: 0.018, TC_loss: 0.010
2026-08-14 16:58:24 [DEBUG]: RCA_loss: 0.011, TC_loss: 0.015
2026-08-14 16:58:24 [DEBUG]: RCA_loss: 0.022, TC_loss: 0.019
2026-08-14 16:58:24 [DEBUG]: RCA_loss: 0.001, TC_loss: 0.011
2026-08-14 16:58:24 [DEBUG]: RCA_loss: 0.025, TC_loss: 0.014
2026-08-14 16:58:24 [DEBUG]: RCA_loss: 0.052, TC_loss: 0.008
2026-08-14 16:58:24 [DEBUG]: RCA_loss: 0.012, TC_loss: 0.007
2026-08-14 16:58:24 [DEBUG]: RCA_loss: 0.067, TC_loss: 0.006
2026-08-14 16:58:24 [DEBUG]: RCA_loss: 0.000, TC_loss: 0.009
2026-08-14 16:58:25 [DEBUG]: RCA_loss: 0.001, TC_loss: 0.006
2026-08-14 16:58:25 [DEBUG]: RCA_loss: 0.000, TC_loss: 0.053
2026-08-14 16:58:25 [DEBUG]: RCA_loss: 0.000, TC_loss: 0.008
2026-08-14 16:58:25 [DEBUG]: RCA_loss: 0.005, TC_loss: 0.006
2026-08-14 16:58:25 [DEBUG]: RCA_loss: 0.000, TC_loss: 0.007
2026-08-14 16:58:25 [DEBUG]: RCA_loss: 0.004, TC_loss: 0.011
2026-08-14 16:58:25 [DEBUG]: RCA_loss: 0.001, TC_loss: 0.004
2026-08-14 16:58:25 [DEBUG]: RCA_loss: 0.004, TC_loss: 0.017
2026-08-14 16:58:25 [DEBUG]: RCA_loss: 0.001, TC_loss: 0.007
2026-08-14 16:58:25 [INFO]: Epoch 38 done. Loss: 0.024
2026-08-14 16:58:26 [DEBUG]: RCA_loss: 0.000, TC_loss: 0.007
2026-08-14 16:58:26 [DEBUG]: RCA_loss: 0.003, TC_loss: 0.014
2026-08-14 16:58:26 [DEBUG]: RCA_loss: 0.001, TC_loss: 0.006
2026-08-14 16:58:26 [DEBUG]: RCA_loss: 0.000, TC_loss: 0.015
2026-08-14 16:58:26 [DEBUG]: RCA_loss: 0.000, TC_loss: 0.122
2026-08-14 16:58:26 [DEBUG]: RCA_loss: 0.000, TC_loss: 0.012
2026-08-14 16:58:26 [DEBUG]: RCA_loss: 0.001, TC_loss: 0.021
2026-08-14 16:58:26 [DEBUG]: RCA_loss: 0.000, TC_loss: 0.008
2026-08-14 16:58:26 [DEBUG]: RCA_loss: 0.013, TC_loss: 0.011
2026-08-14 16:58:27 [DEBUG]: RCA_loss: 0.001, TC_loss: 0.008
2026-08-14 16:58:27 [DEBUG]: RCA_loss: 0.027, TC_loss: 0.012
2026-08-14 16:58:27 [DEBUG]: RCA_loss: 0.001, TC_loss: 0.023
2026-08-14 16:58:27 [DEBUG]: RCA_loss: 0.020, TC_loss: 0.006
2026-08-14 16:58:27 [DEBUG]: RCA_loss: 0.015, TC_loss: 0.013
2026-08-14 16:58:27 [DEBUG]: RCA_loss: 0.000, TC_loss: 0.019
2026-08-14 16:58:27 [DEBUG]: RCA_loss: 0.023, TC_loss: 0.008
2026-08-14 16:58:27 [DEBUG]: RCA_loss: 0.032, TC_loss: 0.016
2026-08-14 16:58:28 [DEBUG]: RCA_loss: 0.018, TC_loss: 0.011
2026-08-14 16:58:28 [DEBUG]: RCA_loss: 0.019, TC_loss: 0.015
2026-08-14 16:58:28 [DEBUG]: RCA_loss: 0.000, TC_loss: 0.016
2026-08-14 16:58:28 [DEBUG]: RCA_loss: 0.001, TC_loss: 0.007
2026-08-14 16:58:28 [DEBUG]: RCA_loss: 0.003, TC_loss: 0.011
2026-08-14 16:58:28 [DEBUG]: RCA_loss: 0.000, TC_loss: 0.016
2026-08-14 16:58:28 [DEBUG]: RCA_loss: 0.006, TC_loss: 0.008
2026-08-14 16:58:28 [DEBUG]: RCA_loss: 0.001, TC_loss: 0.019
2026-08-14 16:58:29 [DEBUG]: RCA_loss: 0.000, TC_loss: 0.007
2026-08-14 16:58:29 [DEBUG]: RCA_loss: 0.000, TC_loss: 0.006
2026-08-14 16:58:29 [DEBUG]: RCA_loss: 0.000, TC_loss: 0.011
2026-08-14 16:58:29 [DEBUG]: RCA_loss: 0.000, TC_loss: 0.006
2026-08-14 16:58:29 [INFO]: Epoch 39 done. Loss: 0.023
2026-08-14 16:58:29 [DEBUG]: RCA_loss: 0.000, TC_loss: 0.008
2026-08-14 16:58:29 [DEBUG]: RCA_loss: 0.000, TC_loss: 0.020
2026-08-14 16:58:29 [DEBUG]: RCA_loss: 0.000, TC_loss: 0.010
2026-08-14 16:58:29 [DEBUG]: RCA_loss: 0.001, TC_loss: 0.006
2026-08-14 16:58:29 [DEBUG]: RCA_loss: 0.001, TC_loss: 0.035
2026-08-14 16:58:29 [DEBUG]: RCA_loss: 0.002, TC_loss: 0.020
2026-08-14 16:58:30 [DEBUG]: RCA_loss: 0.001, TC_loss: 0.009
2026-08-14 16:58:30 [DEBUG]: RCA_loss: 0.001, TC_loss: 0.004
2026-08-14 16:58:30 [DEBUG]: RCA_loss: 0.000, TC_loss: 0.006
2026-08-14 16:58:30 [DEBUG]: RCA_loss: 0.000, TC_loss: 0.006
2026-08-14 16:58:30 [DEBUG]: RCA_loss: 0.036, TC_loss: 0.003
2026-08-14 16:58:30 [DEBUG]: RCA_loss: 0.006, TC_loss: 0.008
2026-08-14 16:58:30 [DEBUG]: RCA_loss: 0.022, TC_loss: 0.010
2026-08-14 16:58:30 [DEBUG]: RCA_loss: 0.036, TC_loss: 0.017
2026-08-14 16:58:31 [DEBUG]: RCA_loss: 0.001, TC_loss: 0.009
2026-08-14 16:58:31 [DEBUG]: RCA_loss: 0.020, TC_loss: 0.019
2026-08-14 16:58:31 [DEBUG]: RCA_loss: 0.010, TC_loss: 0.014
2026-08-14 16:58:31 [DEBUG]: RCA_loss: 0.011, TC_loss: 0.005
2026-08-14 16:58:31 [DEBUG]: RCA_loss: 0.017, TC_loss: 0.005
2026-08-14 16:58:31 [DEBUG]: RCA_loss: 0.000, TC_loss: 0.010
2026-08-14 16:58:31 [DEBUG]: RCA_loss: 0.002, TC_loss: 0.038
2026-08-14 16:58:31 [DEBUG]: RCA_loss: 0.000, TC_loss: 0.011
2026-08-14 16:58:31 [DEBUG]: RCA_loss: 0.000, TC_loss: 0.023
2026-08-14 16:58:32 [DEBUG]: RCA_loss: 0.000, TC_loss: 0.006
2026-08-14 16:58:32 [DEBUG]: RCA_loss: 0.000, TC_loss: 0.008
2026-08-14 16:58:32 [DEBUG]: RCA_loss: 0.000, TC_loss: 0.008
2026-08-14 16:58:32 [DEBUG]: RCA_loss: 0.001, TC_loss: 0.020
2026-08-14 16:58:32 [DEBUG]: RCA_loss: 0.001, TC_loss: 0.011
2026-08-14 16:58:32 [DEBUG]: RCA_loss: 0.001, TC_loss: 0.002
2026-08-14 16:58:32 [INFO]: Epoch 40 done. Loss: 0.018
2026-08-14 16:58:32 [DEBUG]: RCA_loss: 0.000, TC_loss: 0.005
2026-08-14 16:58:32 [DEBUG]: RCA_loss: 0.001, TC_loss: 0.008
2026-08-14 16:58:32 [DEBUG]: RCA_loss: 0.002, TC_loss: 0.004
2026-08-14 16:58:32 [DEBUG]: RCA_loss: 0.001, TC_loss: 0.004
2026-08-14 16:58:33 [DEBUG]: RCA_loss: 0.000, TC_loss: 0.012
2026-08-14 16:58:33 [DEBUG]: RCA_loss: 0.000, TC_loss: 0.021
2026-08-14 16:58:33 [DEBUG]: RCA_loss: 0.005, TC_loss: 0.005
2026-08-14 16:58:33 [DEBUG]: RCA_loss: 0.001, TC_loss: 0.022
2026-08-14 16:58:33 [DEBUG]: RCA_loss: 0.001, TC_loss: 0.009
2026-08-14 16:58:33 [DEBUG]: RCA_loss: 0.002, TC_loss: 0.003
2026-08-14 16:58:33 [DEBUG]: RCA_loss: 0.007, TC_loss: 0.005
2026-08-14 16:58:33 [DEBUG]: RCA_loss: 0.000, TC_loss: 0.011
2026-08-14 16:58:34 [DEBUG]: RCA_loss: 0.048, TC_loss: 0.007
2026-08-14 16:58:34 [DEBUG]: RCA_loss: 0.004, TC_loss: 0.011
2026-08-14 16:58:34 [DEBUG]: RCA_loss: 0.000, TC_loss: 0.007
2026-08-14 16:58:34 [DEBUG]: RCA_loss: 0.030, TC_loss: 0.010
2026-08-14 16:58:34 [DEBUG]: RCA_loss: 0.031, TC_loss: 0.010
2026-08-14 16:58:34 [DEBUG]: RCA_loss: 0.053, TC_loss: 0.012
2026-08-14 16:58:34 [DEBUG]: RCA_loss: 0.027, TC_loss: 0.010
2026-08-14 16:58:34 [DEBUG]: RCA_loss: 0.000, TC_loss: 0.010
2026-08-14 16:58:34 [DEBUG]: RCA_loss: 0.000, TC_loss: 0.007
2026-08-14 16:58:35 [DEBUG]: RCA_loss: 0.000, TC_loss: 0.022
2026-08-14 16:58:35 [DEBUG]: RCA_loss: 0.000, TC_loss: 0.022
2026-08-14 16:58:35 [DEBUG]: RCA_loss: 0.000, TC_loss: 0.005
2026-08-14 16:58:35 [DEBUG]: RCA_loss: 0.000, TC_loss: 0.009
2026-08-14 16:58:35 [DEBUG]: RCA_loss: 0.000, TC_loss: 0.009
2026-08-14 16:58:35 [DEBUG]: RCA_loss: 0.000, TC_loss: 0.004
2026-08-14 16:58:35 [DEBUG]: RCA_loss: 0.001, TC_loss: 0.007
2026-08-14 16:58:35 [DEBUG]: RCA_loss: 0.000, TC_loss: 0.003
2026-08-14 16:58:35 [INFO]: Epoch 41 done. Loss: 0.017
2026-08-14 16:58:35 [DEBUG]: RCA_loss: 0.000, TC_loss: 0.009
2026-08-14 16:58:36 [DEBUG]: RCA_loss: 0.006, TC_loss: 0.011
2026-08-14 16:58:36 [DEBUG]: RCA_loss: 0.001, TC_loss: 0.011
2026-08-14 16:58:36 [DEBUG]: RCA_loss: 0.003, TC_loss: 0.008
2026-08-14 16:58:36 [DEBUG]: RCA_loss: 0.001, TC_loss: 0.031
2026-08-14 16:58:36 [DEBUG]: RCA_loss: 0.000, TC_loss: 0.012
2026-08-14 16:58:36 [DEBUG]: RCA_loss: 0.001, TC_loss: 0.008
2026-08-14 16:58:36 [DEBUG]: RCA_loss: 0.002, TC_loss: 0.012
2026-08-14 16:58:36 [DEBUG]: RCA_loss: 0.010, TC_loss: 0.003
2026-08-14 16:58:36 [DEBUG]: RCA_loss: 0.000, TC_loss: 0.007
2026-08-14 16:58:37 [DEBUG]: RCA_loss: 0.062, TC_loss: 0.007
2026-08-14 16:58:37 [DEBUG]: RCA_loss: 0.002, TC_loss: 0.012
2026-08-14 16:58:37 [DEBUG]: RCA_loss: 0.070, TC_loss: 0.009
2026-08-14 16:58:37 [DEBUG]: RCA_loss: 0.038, TC_loss: 0.023
2026-08-14 16:58:37 [DEBUG]: RCA_loss: 0.006, TC_loss: 0.020
2026-08-14 16:58:37 [DEBUG]: RCA_loss: 0.054, TC_loss: 0.010
2026-08-14 16:58:37 [DEBUG]: RCA_loss: 0.071, TC_loss: 0.007
2026-08-14 16:58:38 [DEBUG]: RCA_loss: 0.036, TC_loss: 0.005
2026-08-14 16:58:38 [DEBUG]: RCA_loss: 0.041, TC_loss: 0.009
2026-08-14 16:58:38 [DEBUG]: RCA_loss: 0.004, TC_loss: 0.029
2026-08-14 16:58:38 [DEBUG]: RCA_loss: 0.003, TC_loss: 0.007
2026-08-14 16:58:38 [DEBUG]: RCA_loss: 0.022, TC_loss: 0.010
2026-08-14 16:58:38 [DEBUG]: RCA_loss: 0.001, TC_loss: 0.012
2026-08-14 16:58:39 [DEBUG]: RCA_loss: 0.019, TC_loss: 0.004
2026-08-14 16:58:39 [DEBUG]: RCA_loss: 0.004, TC_loss: 0.011
2026-08-14 16:58:39 [DEBUG]: RCA_loss: 0.001, TC_loss: 0.006
2026-08-14 16:58:39 [DEBUG]: RCA_loss: 0.000, TC_loss: 0.006
2026-08-14 16:58:39 [DEBUG]: RCA_loss: 0.011, TC_loss: 0.009
2026-08-14 16:58:40 [DEBUG]: RCA_loss: 0.343, TC_loss: 0.003
2026-08-14 16:58:40 [INFO]: Epoch 42 done. Loss: 0.030
2026-08-14 16:58:40 [DEBUG]: RCA_loss: 0.008, TC_loss: 0.014
2026-08-14 16:58:40 [DEBUG]: RCA_loss: 0.001, TC_loss: 0.029
2026-08-14 16:58:40 [DEBUG]: RCA_loss: 0.003, TC_loss: 0.003
2026-08-14 16:58:40 [DEBUG]: RCA_loss: 0.035, TC_loss: 0.005
2026-08-14 16:58:40 [DEBUG]: RCA_loss: 0.026, TC_loss: 0.022
2026-08-14 16:58:41 [DEBUG]: RCA_loss: 0.002, TC_loss: 0.017
2026-08-14 16:58:41 [DEBUG]: RCA_loss: 0.065, TC_loss: 0.005
2026-08-14 16:58:41 [DEBUG]: RCA_loss: 0.022, TC_loss: 0.007
2026-08-14 16:58:41 [DEBUG]: RCA_loss: 0.001, TC_loss: 0.005
2026-08-14 16:58:41 [DEBUG]: RCA_loss: 0.001, TC_loss: 0.007
2026-08-14 16:58:42 [DEBUG]: RCA_loss: 0.177, TC_loss: 0.010
2026-08-14 16:58:42 [DEBUG]: RCA_loss: 0.002, TC_loss: 0.011
2026-08-14 16:58:42 [DEBUG]: RCA_loss: 0.049, TC_loss: 0.012
2026-08-14 16:58:42 [DEBUG]: RCA_loss: 0.029, TC_loss: 0.034
2026-08-14 16:58:42 [DEBUG]: RCA_loss: 0.002, TC_loss: 0.008
2026-08-14 16:58:42 [DEBUG]: RCA_loss: 0.005, TC_loss: 0.010
2026-08-14 16:58:43 [DEBUG]: RCA_loss: 0.124, TC_loss: 0.025
2026-08-14 16:58:43 [DEBUG]: RCA_loss: 0.027, TC_loss: 0.010
2026-08-14 16:58:43 [DEBUG]: RCA_loss: 0.050, TC_loss: 0.011
2026-08-14 16:58:43 [DEBUG]: RCA_loss: 0.030, TC_loss: 0.010
2026-08-14 16:58:43 [DEBUG]: RCA_loss: 0.004, TC_loss: 0.017
2026-08-14 16:58:44 [DEBUG]: RCA_loss: 0.000, TC_loss: 0.026
2026-08-14 16:58:44 [DEBUG]: RCA_loss: 0.050, TC_loss: 0.019
2026-08-14 16:58:44 [DEBUG]: RCA_loss: 0.005, TC_loss: 0.006
2026-08-14 16:58:44 [DEBUG]: RCA_loss: 0.005, TC_loss: 0.009
2026-08-14 16:58:44 [DEBUG]: RCA_loss: 0.008, TC_loss: 0.009
2026-08-14 16:58:44 [DEBUG]: RCA_loss: 0.028, TC_loss: 0.005
2026-08-14 16:58:44 [DEBUG]: RCA_loss: 0.017, TC_loss: 0.014
2026-08-14 16:58:45 [DEBUG]: RCA_loss: 0.000, TC_loss: 0.009
2026-08-14 16:58:45 [INFO]: Epoch 43 done. Loss: 0.040
2026-08-14 16:58:45 [DEBUG]: RCA_loss: 0.008, TC_loss: 0.009
2026-08-14 16:58:45 [DEBUG]: RCA_loss: 0.185, TC_loss: 0.009
2026-08-14 16:58:45 [DEBUG]: RCA_loss: 0.137, TC_loss: 0.012
2026-08-14 16:58:45 [DEBUG]: RCA_loss: 0.067, TC_loss: 0.013
2026-08-14 16:58:45 [DEBUG]: RCA_loss: 0.059, TC_loss: 0.012
2026-08-14 16:58:46 [DEBUG]: RCA_loss: 0.008, TC_loss: 0.006
2026-08-14 16:58:46 [DEBUG]: RCA_loss: 0.021, TC_loss: 0.009
2026-08-14 16:58:46 [DEBUG]: RCA_loss: 0.022, TC_loss: 0.018
2026-08-14 16:58:46 [DEBUG]: RCA_loss: 0.044, TC_loss: 0.011
2026-08-14 16:58:46 [DEBUG]: RCA_loss: 0.001, TC_loss: 0.008
2026-08-14 16:58:46 [DEBUG]: RCA_loss: 0.204, TC_loss: 0.012
2026-08-14 16:58:47 [DEBUG]: RCA_loss: 0.180, TC_loss: 0.014
2026-08-14 16:58:47 [DEBUG]: RCA_loss: 0.375, TC_loss: 0.019
2026-08-14 16:58:47 [DEBUG]: RCA_loss: 0.322, TC_loss: 0.042
2026-08-14 16:58:47 [DEBUG]: RCA_loss: 0.006, TC_loss: 0.012
2026-08-14 16:58:47 [DEBUG]: RCA_loss: 0.010, TC_loss: 0.016
2026-08-14 16:58:47 [DEBUG]: RCA_loss: 0.062, TC_loss: 0.025
2026-08-14 16:58:48 [DEBUG]: RCA_loss: 0.031, TC_loss: 0.011
2026-08-14 16:58:48 [DEBUG]: RCA_loss: 0.045, TC_loss: 0.014
2026-08-14 16:58:48 [DEBUG]: RCA_loss: 0.400, TC_loss: 0.039
2026-08-14 16:58:48 [DEBUG]: RCA_loss: 0.299, TC_loss: 0.013
2026-08-14 16:58:48 [DEBUG]: RCA_loss: 0.084, TC_loss: 0.047
2026-08-14 16:58:49 [DEBUG]: RCA_loss: 0.127, TC_loss: 0.010
2026-08-14 16:58:49 [DEBUG]: RCA_loss: 0.163, TC_loss: 0.028
2026-08-14 16:58:49 [DEBUG]: RCA_loss: 0.079, TC_loss: 0.028
2026-08-14 16:58:49 [DEBUG]: RCA_loss: 0.015, TC_loss: 0.010
2026-08-14 16:58:49 [DEBUG]: RCA_loss: 0.020, TC_loss: 0.010
2026-08-14 16:58:49 [DEBUG]: RCA_loss: 0.029, TC_loss: 0.030
2026-08-14 16:58:50 [DEBUG]: RCA_loss: 0.160, TC_loss: 0.009
2026-08-14 16:58:50 [INFO]: Epoch 44 done. Loss: 0.125
2026-08-14 16:58:50 [DEBUG]: RCA_loss: 0.013, TC_loss: 0.034
2026-08-14 16:58:50 [DEBUG]: RCA_loss: 0.082, TC_loss: 0.031
2026-08-14 16:58:50 [DEBUG]: RCA_loss: 0.064, TC_loss: 0.061
2026-08-14 16:58:50 [DEBUG]: RCA_loss: 0.045, TC_loss: 0.026
2026-08-14 16:58:50 [DEBUG]: RCA_loss: 0.019, TC_loss: 0.033
2026-08-14 16:58:51 [DEBUG]: RCA_loss: 0.135, TC_loss: 0.033
2026-08-14 16:58:51 [DEBUG]: RCA_loss: 0.007, TC_loss: 0.015
2026-08-14 16:58:51 [DEBUG]: RCA_loss: 0.009, TC_loss: 0.012
2026-08-14 16:58:51 [DEBUG]: RCA_loss: 0.025, TC_loss: 0.009
2026-08-14 16:58:51 [DEBUG]: RCA_loss: 0.001, TC_loss: 0.015
2026-08-14 16:58:52 [DEBUG]: RCA_loss: 0.026, TC_loss: 0.047
2026-08-14 16:58:52 [DEBUG]: RCA_loss: 0.065, TC_loss: 0.030
2026-08-14 16:58:52 [DEBUG]: RCA_loss: 0.041, TC_loss: 0.007
2026-08-14 16:58:52 [DEBUG]: RCA_loss: 0.055, TC_loss: 0.039
2026-08-14 16:58:52 [DEBUG]: RCA_loss: 0.002, TC_loss: 0.032
2026-08-14 16:58:53 [DEBUG]: RCA_loss: 0.019, TC_loss: 0.013
2026-08-14 16:58:53 [DEBUG]: RCA_loss: 0.062, TC_loss: 0.015
2026-08-14 16:58:53 [DEBUG]: RCA_loss: 0.018, TC_loss: 0.010
2026-08-14 16:58:53 [DEBUG]: RCA_loss: 0.026, TC_loss: 0.051
2026-08-14 16:58:54 [DEBUG]: RCA_loss: 0.001, TC_loss: 0.016
2026-08-14 16:58:54 [DEBUG]: RCA_loss: 0.002, TC_loss: 0.043
2026-08-14 16:58:54 [DEBUG]: RCA_loss: 0.005, TC_loss: 0.013
2026-08-14 16:58:54 [DEBUG]: RCA_loss: 0.002, TC_loss: 0.016
2026-08-14 16:58:54 [DEBUG]: RCA_loss: 0.009, TC_loss: 0.010
2026-08-14 16:58:55 [DEBUG]: RCA_loss: 0.004, TC_loss: 0.010
2026-08-14 16:58:55 [DEBUG]: RCA_loss: 0.001, TC_loss: 0.011
2026-08-14 16:58:55 [DEBUG]: RCA_loss: 0.007, TC_loss: 0.006
2026-08-14 16:58:55 [DEBUG]: RCA_loss: 0.001, TC_loss: 0.015
2026-08-14 16:58:55 [DEBUG]: RCA_loss: 0.004, TC_loss: 0.007
2026-08-14 16:58:55 [INFO]: Epoch 45 done. Loss: 0.050
2026-08-14 16:58:56 [DEBUG]: RCA_loss: 0.015, TC_loss: 0.012
2026-08-14 16:58:56 [DEBUG]: RCA_loss: 0.009, TC_loss: 0.010
2026-08-14 16:58:56 [DEBUG]: RCA_loss: 0.007, TC_loss: 0.020
2026-08-14 16:58:56 [DEBUG]: RCA_loss: 0.001, TC_loss: 0.010
2026-08-14 16:58:56 [DEBUG]: RCA_loss: 0.001, TC_loss: 0.018
2026-08-14 16:58:56 [DEBUG]: RCA_loss: 0.004, TC_loss: 0.010
2026-08-14 16:58:57 [DEBUG]: RCA_loss: 0.002, TC_loss: 0.006
2026-08-14 16:58:57 [DEBUG]: RCA_loss: 0.003, TC_loss: 0.006
2026-08-14 16:58:57 [DEBUG]: RCA_loss: 0.002, TC_loss: 0.004
2026-08-14 16:58:58 [DEBUG]: RCA_loss: 0.001, TC_loss: 0.006
2026-08-14 16:58:58 [DEBUG]: RCA_loss: 0.093, TC_loss: 0.007
2026-08-14 16:58:58 [DEBUG]: RCA_loss: 0.006, TC_loss: 0.008
2026-08-14 16:58:58 [DEBUG]: RCA_loss: 0.042, TC_loss: 0.010
2026-08-14 16:58:58 [DEBUG]: RCA_loss: 0.042, TC_loss: 0.018
2026-08-14 16:58:59 [DEBUG]: RCA_loss: 0.000, TC_loss: 0.011
2026-08-14 16:58:59 [DEBUG]: RCA_loss: 0.065, TC_loss: 0.015
2026-08-14 16:58:59 [DEBUG]: RCA_loss: 0.099, TC_loss: 0.018
2026-08-14 16:58:59 [DEBUG]: RCA_loss: 0.030, TC_loss: 0.005
2026-08-14 16:58:59 [DEBUG]: RCA_loss: 0.063, TC_loss: 0.006
2026-08-14 16:59:00 [DEBUG]: RCA_loss: 0.001, TC_loss: 0.017
2026-08-14 16:59:00 [DEBUG]: RCA_loss: 0.001, TC_loss: 0.010
2026-08-14 16:59:00 [DEBUG]: RCA_loss: 0.001, TC_loss: 0.009
2026-08-14 16:59:00 [DEBUG]: RCA_loss: 0.001, TC_loss: 0.010
2026-08-14 16:59:01 [DEBUG]: RCA_loss: 0.017, TC_loss: 0.008
2026-08-14 16:59:01 [DEBUG]: RCA_loss: 0.003, TC_loss: 0.008
2026-08-14 16:59:01 [DEBUG]: RCA_loss: 0.002, TC_loss: 0.005
2026-08-14 16:59:01 [DEBUG]: RCA_loss: 0.015, TC_loss: 0.003
2026-08-14 16:59:01 [DEBUG]: RCA_loss: 0.005, TC_loss: 0.014
2026-08-14 16:59:02 [DEBUG]: RCA_loss: 0.000, TC_loss: 0.002
2026-08-14 16:59:02 [INFO]: Epoch 46 done. Loss: 0.029
2026-08-14 16:59:02 [DEBUG]: RCA_loss: 0.002, TC_loss: 0.008
2026-08-14 16:59:02 [DEBUG]: RCA_loss: 0.004, TC_loss: 0.012
2026-08-14 16:59:02 [DEBUG]: RCA_loss: 0.020, TC_loss: 0.005
2026-08-14 16:59:02 [DEBUG]: RCA_loss: 0.001, TC_loss: 0.008
2026-08-14 16:59:03 [DEBUG]: RCA_loss: 0.001, TC_loss: 0.008
2026-08-14 16:59:03 [DEBUG]: RCA_loss: 0.001, TC_loss: 0.012
2026-08-14 16:59:03 [DEBUG]: RCA_loss: 0.001, TC_loss: 0.007
2026-08-14 16:59:03 [DEBUG]: RCA_loss: 0.001, TC_loss: 0.014
2026-08-14 16:59:03 [DEBUG]: RCA_loss: 0.004, TC_loss: 0.003
2026-08-14 16:59:04 [DEBUG]: RCA_loss: 0.000, TC_loss: 0.003
2026-08-14 16:59:04 [DEBUG]: RCA_loss: 0.008, TC_loss: 0.005
2026-08-14 16:59:04 [DEBUG]: RCA_loss: 0.003, TC_loss: 0.011
2026-08-14 16:59:04 [DEBUG]: RCA_loss: 0.076, TC_loss: 0.005
2026-08-14 16:59:04 [DEBUG]: RCA_loss: 0.012, TC_loss: 0.012
2026-08-14 16:59:05 [DEBUG]: RCA_loss: 0.000, TC_loss: 0.013
2026-08-14 16:59:05 [DEBUG]: RCA_loss: 0.007, TC_loss: 0.006
2026-08-14 16:59:05 [DEBUG]: RCA_loss: 0.079, TC_loss: 0.011
2026-08-14 16:59:05 [DEBUG]: RCA_loss: 0.032, TC_loss: 0.004
2026-08-14 16:59:06 [DEBUG]: RCA_loss: 0.038, TC_loss: 0.008
2026-08-14 16:59:06 [DEBUG]: RCA_loss: 0.000, TC_loss: 0.008
2026-08-14 16:59:06 [DEBUG]: RCA_loss: 0.000, TC_loss: 0.008
2026-08-14 16:59:06 [DEBUG]: RCA_loss: 0.001, TC_loss: 0.010
2026-08-14 16:59:07 [DEBUG]: RCA_loss: 0.002, TC_loss: 0.003
2026-08-14 16:59:07 [DEBUG]: RCA_loss: 0.002, TC_loss: 0.005
2026-08-14 16:59:07 [DEBUG]: RCA_loss: 0.001, TC_loss: 0.006
2026-08-14 16:59:08 [DEBUG]: RCA_loss: 0.000, TC_loss: 0.004
2026-08-14 16:59:08 [DEBUG]: RCA_loss: 0.000, TC_loss: 0.002
2026-08-14 16:59:08 [DEBUG]: RCA_loss: 0.001, TC_loss: 0.011
2026-08-14 16:59:09 [DEBUG]: RCA_loss: 0.000, TC_loss: 0.005
2026-08-14 16:59:09 [INFO]: Epoch 47 done. Loss: 0.018
2026-08-14 16:59:09 [DEBUG]: RCA_loss: 0.001, TC_loss: 0.006
2026-08-14 16:59:09 [DEBUG]: RCA_loss: 0.001, TC_loss: 0.004
2026-08-14 16:59:09 [DEBUG]: RCA_loss: 0.015, TC_loss: 0.010
2026-08-14 16:59:10 [DEBUG]: RCA_loss: 0.001, TC_loss: 0.009
2026-08-14 16:59:10 [DEBUG]: RCA_loss: 0.002, TC_loss: 0.006
2026-08-14 16:59:10 [DEBUG]: RCA_loss: 0.008, TC_loss: 0.011
2026-08-14 16:59:10 [DEBUG]: RCA_loss: 0.009, TC_loss: 0.005
2026-08-14 16:59:10 [DEBUG]: RCA_loss: 0.003, TC_loss: 0.003
2026-08-14 16:59:11 [DEBUG]: RCA_loss: 0.001, TC_loss: 0.004
2026-08-14 16:59:11 [DEBUG]: RCA_loss: 0.000, TC_loss: 0.014
2026-08-14 16:59:11 [DEBUG]: RCA_loss: 0.048, TC_loss: 0.009
2026-08-14 16:59:11 [DEBUG]: RCA_loss: 0.002, TC_loss: 0.009
2026-08-14 16:59:11 [DEBUG]: RCA_loss: 0.006, TC_loss: 0.003
2026-08-14 16:59:12 [DEBUG]: RCA_loss: 0.029, TC_loss: 0.024
2026-08-14 16:59:12 [DEBUG]: RCA_loss: 0.000, TC_loss: 0.007
2026-08-14 16:59:12 [DEBUG]: RCA_loss: 0.020, TC_loss: 0.003
2026-08-14 16:59:12 [DEBUG]: RCA_loss: 0.013, TC_loss: 0.030
2026-08-14 16:59:12 [DEBUG]: RCA_loss: 0.024, TC_loss: 0.003
2026-08-14 16:59:12 [DEBUG]: RCA_loss: 0.041, TC_loss: 0.005
2026-08-14 16:59:12 [DEBUG]: RCA_loss: 0.001, TC_loss: 0.014
2026-08-14 16:59:12 [DEBUG]: RCA_loss: 0.000, TC_loss: 0.013
2026-08-14 16:59:12 [DEBUG]: RCA_loss: 0.000, TC_loss: 0.009
2026-08-14 16:59:13 [DEBUG]: RCA_loss: 0.000, TC_loss: 0.010
2026-08-14 16:59:13 [DEBUG]: RCA_loss: 0.006, TC_loss: 0.005
2026-08-14 16:59:13 [DEBUG]: RCA_loss: 0.002, TC_loss: 0.005
2026-08-14 16:59:13 [DEBUG]: RCA_loss: 0.000, TC_loss: 0.002
2026-08-14 16:59:13 [DEBUG]: RCA_loss: 0.003, TC_loss: 0.003
2026-08-14 16:59:13 [DEBUG]: RCA_loss: 0.001, TC_loss: 0.008
2026-08-14 16:59:13 [DEBUG]: RCA_loss: 0.001, TC_loss: 0.004
2026-08-14 16:59:14 [INFO]: Epoch 48 done. Loss: 0.017
2026-08-14 16:59:14 [DEBUG]: RCA_loss: 0.000, TC_loss: 0.006
2026-08-14 16:59:14 [DEBUG]: RCA_loss: 0.002, TC_loss: 0.006
2026-08-14 16:59:14 [DEBUG]: RCA_loss: 0.002, TC_loss: 0.003
2026-08-14 16:59:14 [DEBUG]: RCA_loss: 0.002, TC_loss: 0.005
2026-08-14 16:59:14 [DEBUG]: RCA_loss: 0.001, TC_loss: 0.009
2026-08-14 16:59:14 [DEBUG]: RCA_loss: 0.004, TC_loss: 0.007
2026-08-14 16:59:14 [DEBUG]: RCA_loss: 0.002, TC_loss: 0.005
2026-08-14 16:59:15 [DEBUG]: RCA_loss: 0.002, TC_loss: 0.008
2026-08-14 16:59:15 [DEBUG]: RCA_loss: 0.003, TC_loss: 0.009
2026-08-14 16:59:15 [DEBUG]: RCA_loss: 0.001, TC_loss: 0.012
2026-08-14 16:59:15 [DEBUG]: RCA_loss: 0.016, TC_loss: 0.006
2026-08-14 16:59:15 [DEBUG]: RCA_loss: 0.005, TC_loss: 0.005
2026-08-14 16:59:15 [DEBUG]: RCA_loss: 0.029, TC_loss: 0.005
2026-08-14 16:59:15 [DEBUG]: RCA_loss: 0.019, TC_loss: 0.018
2026-08-14 16:59:16 [DEBUG]: RCA_loss: 0.003, TC_loss: 0.005
2026-08-14 16:59:16 [DEBUG]: RCA_loss: 0.013, TC_loss: 0.005
2026-08-14 16:59:16 [DEBUG]: RCA_loss: 0.010, TC_loss: 0.023
2026-08-14 16:59:16 [DEBUG]: RCA_loss: 0.041, TC_loss: 0.003
2026-08-14 16:59:16 [DEBUG]: RCA_loss: 0.017, TC_loss: 0.006
2026-08-14 16:59:16 [DEBUG]: RCA_loss: 0.000, TC_loss: 0.007
2026-08-14 16:59:16 [DEBUG]: RCA_loss: 0.000, TC_loss: 0.009
2026-08-14 16:59:17 [DEBUG]: RCA_loss: 0.001, TC_loss: 0.009
2026-08-14 16:59:17 [DEBUG]: RCA_loss: 0.000, TC_loss: 0.044
2026-08-14 16:59:17 [DEBUG]: RCA_loss: 0.003, TC_loss: 0.007
2026-08-14 16:59:17 [DEBUG]: RCA_loss: 0.000, TC_loss: 0.005
2026-08-14 16:59:17 [DEBUG]: RCA_loss: 0.000, TC_loss: 0.012
2026-08-14 16:59:17 [DEBUG]: RCA_loss: 0.002, TC_loss: 0.004
2026-08-14 16:59:17 [DEBUG]: RCA_loss: 0.000, TC_loss: 0.008
2026-08-14 16:59:17 [DEBUG]: RCA_loss: 0.192, TC_loss: 0.004
2026-08-14 16:59:17 [INFO]: Epoch 49 done. Loss: 0.017
2026-08-14 16:59:18 [DEBUG]: RCA_loss: 0.000, TC_loss: 0.008
2026-08-14 16:59:18 [DEBUG]: RCA_loss: 0.000, TC_loss: 0.014
2026-08-14 16:59:18 [DEBUG]: RCA_loss: 0.003, TC_loss: 0.035
2026-08-14 16:59:18 [DEBUG]: RCA_loss: 0.004, TC_loss: 0.024
2026-08-14 16:59:18 [DEBUG]: RCA_loss: 0.015, TC_loss: 0.031
2026-08-14 16:59:18 [DEBUG]: RCA_loss: 0.013, TC_loss: 0.024
2026-08-14 16:59:19 [DEBUG]: RCA_loss: 0.072, TC_loss: 0.021
2026-08-14 16:59:19 [DEBUG]: RCA_loss: 0.081, TC_loss: 0.010
2026-08-14 16:59:19 [DEBUG]: RCA_loss: 0.212, TC_loss: 0.005
2026-08-14 16:59:19 [DEBUG]: RCA_loss: 0.061, TC_loss: 0.011
2026-08-14 16:59:19 [DEBUG]: RCA_loss: 0.205, TC_loss: 0.008
2026-08-14 16:59:19 [DEBUG]: RCA_loss: 0.004, TC_loss: 0.012
2026-08-14 16:59:19 [DEBUG]: RCA_loss: 0.015, TC_loss: 0.010
2026-08-14 16:59:20 [DEBUG]: RCA_loss: 0.035, TC_loss: 0.058
2026-08-14 16:59:20 [DEBUG]: RCA_loss: 0.003, TC_loss: 0.015
2026-08-14 16:59:20 [DEBUG]: RCA_loss: 0.027, TC_loss: 0.012
2026-08-14 16:59:20 [DEBUG]: RCA_loss: 0.080, TC_loss: 0.007
2026-08-14 16:59:20 [DEBUG]: RCA_loss: 0.009, TC_loss: 0.008
2026-08-14 16:59:20 [DEBUG]: RCA_loss: 0.050, TC_loss: 0.020
2026-08-14 16:59:20 [DEBUG]: RCA_loss: 0.001, TC_loss: 0.029
2026-08-14 16:59:20 [DEBUG]: RCA_loss: 0.000, TC_loss: 0.008
2026-08-14 16:59:20 [DEBUG]: RCA_loss: 0.001, TC_loss: 0.011
2026-08-14 16:59:20 [DEBUG]: RCA_loss: 0.004, TC_loss: 0.009
2026-08-14 16:59:21 [DEBUG]: RCA_loss: 0.005, TC_loss: 0.028
2026-08-14 16:59:21 [DEBUG]: RCA_loss: 0.001, TC_loss: 0.005
2026-08-14 16:59:21 [DEBUG]: RCA_loss: 0.001, TC_loss: 0.013
2026-08-14 16:59:21 [DEBUG]: RCA_loss: 0.001, TC_loss: 0.004
2026-08-14 16:59:21 [DEBUG]: RCA_loss: 0.004, TC_loss: 0.025
2026-08-14 16:59:21 [DEBUG]: RCA_loss: 0.017, TC_loss: 0.003
2026-08-14 16:59:21 [INFO]: Epoch 50 done. Loss: 0.049
2026-08-14 16:59:21 [DEBUG]: RCA_loss: 0.004, TC_loss: 0.023
2026-08-14 16:59:21 [DEBUG]: RCA_loss: 0.013, TC_loss: 0.018
2026-08-14 16:59:22 [DEBUG]: RCA_loss: 0.011, TC_loss: 0.003
2026-08-14 16:59:22 [DEBUG]: RCA_loss: 0.001, TC_loss: 0.010
2026-08-14 16:59:22 [DEBUG]: RCA_loss: 0.000, TC_loss: 0.009
2026-08-14 16:59:22 [DEBUG]: RCA_loss: 0.003, TC_loss: 0.013
2026-08-14 16:59:22 [DEBUG]: RCA_loss: 0.005, TC_loss: 0.012
2026-08-14 16:59:22 [DEBUG]: RCA_loss: 0.001, TC_loss: 0.007
2026-08-14 16:59:22 [DEBUG]: RCA_loss: 0.000, TC_loss: 0.006
2026-08-14 16:59:22 [DEBUG]: RCA_loss: 0.001, TC_loss: 0.009
2026-08-14 16:59:22 [DEBUG]: RCA_loss: 0.080, TC_loss: 0.020
2026-08-14 16:59:23 [DEBUG]: RCA_loss: 0.014, TC_loss: 0.006
2026-08-14 16:59:23 [DEBUG]: RCA_loss: 0.034, TC_loss: 0.006
2026-08-14 16:59:23 [DEBUG]: RCA_loss: 0.058, TC_loss: 0.022
2026-08-14 16:59:23 [DEBUG]: RCA_loss: 0.000, TC_loss: 0.016
2026-08-14 16:59:23 [DEBUG]: RCA_loss: 0.023, TC_loss: 0.020
2026-08-14 16:59:23 [DEBUG]: RCA_loss: 0.039, TC_loss: 0.018
2026-08-14 16:59:23 [DEBUG]: RCA_loss: 0.057, TC_loss: 0.005
2026-08-14 16:59:23 [DEBUG]: RCA_loss: 0.009, TC_loss: 0.012
2026-08-14 16:59:24 [DEBUG]: RCA_loss: 0.000, TC_loss: 0.028
2026-08-14 16:59:24 [DEBUG]: RCA_loss: 0.000, TC_loss: 0.015
2026-08-14 16:59:24 [DEBUG]: RCA_loss: 0.000, TC_loss: 0.013
2026-08-14 16:59:24 [DEBUG]: RCA_loss: 0.001, TC_loss: 0.014
2026-08-14 16:59:24 [DEBUG]: RCA_loss: 0.003, TC_loss: 0.007
2026-08-14 16:59:24 [DEBUG]: RCA_loss: 0.007, TC_loss: 0.002
2026-08-14 16:59:25 [DEBUG]: RCA_loss: 0.003, TC_loss: 0.006
2026-08-14 16:59:25 [DEBUG]: RCA_loss: 0.002, TC_loss: 0.014
2026-08-14 16:59:25 [DEBUG]: RCA_loss: 0.001, TC_loss: 0.013
2026-08-14 16:59:25 [DEBUG]: RCA_loss: 0.000, TC_loss: 0.004
2026-08-14 16:59:25 [INFO]: Epoch 51 done. Loss: 0.026
2026-08-14 16:59:25 [DEBUG]: RCA_loss: 0.001, TC_loss: 0.005
2026-08-14 16:59:25 [DEBUG]: RCA_loss: 0.001, TC_loss: 0.009
2026-08-14 16:59:25 [DEBUG]: RCA_loss: 0.001, TC_loss: 0.003
2026-08-14 16:59:26 [DEBUG]: RCA_loss: 0.013, TC_loss: 0.010
2026-08-14 16:59:26 [DEBUG]: RCA_loss: 0.001, TC_loss: 0.027
2026-08-14 16:59:26 [DEBUG]: RCA_loss: 0.001, TC_loss: 0.004
2026-08-14 16:59:26 [DEBUG]: RCA_loss: 0.000, TC_loss: 0.003
2026-08-14 16:59:26 [DEBUG]: RCA_loss: 0.002, TC_loss: 0.022
2026-08-14 16:59:26 [DEBUG]: RCA_loss: 0.004, TC_loss: 0.012
2026-08-14 16:59:26 [DEBUG]: RCA_loss: 0.001, TC_loss: 0.005
2026-08-14 16:59:26 [DEBUG]: RCA_loss: 0.010, TC_loss: 0.005
2026-08-14 16:59:26 [DEBUG]: RCA_loss: 0.000, TC_loss: 0.006
2026-08-14 16:59:27 [DEBUG]: RCA_loss: 0.024, TC_loss: 0.006
2026-08-14 16:59:27 [DEBUG]: RCA_loss: 0.052, TC_loss: 0.099
2026-08-14 16:59:27 [DEBUG]: RCA_loss: 0.000, TC_loss: 0.017
2026-08-14 16:59:27 [DEBUG]: RCA_loss: 0.007, TC_loss: 0.004
2026-08-14 16:59:27 [DEBUG]: RCA_loss: 0.010, TC_loss: 0.008
2026-08-14 16:59:27 [DEBUG]: RCA_loss: 0.025, TC_loss: 0.004
2026-08-14 16:59:27 [DEBUG]: RCA_loss: 0.013, TC_loss: 0.015
2026-08-14 16:59:28 [DEBUG]: RCA_loss: 0.001, TC_loss: 0.009
2026-08-14 16:59:28 [DEBUG]: RCA_loss: 0.000, TC_loss: 0.011
2026-08-14 16:59:28 [DEBUG]: RCA_loss: 0.001, TC_loss: 0.034
2026-08-14 16:59:28 [DEBUG]: RCA_loss: 0.000, TC_loss: 0.033
2026-08-14 16:59:28 [DEBUG]: RCA_loss: 0.003, TC_loss: 0.010
2026-08-14 16:59:28 [DEBUG]: RCA_loss: 0.001, TC_loss: 0.006
2026-08-14 16:59:29 [DEBUG]: RCA_loss: 0.000, TC_loss: 0.006
2026-08-14 16:59:29 [DEBUG]: RCA_loss: 0.001, TC_loss: 0.004
2026-08-14 16:59:29 [DEBUG]: RCA_loss: 0.000, TC_loss: 0.009
2026-08-14 16:59:29 [DEBUG]: RCA_loss: 0.000, TC_loss: 0.002
2026-08-14 16:59:29 [INFO]: Epoch 52 done. Loss: 0.020
2026-08-14 16:59:29 [DEBUG]: RCA_loss: 0.000, TC_loss: 0.004
2026-08-14 16:59:29 [DEBUG]: RCA_loss: 0.000, TC_loss: 0.004
2026-08-14 16:59:29 [DEBUG]: RCA_loss: 0.002, TC_loss: 0.009
2026-08-14 16:59:30 [DEBUG]: RCA_loss: 0.000, TC_loss: 0.005
2026-08-14 16:59:30 [DEBUG]: RCA_loss: 0.001, TC_loss: 0.009
2026-08-14 16:59:30 [DEBUG]: RCA_loss: 0.002, TC_loss: 0.004
2026-08-14 16:59:30 [DEBUG]: RCA_loss: 0.000, TC_loss: 0.003
2026-08-14 16:59:30 [DEBUG]: RCA_loss: 0.000, TC_loss: 0.007
2026-08-14 16:59:30 [DEBUG]: RCA_loss: 0.002, TC_loss: 0.002
2026-08-14 16:59:30 [DEBUG]: RCA_loss: 0.000, TC_loss: 0.004
2026-08-14 16:59:30 [DEBUG]: RCA_loss: 0.008, TC_loss: 0.005
2026-08-14 16:59:31 [DEBUG]: RCA_loss: 0.002, TC_loss: 0.020
2026-08-14 16:59:31 [DEBUG]: RCA_loss: 0.011, TC_loss: 0.005
2026-08-14 16:59:31 [DEBUG]: RCA_loss: 0.049, TC_loss: 0.012
2026-08-14 16:59:31 [DEBUG]: RCA_loss: 0.001, TC_loss: 0.009
2026-08-14 16:59:31 [DEBUG]: RCA_loss: 0.018, TC_loss: 0.008
2026-08-14 16:59:31 [DEBUG]: RCA_loss: 0.026, TC_loss: 0.016
2026-08-14 16:59:31 [DEBUG]: RCA_loss: 0.083, TC_loss: 0.007
2026-08-14 16:59:31 [DEBUG]: RCA_loss: 0.071, TC_loss: 0.008
2026-08-14 16:59:31 [DEBUG]: RCA_loss: 0.000, TC_loss: 0.012
2026-08-14 16:59:32 [DEBUG]: RCA_loss: 0.000, TC_loss: 0.037
2026-08-14 16:59:32 [DEBUG]: RCA_loss: 0.000, TC_loss: 0.005
2026-08-14 16:59:32 [DEBUG]: RCA_loss: 0.000, TC_loss: 0.004
2026-08-14 16:59:32 [DEBUG]: RCA_loss: 0.000, TC_loss: 0.002
2026-08-14 16:59:32 [DEBUG]: RCA_loss: 0.001, TC_loss: 0.012
2026-08-14 16:59:32 [DEBUG]: RCA_loss: 0.000, TC_loss: 0.003
2026-08-14 16:59:32 [DEBUG]: RCA_loss: 0.002, TC_loss: 0.002
2026-08-14 16:59:33 [DEBUG]: RCA_loss: 0.001, TC_loss: 0.005
2026-08-14 16:59:33 [DEBUG]: RCA_loss: 0.000, TC_loss: 0.003
2026-08-14 16:59:33 [INFO]: Epoch 53 done. Loss: 0.018
2026-08-14 16:59:33 [DEBUG]: RCA_loss: 0.000, TC_loss: 0.008
2026-08-14 16:59:33 [DEBUG]: RCA_loss: 0.000, TC_loss: 0.009
2026-08-14 16:59:33 [DEBUG]: RCA_loss: 0.000, TC_loss: 0.003
2026-08-14 16:59:33 [DEBUG]: RCA_loss: 0.005, TC_loss: 0.004
2026-08-14 16:59:33 [DEBUG]: RCA_loss: 0.001, TC_loss: 0.013
2026-08-14 16:59:33 [DEBUG]: RCA_loss: 0.002, TC_loss: 0.008
2026-08-14 16:59:33 [DEBUG]: RCA_loss: 0.000, TC_loss: 0.002
2026-08-14 16:59:34 [DEBUG]: RCA_loss: 0.000, TC_loss: 0.005
2026-08-14 16:59:34 [DEBUG]: RCA_loss: 0.001, TC_loss: 0.003
2026-08-14 16:59:34 [DEBUG]: RCA_loss: 0.000, TC_loss: 0.009
2026-08-14 16:59:34 [DEBUG]: RCA_loss: 0.015, TC_loss: 0.007
2026-08-14 16:59:34 [DEBUG]: RCA_loss: 0.000, TC_loss: 0.009
2026-08-14 16:59:34 [DEBUG]: RCA_loss: 0.019, TC_loss: 0.006
2026-08-14 16:59:34 [DEBUG]: RCA_loss: 0.023, TC_loss: 0.095
2026-08-14 16:59:34 [DEBUG]: RCA_loss: 0.000, TC_loss: 0.009
2026-08-14 16:59:35 [DEBUG]: RCA_loss: 0.006, TC_loss: 0.005
2026-08-14 16:59:35 [DEBUG]: RCA_loss: 0.055, TC_loss: 0.008
2026-08-14 16:59:35 [DEBUG]: RCA_loss: 0.022, TC_loss: 0.003
2026-08-14 16:59:35 [DEBUG]: RCA_loss: 0.025, TC_loss: 0.006
2026-08-14 16:59:35 [DEBUG]: RCA_loss: 0.000, TC_loss: 0.023
2026-08-14 16:59:35 [DEBUG]: RCA_loss: 0.001, TC_loss: 0.006
2026-08-14 16:59:35 [DEBUG]: RCA_loss: 0.000, TC_loss: 0.010
2026-08-14 16:59:35 [DEBUG]: RCA_loss: 0.001, TC_loss: 0.006
2026-08-14 16:59:35 [DEBUG]: RCA_loss: 0.001, TC_loss: 0.003
2026-08-14 16:59:36 [DEBUG]: RCA_loss: 0.001, TC_loss: 0.005
2026-08-14 16:59:36 [DEBUG]: RCA_loss: 0.000, TC_loss: 0.004
2026-08-14 16:59:36 [DEBUG]: RCA_loss: 0.000, TC_loss: 0.004
2026-08-14 16:59:36 [DEBUG]: RCA_loss: 0.000, TC_loss: 0.012
2026-08-14 16:59:36 [DEBUG]: RCA_loss: 0.001, TC_loss: 0.002
2026-08-14 16:59:36 [INFO]: Epoch 54 done. Loss: 0.017
2026-08-14 16:59:36 [DEBUG]: RCA_loss: 0.000, TC_loss: 0.007
2026-08-14 16:59:36 [DEBUG]: RCA_loss: 0.000, TC_loss: 0.005
2026-08-14 16:59:36 [DEBUG]: RCA_loss: 0.009, TC_loss: 0.005
2026-08-14 16:59:37 [DEBUG]: RCA_loss: 0.000, TC_loss: 0.004
2026-08-14 16:59:37 [DEBUG]: RCA_loss: 0.000, TC_loss: 0.005
2026-08-14 16:59:37 [DEBUG]: RCA_loss: 0.002, TC_loss: 0.005
2026-08-14 16:59:37 [DEBUG]: RCA_loss: 0.001, TC_loss: 0.003
2026-08-14 16:59:37 [DEBUG]: RCA_loss: 0.000, TC_loss: 0.005
2026-08-14 16:59:37 [DEBUG]: RCA_loss: 0.000, TC_loss: 0.003
2026-08-14 16:59:37 [DEBUG]: RCA_loss: 0.000, TC_loss: 0.004
2026-08-14 16:59:37 [DEBUG]: RCA_loss: 0.126, TC_loss: 0.010
2026-08-14 16:59:37 [DEBUG]: RCA_loss: 0.002, TC_loss: 0.006
2026-08-14 16:59:38 [DEBUG]: RCA_loss: 0.017, TC_loss: 0.011
2026-08-14 16:59:38 [DEBUG]: RCA_loss: 0.015, TC_loss: 0.006
2026-08-14 16:59:38 [DEBUG]: RCA_loss: 0.004, TC_loss: 0.003
2026-08-14 16:59:38 [DEBUG]: RCA_loss: 0.027, TC_loss: 0.003
2026-08-14 16:59:38 [DEBUG]: RCA_loss: 0.010, TC_loss: 0.008
2026-08-14 16:59:38 [DEBUG]: RCA_loss: 0.011, TC_loss: 0.004
2026-08-14 16:59:38 [DEBUG]: RCA_loss: 0.015, TC_loss: 0.004
2026-08-14 16:59:38 [DEBUG]: RCA_loss: 0.000, TC_loss: 0.011
2026-08-14 16:59:39 [DEBUG]: RCA_loss: 0.002, TC_loss: 0.013
2026-08-14 16:59:39 [DEBUG]: RCA_loss: 0.000, TC_loss: 0.023
2026-08-14 16:59:39 [DEBUG]: RCA_loss: 0.001, TC_loss: 0.012
2026-08-14 16:59:39 [DEBUG]: RCA_loss: 0.006, TC_loss: 0.004
2026-08-14 16:59:39 [DEBUG]: RCA_loss: 0.002, TC_loss: 0.006
2026-08-14 16:59:39 [DEBUG]: RCA_loss: 0.000, TC_loss: 0.002
2026-08-14 16:59:39 [DEBUG]: RCA_loss: 0.001, TC_loss: 0.002
2026-08-14 16:59:40 [DEBUG]: RCA_loss: 0.000, TC_loss: 0.007
2026-08-14 16:59:40 [DEBUG]: RCA_loss: 0.000, TC_loss: 0.003
2026-08-14 16:59:40 [INFO]: Epoch 55 done. Loss: 0.015
2026-08-14 16:59:40 [DEBUG]: RCA_loss: 0.001, TC_loss: 0.004
2026-08-14 16:59:40 [DEBUG]: RCA_loss: 0.001, TC_loss: 0.002
2026-08-14 16:59:40 [DEBUG]: RCA_loss: 0.001, TC_loss: 0.002
2026-08-14 16:59:40 [DEBUG]: RCA_loss: 0.001, TC_loss: 0.004
2026-08-14 16:59:41 [DEBUG]: RCA_loss: 0.000, TC_loss: 0.010
2026-08-14 16:59:41 [DEBUG]: RCA_loss: 0.000, TC_loss: 0.004
2026-08-14 16:59:41 [DEBUG]: RCA_loss: 0.004, TC_loss: 0.006
2026-08-14 16:59:41 [DEBUG]: RCA_loss: 0.000, TC_loss: 0.005
2026-08-14 16:59:42 [DEBUG]: RCA_loss: 0.003, TC_loss: 0.002
2026-08-14 16:59:42 [DEBUG]: RCA_loss: 0.000, TC_loss: 0.004
2026-08-14 16:59:42 [DEBUG]: RCA_loss: 0.027, TC_loss: 0.011
2026-08-14 16:59:42 [DEBUG]: RCA_loss: 0.001, TC_loss: 0.011
2026-08-14 16:59:42 [DEBUG]: RCA_loss: 0.013, TC_loss: 0.003
2026-08-14 16:59:43 [DEBUG]: RCA_loss: 0.039, TC_loss: 0.011
2026-08-14 16:59:43 [DEBUG]: RCA_loss: 0.000, TC_loss: 0.006
2026-08-14 16:59:43 [DEBUG]: RCA_loss: 0.018, TC_loss: 0.003
2026-08-14 16:59:43 [DEBUG]: RCA_loss: 0.006, TC_loss: 0.004
2026-08-14 16:59:43 [DEBUG]: RCA_loss: 0.014, TC_loss: 0.003
2026-08-14 16:59:43 [DEBUG]: RCA_loss: 0.012, TC_loss: 0.004
2026-08-14 16:59:44 [DEBUG]: RCA_loss: 0.000, TC_loss: 0.019
2026-08-14 16:59:44 [DEBUG]: RCA_loss: 0.000, TC_loss: 0.002
2026-08-14 16:59:44 [DEBUG]: RCA_loss: 0.000, TC_loss: 0.004
2026-08-14 16:59:44 [DEBUG]: RCA_loss: 0.000, TC_loss: 0.005
2026-08-14 16:59:44 [DEBUG]: RCA_loss: 0.001, TC_loss: 0.003
2026-08-14 16:59:44 [DEBUG]: RCA_loss: 0.000, TC_loss: 0.004
2026-08-14 16:59:45 [DEBUG]: RCA_loss: 0.000, TC_loss: 0.004
2026-08-14 16:59:45 [DEBUG]: RCA_loss: 0.000, TC_loss: 0.002
2026-08-14 16:59:45 [DEBUG]: RCA_loss: 0.001, TC_loss: 0.005
2026-08-14 16:59:45 [DEBUG]: RCA_loss: 0.000, TC_loss: 0.003
2026-08-14 16:59:45 [INFO]: Epoch 56 done. Loss: 0.010
2026-08-14 16:59:45 [DEBUG]: RCA_loss: 0.001, TC_loss: 0.007
2026-08-14 16:59:45 [DEBUG]: RCA_loss: 0.000, TC_loss: 0.009
2026-08-14 16:59:45 [DEBUG]: RCA_loss: 0.000, TC_loss: 0.003
2026-08-14 16:59:46 [DEBUG]: RCA_loss: 0.001, TC_loss: 0.002
2026-08-14 16:59:46 [DEBUG]: RCA_loss: 0.000, TC_loss: 0.005
2026-08-14 16:59:46 [DEBUG]: RCA_loss: 0.000, TC_loss: 0.006
2026-08-14 16:59:46 [DEBUG]: RCA_loss: 0.006, TC_loss: 0.002
2026-08-14 16:59:46 [DEBUG]: RCA_loss: 0.000, TC_loss: 0.004
2026-08-14 16:59:46 [DEBUG]: RCA_loss: 0.002, TC_loss: 0.002
2026-08-14 16:59:46 [DEBUG]: RCA_loss: 0.000, TC_loss: 0.002
2026-08-14 16:59:46 [DEBUG]: RCA_loss: 0.034, TC_loss: 0.003
2026-08-14 16:59:46 [DEBUG]: RCA_loss: 0.000, TC_loss: 0.003
2026-08-14 16:59:47 [DEBUG]: RCA_loss: 0.016, TC_loss: 0.002
2026-08-14 16:59:47 [DEBUG]: RCA_loss: 0.064, TC_loss: 0.008
2026-08-14 16:59:47 [DEBUG]: RCA_loss: 0.000, TC_loss: 0.008
2026-08-14 16:59:47 [DEBUG]: RCA_loss: 0.006, TC_loss: 0.006
2026-08-14 16:59:47 [DEBUG]: RCA_loss: 0.011, TC_loss: 0.013
2026-08-14 16:59:47 [DEBUG]: RCA_loss: 0.025, TC_loss: 0.003
2026-08-14 16:59:47 [DEBUG]: RCA_loss: 0.014, TC_loss: 0.005
2026-08-14 16:59:48 [DEBUG]: RCA_loss: 0.001, TC_loss: 0.003
2026-08-14 16:59:48 [DEBUG]: RCA_loss: 0.000, TC_loss: 0.004
2026-08-14 16:59:48 [DEBUG]: RCA_loss: 0.001, TC_loss: 0.003
2026-08-14 16:59:48 [DEBUG]: RCA_loss: 0.001, TC_loss: 0.004
2026-08-14 16:59:48 [DEBUG]: RCA_loss: 0.000, TC_loss: 0.003
2026-08-14 16:59:48 [DEBUG]: RCA_loss: 0.002, TC_loss: 0.008
2026-08-14 16:59:49 [DEBUG]: RCA_loss: 0.001, TC_loss: 0.004
2026-08-14 16:59:49 [DEBUG]: RCA_loss: 0.001, TC_loss: 0.003
2026-08-14 16:59:49 [DEBUG]: RCA_loss: 0.000, TC_loss: 0.005
2026-08-14 16:59:49 [DEBUG]: RCA_loss: 0.000, TC_loss: 0.001
2026-08-14 16:59:49 [INFO]: Epoch 57 done. Loss: 0.011
2026-08-14 16:59:49 [DEBUG]: RCA_loss: 0.000, TC_loss: 0.004
2026-08-14 16:59:49 [DEBUG]: RCA_loss: 0.000, TC_loss: 0.003
2026-08-14 16:59:50 [DEBUG]: RCA_loss: 0.001, TC_loss: 0.003
2026-08-14 16:59:50 [DEBUG]: RCA_loss: 0.001, TC_loss: 0.003
2026-08-14 16:59:50 [DEBUG]: RCA_loss: 0.000, TC_loss: 0.004
2026-08-14 16:59:50 [DEBUG]: RCA_loss: 0.001, TC_loss: 0.004
2026-08-14 16:59:50 [DEBUG]: RCA_loss: 0.003, TC_loss: 0.002
2026-08-14 16:59:50 [DEBUG]: RCA_loss: 0.000, TC_loss: 0.003
2026-08-14 16:59:50 [DEBUG]: RCA_loss: 0.000, TC_loss: 0.003
2026-08-14 16:59:50 [DEBUG]: RCA_loss: 0.000, TC_loss: 0.002
2026-08-14 16:59:51 [DEBUG]: RCA_loss: 0.037, TC_loss: 0.007
2026-08-14 16:59:51 [DEBUG]: RCA_loss: 0.000, TC_loss: 0.004
2026-08-14 16:59:51 [DEBUG]: RCA_loss: 0.071, TC_loss: 0.004
2026-08-14 16:59:51 [DEBUG]: RCA_loss: 0.028, TC_loss: 0.017
2026-08-14 16:59:51 [DEBUG]: RCA_loss: 0.000, TC_loss: 0.009
2026-08-14 16:59:51 [DEBUG]: RCA_loss: 0.019, TC_loss: 0.005
2026-08-14 16:59:51 [DEBUG]: RCA_loss: 0.069, TC_loss: 0.009
2026-08-14 16:59:51 [DEBUG]: RCA_loss: 0.022, TC_loss: 0.001
2026-08-14 16:59:52 [DEBUG]: RCA_loss: 0.053, TC_loss: 0.003
2026-08-14 16:59:52 [DEBUG]: RCA_loss: 0.000, TC_loss: 0.004
2026-08-14 16:59:52 [DEBUG]: RCA_loss: 0.000, TC_loss: 0.005
2026-08-14 16:59:52 [DEBUG]: RCA_loss: 0.000, TC_loss: 0.006
2026-08-14 16:59:52 [DEBUG]: RCA_loss: 0.000, TC_loss: 0.003
2026-08-14 16:59:52 [DEBUG]: RCA_loss: 0.000, TC_loss: 0.003
2026-08-14 16:59:52 [DEBUG]: RCA_loss: 0.000, TC_loss: 0.004
2026-08-14 16:59:52 [DEBUG]: RCA_loss: 0.001, TC_loss: 0.002
2026-08-14 16:59:53 [DEBUG]: RCA_loss: 0.002, TC_loss: 0.002
2026-08-14 16:59:53 [DEBUG]: RCA_loss: 0.004, TC_loss: 0.005
2026-08-14 16:59:53 [DEBUG]: RCA_loss: 0.000, TC_loss: 0.003
2026-08-14 16:59:53 [INFO]: Epoch 58 done. Loss: 0.015
2026-08-14 16:59:53 [DEBUG]: RCA_loss: 0.001, TC_loss: 0.003
2026-08-14 16:59:53 [DEBUG]: RCA_loss: 0.000, TC_loss: 0.014
2026-08-14 16:59:53 [DEBUG]: RCA_loss: 0.002, TC_loss: 0.001
2026-08-14 16:59:53 [DEBUG]: RCA_loss: 0.000, TC_loss: 0.003
2026-08-14 16:59:53 [DEBUG]: RCA_loss: 0.002, TC_loss: 0.004
2026-08-14 16:59:54 [DEBUG]: RCA_loss: 0.003, TC_loss: 0.002
2026-08-14 16:59:54 [DEBUG]: RCA_loss: 0.000, TC_loss: 0.002
2026-08-14 16:59:54 [DEBUG]: RCA_loss: 0.000, TC_loss: 0.002
2026-08-14 16:59:54 [DEBUG]: RCA_loss: 0.007, TC_loss: 0.002
2026-08-14 16:59:54 [DEBUG]: RCA_loss: 0.000, TC_loss: 0.002
2026-08-14 16:59:54 [DEBUG]: RCA_loss: 0.011, TC_loss: 0.004
2026-08-14 16:59:55 [DEBUG]: RCA_loss: 0.008, TC_loss: 0.002
2026-08-14 16:59:55 [DEBUG]: RCA_loss: 0.024, TC_loss: 0.002
2026-08-14 16:59:55 [DEBUG]: RCA_loss: 0.004, TC_loss: 0.007
2026-08-14 16:59:55 [DEBUG]: RCA_loss: 0.000, TC_loss: 0.002
2026-08-14 16:59:55 [DEBUG]: RCA_loss: 0.040, TC_loss: 0.003
2026-08-14 16:59:55 [DEBUG]: RCA_loss: 0.002, TC_loss: 0.004
2026-08-14 16:59:56 [DEBUG]: RCA_loss: 0.009, TC_loss: 0.004
2026-08-14 16:59:56 [DEBUG]: RCA_loss: 0.031, TC_loss: 0.002
2026-08-14 16:59:56 [DEBUG]: RCA_loss: 0.000, TC_loss: 0.003
2026-08-14 16:59:56 [DEBUG]: RCA_loss: 0.000, TC_loss: 0.004
2026-08-14 16:59:56 [DEBUG]: RCA_loss: 0.000, TC_loss: 0.002
2026-08-14 16:59:57 [DEBUG]: RCA_loss: 0.001, TC_loss: 0.012
2026-08-14 16:59:57 [DEBUG]: RCA_loss: 0.001, TC_loss: 0.002
2026-08-14 16:59:57 [DEBUG]: RCA_loss: 0.000, TC_loss: 0.002
2026-08-14 16:59:57 [DEBUG]: RCA_loss: 0.000, TC_loss: 0.002
2026-08-14 16:59:57 [DEBUG]: RCA_loss: 0.000, TC_loss: 0.003
2026-08-14 16:59:57 [DEBUG]: RCA_loss: 0.000, TC_loss: 0.004
2026-08-14 16:59:57 [DEBUG]: RCA_loss: 0.000, TC_loss: 0.002
2026-08-14 16:59:57 [INFO]: Epoch 59 done. Loss: 0.009
2026-08-14 16:59:57 [DEBUG]: RCA_loss: 0.000, TC_loss: 0.003
2026-08-14 16:59:58 [DEBUG]: RCA_loss: 0.000, TC_loss: 0.003
2026-08-14 16:59:58 [DEBUG]: RCA_loss: 0.000, TC_loss: 0.002
2026-08-14 16:59:58 [DEBUG]: RCA_loss: 0.000, TC_loss: 0.003
2026-08-14 16:59:58 [DEBUG]: RCA_loss: 0.001, TC_loss: 0.004
2026-08-14 16:59:58 [DEBUG]: RCA_loss: 0.001, TC_loss: 0.002
2026-08-14 16:59:58 [DEBUG]: RCA_loss: 0.001, TC_loss: 0.002
2026-08-14 16:59:59 [DEBUG]: RCA_loss: 0.000, TC_loss: 0.004
2026-08-14 16:59:59 [DEBUG]: RCA_loss: 0.000, TC_loss: 0.001
2026-08-14 16:59:59 [DEBUG]: RCA_loss: 0.000, TC_loss: 0.001
2026-08-14 16:59:59 [DEBUG]: RCA_loss: 0.026, TC_loss: 0.005
2026-08-14 16:59:59 [DEBUG]: RCA_loss: 0.000, TC_loss: 0.007
2026-08-14 16:59:59 [DEBUG]: RCA_loss: 0.048, TC_loss: 0.005
2026-08-14 16:59:59 [DEBUG]: RCA_loss: 0.056, TC_loss: 0.010
2026-08-14 17:00:00 [DEBUG]: RCA_loss: 0.000, TC_loss: 0.003
2026-08-14 17:00:00 [DEBUG]: RCA_loss: 0.012, TC_loss: 0.005
2026-08-14 17:00:00 [DEBUG]: RCA_loss: 0.035, TC_loss: 0.009
2026-08-14 17:00:00 [DEBUG]: RCA_loss: 0.041, TC_loss: 0.002
2026-08-14 17:00:00 [DEBUG]: RCA_loss: 0.097, TC_loss: 0.003
2026-08-14 17:00:00 [DEBUG]: RCA_loss: 0.000, TC_loss: 0.002
2026-08-14 17:00:01 [DEBUG]: RCA_loss: 0.000, TC_loss: 0.006
2026-08-14 17:00:01 [DEBUG]: RCA_loss: 0.000, TC_loss: 0.008
2026-08-14 17:00:01 [DEBUG]: RCA_loss: 0.000, TC_loss: 0.002
2026-08-14 17:00:01 [DEBUG]: RCA_loss: 0.002, TC_loss: 0.001
2026-08-14 17:00:01 [DEBUG]: RCA_loss: 0.002, TC_loss: 0.007
2026-08-14 17:00:02 [DEBUG]: RCA_loss: 0.000, TC_loss: 0.002
2026-08-14 17:00:02 [DEBUG]: RCA_loss: 0.001, TC_loss: 0.005
2026-08-14 17:00:02 [DEBUG]: RCA_loss: 0.000, TC_loss: 0.007
2026-08-14 17:00:02 [DEBUG]: RCA_loss: 0.000, TC_loss: 0.006
2026-08-14 17:00:02 [INFO]: Epoch 60 done. Loss: 0.016
2026-08-14 17:00:02 [DEBUG]: RCA_loss: 0.001, TC_loss: 0.003
2026-08-14 17:00:03 [DEBUG]: RCA_loss: 0.000, TC_loss: 0.003
2026-08-14 17:00:03 [DEBUG]: RCA_loss: 0.001, TC_loss: 0.002
2026-08-14 17:00:03 [DEBUG]: RCA_loss: 0.001, TC_loss: 0.016
2026-08-14 17:00:03 [DEBUG]: RCA_loss: 0.001, TC_loss: 0.007
2026-08-14 17:00:03 [DEBUG]: RCA_loss: 0.000, TC_loss: 0.006
2026-08-14 17:00:04 [DEBUG]: RCA_loss: 0.001, TC_loss: 0.004
2026-08-14 17:00:04 [DEBUG]: RCA_loss: 0.001, TC_loss: 0.004
2026-08-14 17:00:04 [DEBUG]: RCA_loss: 0.001, TC_loss: 0.004
2026-08-14 17:00:05 [DEBUG]: RCA_loss: 0.001, TC_loss: 0.002
2026-08-14 17:00:05 [DEBUG]: RCA_loss: 0.022, TC_loss: 0.002
2026-08-14 17:00:05 [DEBUG]: RCA_loss: 0.001, TC_loss: 0.004
2026-08-14 17:00:05 [DEBUG]: RCA_loss: 0.019, TC_loss: 0.002
2026-08-14 17:00:06 [DEBUG]: RCA_loss: 0.017, TC_loss: 0.066
2026-08-14 17:00:06 [DEBUG]: RCA_loss: 0.000, TC_loss: 0.021
2026-08-14 17:00:06 [DEBUG]: RCA_loss: 0.028, TC_loss: 0.002
2026-08-14 17:00:06 [DEBUG]: RCA_loss: 0.011, TC_loss: 0.004
2026-08-14 17:00:06 [DEBUG]: RCA_loss: 0.028, TC_loss: 0.006
2026-08-14 17:00:07 [DEBUG]: RCA_loss: 0.018, TC_loss: 0.003
2026-08-14 17:00:07 [DEBUG]: RCA_loss: 0.000, TC_loss: 0.003
2026-08-14 17:00:07 [DEBUG]: RCA_loss: 0.000, TC_loss: 0.004
2026-08-14 17:00:07 [DEBUG]: RCA_loss: 0.000, TC_loss: 0.058
2026-08-14 17:00:07 [DEBUG]: RCA_loss: 0.000, TC_loss: 0.011
2026-08-14 17:00:08 [DEBUG]: RCA_loss: 0.001, TC_loss: 0.003
2026-08-14 17:00:08 [DEBUG]: RCA_loss: 0.001, TC_loss: 0.002
2026-08-14 17:00:08 [DEBUG]: RCA_loss: 0.001, TC_loss: 0.002
2026-08-14 17:00:08 [DEBUG]: RCA_loss: 0.000, TC_loss: 0.002
2026-08-14 17:00:08 [DEBUG]: RCA_loss: 0.000, TC_loss: 0.003
2026-08-14 17:00:09 [DEBUG]: RCA_loss: 0.000, TC_loss: 0.003
2026-08-14 17:00:09 [INFO]: Epoch 61 done. Loss: 0.014
2026-08-14 17:00:09 [DEBUG]: RCA_loss: 0.000, TC_loss: 0.003
2026-08-14 17:00:09 [DEBUG]: RCA_loss: 0.002, TC_loss: 0.007
2026-08-14 17:00:09 [DEBUG]: RCA_loss: 0.000, TC_loss: 0.002
2026-08-14 17:00:10 [DEBUG]: RCA_loss: 0.001, TC_loss: 0.025
2026-08-14 17:00:10 [DEBUG]: RCA_loss: 0.001, TC_loss: 0.009
2026-08-14 17:00:10 [DEBUG]: RCA_loss: 0.000, TC_loss: 0.006
2026-08-14 17:00:10 [DEBUG]: RCA_loss: 0.000, TC_loss: 0.003
2026-08-14 17:00:10 [DEBUG]: RCA_loss: 0.000, TC_loss: 0.006
2026-08-14 17:00:10 [DEBUG]: RCA_loss: 0.000, TC_loss: 0.026
2026-08-14 17:00:11 [DEBUG]: RCA_loss: 0.000, TC_loss: 0.016
2026-08-14 17:00:11 [DEBUG]: RCA_loss: 0.021, TC_loss: 0.002
2026-08-14 17:00:11 [DEBUG]: RCA_loss: 0.010, TC_loss: 0.004
2026-08-14 17:00:11 [DEBUG]: RCA_loss: 0.024, TC_loss: 0.005
2026-08-14 17:00:11 [DEBUG]: RCA_loss: 0.021, TC_loss: 0.026
2026-08-14 17:00:12 [DEBUG]: RCA_loss: 0.000, TC_loss: 0.003
2026-08-14 17:00:12 [DEBUG]: RCA_loss: 0.025, TC_loss: 0.109
2026-08-14 17:00:12 [DEBUG]: RCA_loss: 0.006, TC_loss: 0.004
2026-08-14 17:00:12 [DEBUG]: RCA_loss: 0.033, TC_loss: 0.003
2026-08-14 17:00:12 [DEBUG]: RCA_loss: 0.115, TC_loss: 0.004
2026-08-14 17:00:13 [DEBUG]: RCA_loss: 0.000, TC_loss: 0.005
2026-08-14 17:00:13 [DEBUG]: RCA_loss: 0.000, TC_loss: 0.015
2026-08-14 17:00:13 [DEBUG]: RCA_loss: 0.001, TC_loss: 0.046
2026-08-14 17:00:13 [DEBUG]: RCA_loss: 0.000, TC_loss: 0.005
2026-08-14 17:00:13 [DEBUG]: RCA_loss: 0.000, TC_loss: 0.004
2026-08-14 17:00:14 [DEBUG]: RCA_loss: 0.001, TC_loss: 0.003
2026-08-14 17:00:14 [DEBUG]: RCA_loss: 0.000, TC_loss: 0.002
2026-08-14 17:00:14 [DEBUG]: RCA_loss: 0.001, TC_loss: 0.004
2026-08-14 17:00:15 [DEBUG]: RCA_loss: 0.001, TC_loss: 0.006
2026-08-14 17:00:15 [DEBUG]: RCA_loss: 0.001, TC_loss: 0.001
2026-08-14 17:00:15 [INFO]: Epoch 62 done. Loss: 0.022
2026-08-14 17:00:15 [DEBUG]: RCA_loss: 0.001, TC_loss: 0.002
2026-08-14 17:00:15 [DEBUG]: RCA_loss: 0.001, TC_loss: 0.012
2026-08-14 17:00:15 [DEBUG]: RCA_loss: 0.009, TC_loss: 0.010
2026-08-14 17:00:16 [DEBUG]: RCA_loss: 0.001, TC_loss: 0.003
2026-08-14 17:00:16 [DEBUG]: RCA_loss: 0.001, TC_loss: 0.006
2026-08-14 17:00:16 [DEBUG]: RCA_loss: 0.003, TC_loss: 0.003
2026-08-14 17:00:16 [DEBUG]: RCA_loss: 0.129, TC_loss: 0.002
2026-08-14 17:00:16 [DEBUG]: RCA_loss: 0.000, TC_loss: 0.002
2026-08-14 17:00:17 [DEBUG]: RCA_loss: 0.001, TC_loss: 0.002
2026-08-14 17:00:17 [DEBUG]: RCA_loss: 0.001, TC_loss: 0.003
2026-08-14 17:00:17 [DEBUG]: RCA_loss: 0.039, TC_loss: 0.004
2026-08-14 17:00:17 [DEBUG]: RCA_loss: 0.000, TC_loss: 0.019
2026-08-14 17:00:17 [DEBUG]: RCA_loss: 0.031, TC_loss: 0.003
2026-08-14 17:00:18 [DEBUG]: RCA_loss: 0.025, TC_loss: 0.009
2026-08-14 17:00:18 [DEBUG]: RCA_loss: 0.005, TC_loss: 0.012
2026-08-14 17:00:18 [DEBUG]: RCA_loss: 0.039, TC_loss: 0.006
2026-08-14 17:00:19 [DEBUG]: RCA_loss: 0.138, TC_loss: 0.006
2026-08-14 17:00:19 [DEBUG]: RCA_loss: 0.031, TC_loss: 0.010
2026-08-14 17:00:19 [DEBUG]: RCA_loss: 0.017, TC_loss: 0.014
2026-08-14 17:00:19 [DEBUG]: RCA_loss: 0.000, TC_loss: 0.007
2026-08-14 17:00:20 [DEBUG]: RCA_loss: 0.000, TC_loss: 0.006
2026-08-14 17:00:20 [DEBUG]: RCA_loss: 0.008, TC_loss: 0.007
2026-08-14 17:00:20 [DEBUG]: RCA_loss: 0.001, TC_loss: 0.018
2026-08-14 17:00:20 [DEBUG]: RCA_loss: 0.003, TC_loss: 0.004
2026-08-14 17:00:21 [DEBUG]: RCA_loss: 0.001, TC_loss: 0.009
2026-08-14 17:00:21 [DEBUG]: RCA_loss: 0.001, TC_loss: 0.003
2026-08-14 17:00:21 [DEBUG]: RCA_loss: 0.003, TC_loss: 0.005
2026-08-14 17:00:21 [DEBUG]: RCA_loss: 0.003, TC_loss: 0.004
2026-08-14 17:00:21 [DEBUG]: RCA_loss: 0.002, TC_loss: 0.002
2026-08-14 17:00:21 [INFO]: Epoch 63 done. Loss: 0.024
2026-08-14 17:00:21 [DEBUG]: RCA_loss: 0.001, TC_loss: 0.016
2026-08-14 17:00:22 [DEBUG]: RCA_loss: 0.004, TC_loss: 0.007
2026-08-14 17:00:22 [DEBUG]: RCA_loss: 0.000, TC_loss: 0.003
2026-08-14 17:00:22 [DEBUG]: RCA_loss: 0.001, TC_loss: 0.005
2026-08-14 17:00:22 [DEBUG]: RCA_loss: 0.001, TC_loss: 0.007
2026-08-14 17:00:22 [DEBUG]: RCA_loss: 0.000, TC_loss: 0.012
2026-08-14 17:00:23 [DEBUG]: RCA_loss: 0.000, TC_loss: 0.002
2026-08-14 17:00:23 [DEBUG]: RCA_loss: 0.004, TC_loss: 0.016
2026-08-14 17:00:23 [DEBUG]: RCA_loss: 0.018, TC_loss: 0.005
2026-08-14 17:00:23 [DEBUG]: RCA_loss: 0.000, TC_loss: 0.004
2026-08-14 17:00:23 [DEBUG]: RCA_loss: 0.056, TC_loss: 0.004
2026-08-14 17:00:24 [DEBUG]: RCA_loss: 0.109, TC_loss: 0.011
2026-08-14 17:00:24 [DEBUG]: RCA_loss: 0.008, TC_loss: 0.010
2026-08-14 17:00:24 [DEBUG]: RCA_loss: 0.035, TC_loss: 0.005
2026-08-14 17:00:24 [DEBUG]: RCA_loss: 0.000, TC_loss: 0.005
2026-08-14 17:00:25 [DEBUG]: RCA_loss: 0.035, TC_loss: 0.005
2026-08-14 17:00:25 [DEBUG]: RCA_loss: 0.189, TC_loss: 0.011
2026-08-14 17:00:25 [DEBUG]: RCA_loss: 0.026, TC_loss: 0.004
2026-08-14 17:00:25 [DEBUG]: RCA_loss: 0.005, TC_loss: 0.009
2026-08-14 17:00:25 [DEBUG]: RCA_loss: 0.005, TC_loss: 0.003
2026-08-14 17:00:26 [DEBUG]: RCA_loss: 0.047, TC_loss: 0.013
2026-08-14 17:00:26 [DEBUG]: RCA_loss: 0.002, TC_loss: 0.010
2026-08-14 17:00:26 [DEBUG]: RCA_loss: 0.000, TC_loss: 0.003
2026-08-14 17:00:26 [DEBUG]: RCA_loss: 0.001, TC_loss: 0.002
2026-08-14 17:00:26 [DEBUG]: RCA_loss: 0.001, TC_loss: 0.004
2026-08-14 17:00:27 [DEBUG]: RCA_loss: 0.000, TC_loss: 0.007
2026-08-14 17:00:27 [DEBUG]: RCA_loss: 0.000, TC_loss: 0.002
2026-08-14 17:00:27 [DEBUG]: RCA_loss: 0.000, TC_loss: 0.009
2026-08-14 17:00:27 [DEBUG]: RCA_loss: 0.046, TC_loss: 0.002
2026-08-14 17:00:27 [INFO]: Epoch 64 done. Loss: 0.027
2026-08-14 17:00:27 [DEBUG]: RCA_loss: 0.000, TC_loss: 0.006
2026-08-14 17:00:28 [DEBUG]: RCA_loss: 0.028, TC_loss: 0.004
2026-08-14 17:00:28 [DEBUG]: RCA_loss: 0.006, TC_loss: 0.008
2026-08-14 17:00:28 [DEBUG]: RCA_loss: 0.000, TC_loss: 0.003
2026-08-14 17:00:28 [DEBUG]: RCA_loss: 0.000, TC_loss: 0.007
2026-08-14 17:00:28 [DEBUG]: RCA_loss: 0.001, TC_loss: 0.010
2026-08-14 17:00:29 [DEBUG]: RCA_loss: 0.001, TC_loss: 0.002
2026-08-14 17:00:29 [DEBUG]: RCA_loss: 0.000, TC_loss: 0.004
2026-08-14 17:00:29 [DEBUG]: RCA_loss: 0.015, TC_loss: 0.002
2026-08-14 17:00:29 [DEBUG]: RCA_loss: 0.000, TC_loss: 0.004
2026-08-14 17:00:29 [DEBUG]: RCA_loss: 0.025, TC_loss: 0.004
2026-08-14 17:00:29 [DEBUG]: RCA_loss: 0.020, TC_loss: 0.014
2026-08-14 17:00:30 [DEBUG]: RCA_loss: 0.024, TC_loss: 0.009
2026-08-14 17:00:30 [DEBUG]: RCA_loss: 0.036, TC_loss: 0.010
2026-08-14 17:00:30 [DEBUG]: RCA_loss: 0.009, TC_loss: 0.005
2026-08-14 17:00:30 [DEBUG]: RCA_loss: 0.044, TC_loss: 0.006
2026-08-14 17:00:31 [DEBUG]: RCA_loss: 0.040, TC_loss: 0.007
2026-08-14 17:00:31 [DEBUG]: RCA_loss: 0.030, TC_loss: 0.002
2026-08-14 17:00:31 [DEBUG]: RCA_loss: 0.021, TC_loss: 0.026
2026-08-14 17:00:31 [DEBUG]: RCA_loss: 0.000, TC_loss: 0.004
2026-08-14 17:00:31 [DEBUG]: RCA_loss: 0.001, TC_loss: 0.004
2026-08-14 17:00:31 [DEBUG]: RCA_loss: 0.000, TC_loss: 0.006
2026-08-14 17:00:32 [DEBUG]: RCA_loss: 0.004, TC_loss: 0.005
2026-08-14 17:00:32 [DEBUG]: RCA_loss: 0.000, TC_loss: 0.006
2026-08-14 17:00:32 [DEBUG]: RCA_loss: 0.000, TC_loss: 0.007
2026-08-14 17:00:32 [DEBUG]: RCA_loss: 0.000, TC_loss: 0.003
2026-08-14 17:00:32 [DEBUG]: RCA_loss: 0.000, TC_loss: 0.016
2026-08-14 17:00:33 [DEBUG]: RCA_loss: 0.002, TC_loss: 0.063
2026-08-14 17:00:33 [DEBUG]: RCA_loss: 0.000, TC_loss: 0.002
2026-08-14 17:00:33 [INFO]: Epoch 65 done. Loss: 0.020
2026-08-14 17:00:33 [DEBUG]: RCA_loss: 0.004, TC_loss: 0.007
2026-08-14 17:00:33 [DEBUG]: RCA_loss: 0.001, TC_loss: 0.017
2026-08-14 17:00:33 [DEBUG]: RCA_loss: 0.010, TC_loss: 0.006
2026-08-14 17:00:33 [DEBUG]: RCA_loss: 0.000, TC_loss: 0.006
2026-08-14 17:00:34 [DEBUG]: RCA_loss: 0.006, TC_loss: 0.006
2026-08-14 17:00:34 [DEBUG]: RCA_loss: 0.017, TC_loss: 0.007
2026-08-14 17:00:34 [DEBUG]: RCA_loss: 0.002, TC_loss: 0.002
2026-08-14 17:00:34 [DEBUG]: RCA_loss: 0.000, TC_loss: 0.032
2026-08-14 17:00:34 [DEBUG]: RCA_loss: 0.001, TC_loss: 0.002
2026-08-14 17:00:34 [DEBUG]: RCA_loss: 0.000, TC_loss: 0.004
2026-08-14 17:00:35 [DEBUG]: RCA_loss: 0.036, TC_loss: 0.004
2026-08-14 17:00:35 [DEBUG]: RCA_loss: 0.006, TC_loss: 0.005
2026-08-14 17:00:35 [DEBUG]: RCA_loss: 0.024, TC_loss: 0.007
2026-08-14 17:00:35 [DEBUG]: RCA_loss: 0.016, TC_loss: 0.011
2026-08-14 17:00:36 [DEBUG]: RCA_loss: 0.001, TC_loss: 0.006
2026-08-14 17:00:36 [DEBUG]: RCA_loss: 0.040, TC_loss: 0.007
2026-08-14 17:00:36 [DEBUG]: RCA_loss: 0.002, TC_loss: 0.012
2026-08-14 17:00:36 [DEBUG]: RCA_loss: 0.026, TC_loss: 0.006
2026-08-14 17:00:36 [DEBUG]: RCA_loss: 0.034, TC_loss: 0.006
2026-08-14 17:00:37 [DEBUG]: RCA_loss: 0.000, TC_loss: 0.004
2026-08-14 17:00:37 [DEBUG]: RCA_loss: 0.000, TC_loss: 0.019
2026-08-14 17:00:37 [DEBUG]: RCA_loss: 0.000, TC_loss: 0.004
2026-08-14 17:00:37 [DEBUG]: RCA_loss: 0.000, TC_loss: 0.010
2026-08-14 17:00:37 [DEBUG]: RCA_loss: 0.001, TC_loss: 0.003
2026-08-14 17:00:37 [DEBUG]: RCA_loss: 0.000, TC_loss: 0.008
2026-08-14 17:00:38 [DEBUG]: RCA_loss: 0.000, TC_loss: 0.002
2026-08-14 17:00:38 [DEBUG]: RCA_loss: 0.000, TC_loss: 0.003
2026-08-14 17:00:38 [DEBUG]: RCA_loss: 0.000, TC_loss: 0.007
2026-08-14 17:00:38 [DEBUG]: RCA_loss: 0.000, TC_loss: 0.001
2026-08-14 17:00:38 [INFO]: Epoch 66 done. Loss: 0.016
2026-08-14 17:00:38 [DEBUG]: RCA_loss: 0.000, TC_loss: 0.003
2026-08-14 17:00:39 [DEBUG]: RCA_loss: 0.000, TC_loss: 0.017
2026-08-14 17:00:39 [DEBUG]: RCA_loss: 0.000, TC_loss: 0.003
2026-08-14 17:00:39 [DEBUG]: RCA_loss: 0.002, TC_loss: 0.004
2026-08-14 17:00:39 [DEBUG]: RCA_loss: 0.000, TC_loss: 0.003
2026-08-14 17:00:39 [DEBUG]: RCA_loss: 0.000, TC_loss: 0.003
2026-08-14 17:00:39 [DEBUG]: RCA_loss: 0.000, TC_loss: 0.002
2026-08-14 17:00:40 [DEBUG]: RCA_loss: 0.000, TC_loss: 0.009
2026-08-14 17:00:40 [DEBUG]: RCA_loss: 0.000, TC_loss: 0.002
2026-08-14 17:00:40 [DEBUG]: RCA_loss: 0.000, TC_loss: 0.002
2026-08-14 17:00:40 [DEBUG]: RCA_loss: 0.010, TC_loss: 0.004
2026-08-14 17:00:40 [DEBUG]: RCA_loss: 0.000, TC_loss: 0.006
2026-08-14 17:00:40 [DEBUG]: RCA_loss: 0.038, TC_loss: 0.002
2026-08-14 17:00:41 [DEBUG]: RCA_loss: 0.006, TC_loss: 0.003
2026-08-14 17:00:41 [DEBUG]: RCA_loss: 0.000, TC_loss: 0.004
2026-08-14 17:00:41 [DEBUG]: RCA_loss: 0.037, TC_loss: 0.003
2026-08-14 17:00:41 [DEBUG]: RCA_loss: 0.033, TC_loss: 0.005
2026-08-14 17:00:41 [DEBUG]: RCA_loss: 0.076, TC_loss: 0.005
2026-08-14 17:00:42 [DEBUG]: RCA_loss: 0.065, TC_loss: 0.003
2026-08-14 17:00:42 [DEBUG]: RCA_loss: 0.000, TC_loss: 0.009
2026-08-14 17:00:42 [DEBUG]: RCA_loss: 0.000, TC_loss: 0.003
2026-08-14 17:00:42 [DEBUG]: RCA_loss: 0.000, TC_loss: 0.011
2026-08-14 17:00:43 [DEBUG]: RCA_loss: 0.001, TC_loss: 0.005
2026-08-14 17:00:43 [DEBUG]: RCA_loss: 0.001, TC_loss: 0.002
2026-08-14 17:00:43 [DEBUG]: RCA_loss: 0.001, TC_loss: 0.004
2026-08-14 17:00:43 [DEBUG]: RCA_loss: 0.000, TC_loss: 0.001
2026-08-14 17:00:43 [DEBUG]: RCA_loss: 0.001, TC_loss: 0.001
2026-08-14 17:00:43 [DEBUG]: RCA_loss: 0.000, TC_loss: 0.003
2026-08-14 17:00:43 [DEBUG]: RCA_loss: 0.000, TC_loss: 0.002
2026-08-14 17:00:43 [INFO]: Epoch 67 done. Loss: 0.014
2026-08-14 17:00:44 [DEBUG]: RCA_loss: 0.000, TC_loss: 0.011
2026-08-14 17:00:44 [DEBUG]: RCA_loss: 0.000, TC_loss: 0.003
2026-08-14 17:00:44 [DEBUG]: RCA_loss: 0.000, TC_loss: 0.002
2026-08-14 17:00:44 [DEBUG]: RCA_loss: 0.001, TC_loss: 0.003
2026-08-14 17:00:44 [DEBUG]: RCA_loss: 0.001, TC_loss: 0.005
2026-08-14 17:00:45 [DEBUG]: RCA_loss: 0.000, TC_loss: 0.010
2026-08-14 17:00:45 [DEBUG]: RCA_loss: 0.001, TC_loss: 0.001
2026-08-14 17:00:45 [DEBUG]: RCA_loss: 0.000, TC_loss: 0.005
2026-08-14 17:00:45 [DEBUG]: RCA_loss: 0.001, TC_loss: 0.002
2026-08-14 17:00:45 [DEBUG]: RCA_loss: 0.000, TC_loss: 0.010
2026-08-14 17:00:46 [DEBUG]: RCA_loss: 0.010, TC_loss: 0.002
2026-08-14 17:00:46 [DEBUG]: RCA_loss: 0.002, TC_loss: 0.015
2026-08-14 17:00:46 [DEBUG]: RCA_loss: 0.014, TC_loss: 0.001
2026-08-14 17:00:46 [DEBUG]: RCA_loss: 0.013, TC_loss: 0.009
2026-08-14 17:00:46 [DEBUG]: RCA_loss: 0.000, TC_loss: 0.007
2026-08-14 17:00:47 [DEBUG]: RCA_loss: 0.025, TC_loss: 0.007
2026-08-14 17:00:47 [DEBUG]: RCA_loss: 0.032, TC_loss: 0.004
2026-08-14 17:00:47 [DEBUG]: RCA_loss: 0.013, TC_loss: 0.002
2026-08-14 17:00:47 [DEBUG]: RCA_loss: 0.002, TC_loss: 0.002
2026-08-14 17:00:47 [DEBUG]: RCA_loss: 0.000, TC_loss: 0.015
2026-08-14 17:00:48 [DEBUG]: RCA_loss: 0.000, TC_loss: 0.005
2026-08-14 17:00:48 [DEBUG]: RCA_loss: 0.000, TC_loss: 0.013
2026-08-14 17:00:48 [DEBUG]: RCA_loss: 0.000, TC_loss: 0.004
2026-08-14 17:00:48 [DEBUG]: RCA_loss: 0.001, TC_loss: 0.002
2026-08-14 17:00:49 [DEBUG]: RCA_loss: 0.002, TC_loss: 0.006
2026-08-14 17:00:49 [DEBUG]: RCA_loss: 0.000, TC_loss: 0.003
2026-08-14 17:00:49 [DEBUG]: RCA_loss: 0.000, TC_loss: 0.011
2026-08-14 17:00:49 [DEBUG]: RCA_loss: 0.000, TC_loss: 0.005
2026-08-14 17:00:49 [DEBUG]: RCA_loss: 0.002, TC_loss: 0.001
2026-08-14 17:00:49 [INFO]: Epoch 68 done. Loss: 0.010
2026-08-14 17:00:50 [DEBUG]: RCA_loss: 0.000, TC_loss: 0.003
2026-08-14 17:00:50 [DEBUG]: RCA_loss: 0.001, TC_loss: 0.003
2026-08-14 17:00:50 [DEBUG]: RCA_loss: 0.000, TC_loss: 0.002
2026-08-14 17:00:50 [DEBUG]: RCA_loss: 0.002, TC_loss: 0.004
2026-08-14 17:00:50 [DEBUG]: RCA_loss: 0.000, TC_loss: 0.009
2026-08-14 17:00:51 [DEBUG]: RCA_loss: 0.000, TC_loss: 0.003
2026-08-14 17:00:51 [DEBUG]: RCA_loss: 0.009, TC_loss: 0.002
2026-08-14 17:00:51 [DEBUG]: RCA_loss: 0.000, TC_loss: 0.008
2026-08-14 17:00:51 [DEBUG]: RCA_loss: 0.001, TC_loss: 0.003
2026-08-14 17:00:51 [DEBUG]: RCA_loss: 0.000, TC_loss: 0.003
2026-08-14 17:00:52 [DEBUG]: RCA_loss: 0.023, TC_loss: 0.004
2026-08-14 17:00:52 [DEBUG]: RCA_loss: 0.000, TC_loss: 0.006
2026-08-14 17:00:52 [DEBUG]: RCA_loss: 0.033, TC_loss: 0.002
2026-08-14 17:00:52 [DEBUG]: RCA_loss: 0.034, TC_loss: 0.003
2026-08-14 17:00:53 [DEBUG]: RCA_loss: 0.000, TC_loss: 0.002
2026-08-14 17:00:53 [DEBUG]: RCA_loss: 0.019, TC_loss: 0.002
2026-08-14 17:00:53 [DEBUG]: RCA_loss: 0.089, TC_loss: 0.009
2026-08-14 17:00:53 [DEBUG]: RCA_loss: 0.020, TC_loss: 0.001
2026-08-14 17:00:53 [DEBUG]: RCA_loss: 0.039, TC_loss: 0.003
2026-08-14 17:00:54 [DEBUG]: RCA_loss: 0.000, TC_loss: 0.002
2026-08-14 17:00:54 [DEBUG]: RCA_loss: 0.000, TC_loss: 0.002
2026-08-14 17:00:54 [DEBUG]: RCA_loss: 0.000, TC_loss: 0.002
2026-08-14 17:00:54 [DEBUG]: RCA_loss: 0.000, TC_loss: 0.011
2026-08-14 17:00:54 [DEBUG]: RCA_loss: 0.000, TC_loss: 0.005
2026-08-14 17:00:55 [DEBUG]: RCA_loss: 0.000, TC_loss: 0.008
2026-08-14 17:00:55 [DEBUG]: RCA_loss: 0.000, TC_loss: 0.001
2026-08-14 17:00:55 [DEBUG]: RCA_loss: 0.000, TC_loss: 0.001
2026-08-14 17:00:55 [DEBUG]: RCA_loss: 0.001, TC_loss: 0.006
2026-08-14 17:00:56 [DEBUG]: RCA_loss: 0.000, TC_loss: 0.001
2026-08-14 17:00:56 [INFO]: Epoch 69 done. Loss: 0.014
2026-08-14 17:00:56 [INFO]: Early stop at epoch 69 due to lack of improvement.
2026-08-14 17:00:56 [INFO]: Training has finished.
2026-08-14 17:00:56 [DEBUG]: The training time is 305.60377049446106[s]
2026-08-14 17:00:56 [DEBUG]: The training time per epoch is 4.365768149920872[s]
2026-08-14 17:00:56 [DEBUG]: The test time is 0.41499924659729004[s]
2026-08-14 17:00:56 [DEBUG]: The test time per epoch is 0.13833308219909668[s]
2026-08-14 17:00:56 [INFO]: [Root localization] HR@1: 87.351%, HR@2: 87.351%, HR@3: 94.196%, HR@4: 96.577%, HR@5: 97.619%,  MRR@3: 0.896
2026-08-14 17:00:56 [INFO]: [Failure type classification] precision: 95.699%, recall: 94.494%, f1-score: 95.091%
