2026-06-11 09:39:52 [INFO]: Currently using GPU 0
2026-06-11 09:39:52 [INFO]: dataset: sockshop
2026-06-11 09:39:52 [INFO]: reconstruct: True
2026-06-11 09:39:52 [INFO]: log_step: 20
2026-06-11 09:39:52 [INFO]: gpu_device: 0
2026-06-11 09:39:52 [INFO]: modalities: ['metric', 'trace', 'log']
2026-06-11 09:39:52 [INFO]: metric_direction: True
2026-06-11 09:39:52 [INFO]: trace_op: True
2026-06-11 09:39:52 [INFO]: trace_ab_type: True
2026-06-11 09:39:52 [INFO]: aug_percent: 0.4
2026-06-11 09:39:52 [INFO]: aug_times: 10
2026-06-11 09:39:52 [INFO]: TO: True
2026-06-11 09:39:52 [INFO]: CM: True
2026-06-11 09:39:52 [INFO]: dynamic_weight: True
2026-06-11 09:39:52 [INFO]: temperature: 0.3
2026-06-11 09:39:52 [INFO]: contrastive_loss_scale: 0.1
2026-06-11 09:39:52 [INFO]: batch_size: 128
2026-06-11 09:39:52 [INFO]: alert_embedding_dim: 128
2026-06-11 09:39:52 [INFO]: graph_hidden_dim: 64
2026-06-11 09:39:52 [INFO]: graph_out: 32
2026-06-11 09:39:52 [INFO]: graph_layers: 2
2026-06-11 09:39:52 [INFO]: linear_hidden: [64]
2026-06-11 09:39:52 [INFO]: lr: 0.001
2026-06-11 09:39:52 [INFO]: epochs: 500
2026-06-11 09:39:52 [INFO]: weight_decay: 0.0001
2026-06-11 09:39:52 [INFO]: feat_drop: 0
2026-06-11 09:39:52 [INFO]: patience: 10
2026-06-11 09:39:52 [INFO]: ft_num: 7
2026-06-11 09:39:52 [INFO]: aggregator: mean
2026-06-11 09:39:53 [INFO]: MainModel(
  (tvdiag): Encoder(
    (graph_encoder): ModuleDict(
      (metric): SAGEEncoder(
        (sage_layers): ModuleList(
          (0): SAGEConv(
            (feat_drop): Dropout(p=0, inplace=False)
            (fc_neigh): Linear(in_features=128, out_features=64, bias=False)
            (fc_self): Linear(in_features=128, out_features=64, bias=False)
          )
          (1): SAGEConv(
            (feat_drop): Dropout(p=0, inplace=False)
            (fc_neigh): Linear(in_features=64, out_features=32, bias=False)
            (fc_self): Linear(in_features=64, out_features=32, bias=False)
          )
        )
        (norm_layers): ModuleList(
          (0): BatchNorm1d(64, eps=1e-05, momentum=0.1, affine=True, track_running_stats=True)
          (1): BatchNorm1d(32, eps=1e-05, momentum=0.1, affine=True, track_running_stats=True)
        )
        (residual_proj): ModuleList(
          (0): Linear(in_features=128, out_features=64, bias=False)
          (1): Linear(in_features=64, out_features=32, bias=False)
        )
      )
      (log): SAGEEncoder(
        (sage_layers): ModuleList(
          (0): SAGEConv(
            (feat_drop): Dropout(p=0, inplace=False)
            (fc_neigh): Linear(in_features=128, out_features=64, bias=False)
            (fc_self): Linear(in_features=128, out_features=64, bias=False)
          )
          (1): SAGEConv(
            (feat_drop): Dropout(p=0, inplace=False)
            (fc_neigh): Linear(in_features=64, out_features=32, bias=False)
            (fc_self): Linear(in_features=64, out_features=32, bias=False)
          )
        )
        (norm_layers): ModuleList(
          (0): BatchNorm1d(64, eps=1e-05, momentum=0.1, affine=True, track_running_stats=True)
          (1): BatchNorm1d(32, eps=1e-05, momentum=0.1, affine=True, track_running_stats=True)
        )
        (residual_proj): ModuleList(
          (0): Linear(in_features=128, out_features=64, bias=False)
          (1): Linear(in_features=64, out_features=32, bias=False)
        )
      )
      (trace): SAGEEncoder(
        (sage_layers): ModuleList(
          (0): SAGEConv(
            (feat_drop): Dropout(p=0, inplace=False)
            (fc_neigh): Linear(in_features=128, out_features=64, bias=False)
            (fc_self): Linear(in_features=128, out_features=64, bias=False)
          )
          (1): SAGEConv(
            (feat_drop): Dropout(p=0, inplace=False)
            (fc_neigh): Linear(in_features=64, out_features=32, bias=False)
            (fc_self): Linear(in_features=64, out_features=32, bias=False)
          )
        )
        (norm_layers): ModuleList(
          (0): BatchNorm1d(64, eps=1e-05, momentum=0.1, affine=True, track_running_stats=True)
          (1): BatchNorm1d(32, eps=1e-05, momentum=0.1, affine=True, track_running_stats=True)
        )
        (residual_proj): ModuleList(
          (0): Linear(in_features=128, out_features=64, bias=False)
          (1): Linear(in_features=64, out_features=32, bias=False)
        )
      )
    )
    (gatecom): GateComDiffPretrainModel(
      (common_cross_model): CrossTransformer(
        (transformer): ModuleList(
          (0-2): 3 x TransformerEncoderLayer(
            (self_attn): MultiHeadedAttention(
              (linear_keys): Linear(in_features=64, out_features=64, bias=True)
              (linear_values): Linear(in_features=64, out_features=64, bias=True)
              (linear_query): Linear(in_features=64, out_features=64, bias=True)
              (linear_trace_keys): Linear(in_features=64, out_features=64, bias=True)
              (linear_trace_values): Linear(in_features=64, out_features=64, bias=True)
              (linear_log_keys): Linear(in_features=64, out_features=64, bias=True)
              (linear_log_values): Linear(in_features=64, out_features=64, bias=True)
              (linear_metric_keys): Linear(in_features=64, out_features=64, bias=True)
              (linear_metric_values): Linear(in_features=64, out_features=64, bias=True)
              (softmax): Softmax(dim=-1)
              (dropout_metric): Dropout(p=0.1, inplace=False)
              (dropout_trace): Dropout(p=0.1, inplace=False)
              (dropout_log): Dropout(p=0.1, inplace=False)
              (final_linear): Linear(in_features=192, out_features=64, bias=True)
            )
            (feed_forward): PositionwiseFeedForward(
              (w_1): Linear(in_features=64, out_features=128, bias=True)
              (w_2): Linear(in_features=128, out_features=64, bias=True)
              (layer_norm): LayerNorm()
              (dropout_1): Dropout(p=0.1, inplace=False)
              (relu): ReLU()
              (dropout_2): Dropout(p=0.1, inplace=False)
            )
            (layer_norm): LayerNorm()
            (dropout): Dropout(p=0.1, inplace=False)
          )
        )
        (layer_norm): LayerNorm()
      )
      (rootcause_cross_model): CrossTransformer(
        (transformer): ModuleList(
          (0-2): 3 x TransformerEncoderLayer(
            (self_attn): MultiHeadedAttention(
              (linear_keys): Linear(in_features=64, out_features=64, bias=True)
              (linear_values): Linear(in_features=64, out_features=64, bias=True)
              (linear_query): Linear(in_features=64, out_features=64, bias=True)
              (linear_trace_keys): Linear(in_features=64, out_features=64, bias=True)
              (linear_trace_values): Linear(in_features=64, out_features=64, bias=True)
              (linear_log_keys): Linear(in_features=64, out_features=64, bias=True)
              (linear_log_values): Linear(in_features=64, out_features=64, bias=True)
              (linear_metric_keys): Linear(in_features=64, out_features=64, bias=True)
              (linear_metric_values): Linear(in_features=64, out_features=64, bias=True)
              (softmax): Softmax(dim=-1)
              (dropout_metric): Dropout(p=0.1, inplace=False)
              (dropout_trace): Dropout(p=0.1, inplace=False)
              (dropout_log): Dropout(p=0.1, inplace=False)
              (final_linear): Linear(in_features=192, out_features=64, bias=True)
            )
            (feed_forward): PositionwiseFeedForward(
              (w_1): Linear(in_features=64, out_features=128, bias=True)
              (w_2): Linear(in_features=128, out_features=64, bias=True)
              (layer_norm): LayerNorm()
              (dropout_1): Dropout(p=0.1, inplace=False)
              (relu): ReLU()
              (dropout_2): Dropout(p=0.1, inplace=False)
            )
            (layer_norm): LayerNorm()
            (dropout): Dropout(p=0.1, inplace=False)
          )
        )
        (layer_norm): LayerNorm()
      )
      (pred_label_cross_list): ModuleList(
        (0-10): 11 x Linear(in_features=64, out_features=1, bias=True)
      )
      (pred_opt_cross_list): ModuleList(
        (0-10): 11 x Linear(in_features=64, out_features=1, bias=True)
      )
      (gate_metric): ModuleList(
        (0-9): 10 x Sequential(
          (gate_metric): Linear(in_features=64, out_features=64, bias=True)
        )
      )
      (gate_metric_activate): ModuleList(
        (0-9): 10 x Sigmoid()
      )
      (gate_trace): ModuleList(
        (0-9): 10 x Sequential(
          (gate_trace): Linear(in_features=64, out_features=64, bias=True)
        )
      )
      (gate_trace_activate): ModuleList(
        (0-9): 10 x Sigmoid()
      )
      (gate_log): ModuleList(
        (0-9): 10 x Sequential(
          (gate_log): Linear(in_features=64, out_features=64, bias=True)
        )
      )
      (gate_log_activate): ModuleList(
        (0-9): 10 x Sigmoid()
      )
    )
    (fusion): AdaptiveFusionTopology(
      (projection_net): Linear(in_features=32, out_features=32, bias=True)
      (cross_attn): MultiheadAttention(
        (out_proj): NonDynamicallyQuantizableLinear(in_features=32, out_features=32, bias=True)
      )
      (project): Linear(in_features=64, out_features=32, bias=True)
      (layer_norm): LayerNorm((32,), eps=1e-05, elementwise_affine=True)
      (fusion_ATTN): TripleCrossAttnFusion(
        (q_proj): Linear(in_features=32, out_features=32, bias=True)
        (k_proj): Linear(in_features=32, out_features=32, bias=True)
        (v_proj): Linear(in_features=32, out_features=32, bias=True)
        (out_proj1): Linear(in_features=32, out_features=32, bias=True)
        (out_proj2): Linear(in_features=32, out_features=32, bias=True)
        (merge): Linear(in_features=64, out_features=32, bias=True)
        (norm1): LayerNorm((32,), eps=1e-05, elementwise_affine=True)
        (norm2): LayerNorm((32,), eps=1e-05, elementwise_affine=True)
        (dropout): Dropout(p=0.2, inplace=False)
        (drop1): Dropout(p=0.2, inplace=False)
        (drop2): Dropout(p=0.2, inplace=False)
        (drop3): Dropout(p=0.2, inplace=False)
        (ffb): Sequential(
          (0): Linear(in_features=32, out_features=64, bias=True)
          (1): ReLU()
          (2): Dropout(p=0.2, inplace=False)
          (3): Linear(in_features=64, out_features=32, bias=True)
        )
      )
      (cross_ATTN): DualCrossAttnFusion(
        (q_proj): Linear(in_features=32, out_features=32, bias=True)
        (k_proj): Linear(in_features=32, out_features=32, bias=True)
        (v_proj): Linear(in_features=32, out_features=32, bias=True)
        (out_proj): Linear(in_features=32, out_features=32, bias=True)
        (norm1): LayerNorm((32,), eps=1e-05, elementwise_affine=True)
        (norm2): LayerNorm((32,), eps=1e-05, elementwise_affine=True)
        (dropout): Dropout(p=0.2, inplace=False)
        (drop1): Dropout(p=0.2, inplace=False)
        (ffb): Sequential(
          (0): Linear(in_features=32, out_features=64, bias=True)
          (1): ReLU()
          (2): Dropout(p=0.2, inplace=False)
          (3): Linear(in_features=64, out_features=32, bias=True)
        )
      )
    )
    (locator): Voter(
      (net): FullyConnected(
        (net): Sequential(
          (0): Linear(in_features=32, out_features=16, bias=True)
          (1): Dropout(p=0.2, inplace=False)
          (2): ReLU()
          (3): Linear(in_features=16, out_features=1, bias=True)
        )
      )
    )
    (locator2): Voter(
      (net): FullyConnected(
        (net): Sequential(
          (0): Linear(in_features=32, out_features=16, bias=True)
          (1): Dropout(p=0.2, inplace=False)
          (2): ReLU()
          (3): Linear(in_features=16, out_features=1, bias=True)
        )
      )
    )
    (typeClassifier): Classifier(
      (net): Linear(in_features=32, out_features=7, bias=True)
    )
    (pre_abc): Sequential(
      (0): Linear(in_features=96, out_features=32, bias=True)
      (1): Dropout(p=0.2, inplace=False)
      (2): ReLU()
      (3): Linear(in_features=32, out_features=32, bias=True)
    )
    (pre_ab): Sequential(
      (0): Linear(in_features=64, out_features=32, bias=True)
      (1): Dropout(p=0.2, inplace=False)
      (2): ReLU()
      (3): Linear(in_features=32, out_features=32, bias=True)
    )
  )
)
2026-06-11 09:39:53 [INFO]: Start training for 500 epochs.
2026-06-11 09:39:53 [DEBUG]: RCA_loss: 2.632, TC_loss: 2.033
2026-06-11 09:39:54 [DEBUG]: RCA_loss: 2.644, TC_loss: 2.282
2026-06-11 09:39:54 [DEBUG]: RCA_loss: 2.675, TC_loss: 2.071
2026-06-11 09:39:54 [DEBUG]: RCA_loss: 2.484, TC_loss: 2.065
2026-06-11 09:39:54 [DEBUG]: RCA_loss: 2.502, TC_loss: 2.010
2026-06-11 09:39:54 [DEBUG]: RCA_loss: 2.576, TC_loss: 1.979
2026-06-11 09:39:54 [DEBUG]: RCA_loss: 2.410, TC_loss: 1.976
2026-06-11 09:39:55 [DEBUG]: RCA_loss: 2.381, TC_loss: 1.939
2026-06-11 09:39:55 [DEBUG]: RCA_loss: 2.382, TC_loss: 1.925
2026-06-11 09:39:55 [DEBUG]: RCA_loss: 2.328, TC_loss: 1.915
2026-06-11 09:39:55 [DEBUG]: RCA_loss: 2.256, TC_loss: 1.964
2026-06-11 09:39:55 [DEBUG]: RCA_loss: 2.296, TC_loss: 1.791
2026-06-11 09:39:55 [DEBUG]: RCA_loss: 2.129, TC_loss: 1.777
2026-06-11 09:39:56 [DEBUG]: RCA_loss: 2.103, TC_loss: 1.924
2026-06-11 09:39:56 [DEBUG]: RCA_loss: 2.091, TC_loss: 1.846
2026-06-11 09:39:56 [DEBUG]: RCA_loss: 2.122, TC_loss: 1.931
2026-06-11 09:39:56 [DEBUG]: RCA_loss: 2.037, TC_loss: 1.700
2026-06-11 09:39:56 [DEBUG]: RCA_loss: 1.949, TC_loss: 1.807
2026-06-11 09:39:56 [DEBUG]: RCA_loss: 1.950, TC_loss: 1.916
2026-06-11 09:39:57 [DEBUG]: RCA_loss: 1.725, TC_loss: 1.837
2026-06-11 09:39:57 [DEBUG]: RCA_loss: 1.854, TC_loss: 1.715
2026-06-11 09:39:57 [DEBUG]: RCA_loss: 1.694, TC_loss: 1.705
2026-06-11 09:39:57 [DEBUG]: RCA_loss: 1.732, TC_loss: 1.833
2026-06-11 09:39:57 [DEBUG]: RCA_loss: 1.722, TC_loss: 1.831
2026-06-11 09:39:57 [DEBUG]: RCA_loss: 1.697, TC_loss: 1.897
2026-06-11 09:39:58 [DEBUG]: RCA_loss: 1.699, TC_loss: 1.724
2026-06-11 09:39:58 [DEBUG]: RCA_loss: 1.263, TC_loss: 1.749
2026-06-11 09:39:58 [DEBUG]: RCA_loss: 1.453, TC_loss: 1.691
2026-06-11 09:39:58 [DEBUG]: RCA_loss: 1.480, TC_loss: 1.771
2026-06-11 09:39:58 [DEBUG]: RCA_loss: 1.148, TC_loss: 1.781
2026-06-11 09:39:58 [DEBUG]: RCA_loss: 1.276, TC_loss: 1.797
2026-06-11 09:39:59 [DEBUG]: RCA_loss: 1.355, TC_loss: 1.757
2026-06-11 09:39:59 [DEBUG]: RCA_loss: 1.048, TC_loss: 1.772
2026-06-11 09:39:59 [DEBUG]: RCA_loss: 1.301, TC_loss: 1.742
2026-06-11 09:39:59 [DEBUG]: RCA_loss: 1.200, TC_loss: 1.832
2026-06-11 09:39:59 [DEBUG]: RCA_loss: 1.427, TC_loss: 1.807
2026-06-11 09:39:59 [DEBUG]: RCA_loss: 0.983, TC_loss: 1.807
2026-06-11 09:40:00 [DEBUG]: RCA_loss: 0.940, TC_loss: 1.776
2026-06-11 09:40:00 [DEBUG]: RCA_loss: 1.139, TC_loss: 1.691
2026-06-11 09:40:00 [DEBUG]: RCA_loss: 0.819, TC_loss: 1.726
2026-06-11 09:40:00 [DEBUG]: RCA_loss: 1.001, TC_loss: 1.731
2026-06-11 09:40:00 [DEBUG]: RCA_loss: 0.670, TC_loss: 1.854
2026-06-11 09:40:00 [DEBUG]: RCA_loss: 0.670, TC_loss: 1.776
2026-06-11 09:40:00 [DEBUG]: RCA_loss: 0.817, TC_loss: 1.591
2026-06-11 09:40:01 [DEBUG]: RCA_loss: 0.669, TC_loss: 1.674
2026-06-11 09:40:01 [DEBUG]: RCA_loss: 0.754, TC_loss: 1.616
2026-06-11 09:40:01 [DEBUG]: RCA_loss: 0.488, TC_loss: 1.592
2026-06-11 09:40:01 [DEBUG]: RCA_loss: 0.458, TC_loss: 1.656
2026-06-11 09:40:01 [DEBUG]: RCA_loss: 0.447, TC_loss: 1.567
2026-06-11 09:40:01 [DEBUG]: RCA_loss: 0.639, TC_loss: 1.527
2026-06-11 09:40:02 [DEBUG]: RCA_loss: 0.508, TC_loss: 1.644
2026-06-11 09:40:02 [DEBUG]: RCA_loss: 0.621, TC_loss: 1.797
2026-06-11 09:40:02 [DEBUG]: RCA_loss: 0.462, TC_loss: 1.729
2026-06-11 09:40:02 [DEBUG]: RCA_loss: 0.482, TC_loss: 1.699
2026-06-11 09:40:02 [DEBUG]: RCA_loss: 0.803, TC_loss: 1.683
2026-06-11 09:40:02 [DEBUG]: RCA_loss: 1.027, TC_loss: 1.520
2026-06-11 09:40:03 [INFO]: Epoch 0 done. Loss: 3.299
2026-06-11 09:40:03 [DEBUG]: RCA_loss: 0.482, TC_loss: 1.677
2026-06-11 09:40:03 [DEBUG]: RCA_loss: 0.532, TC_loss: 1.558
2026-06-11 09:40:03 [DEBUG]: RCA_loss: 0.546, TC_loss: 1.575
2026-06-11 09:40:03 [DEBUG]: RCA_loss: 0.355, TC_loss: 1.562
2026-06-11 09:40:03 [DEBUG]: RCA_loss: 0.547, TC_loss: 1.523
2026-06-11 09:40:04 [DEBUG]: RCA_loss: 0.574, TC_loss: 1.547
2026-06-11 09:40:04 [DEBUG]: RCA_loss: 0.742, TC_loss: 1.607
2026-06-11 09:40:04 [DEBUG]: RCA_loss: 0.582, TC_loss: 1.479
2026-06-11 09:40:04 [DEBUG]: RCA_loss: 0.419, TC_loss: 1.499
2026-06-11 09:40:04 [DEBUG]: RCA_loss: 0.594, TC_loss: 1.425
2026-06-11 09:40:04 [DEBUG]: RCA_loss: 0.478, TC_loss: 1.685
2026-06-11 09:40:05 [DEBUG]: RCA_loss: 0.624, TC_loss: 1.457
2026-06-11 09:40:05 [DEBUG]: RCA_loss: 0.414, TC_loss: 1.377
2026-06-11 09:40:05 [DEBUG]: RCA_loss: 0.495, TC_loss: 1.570
2026-06-11 09:40:05 [DEBUG]: RCA_loss: 0.430, TC_loss: 1.489
2026-06-11 09:40:05 [DEBUG]: RCA_loss: 0.471, TC_loss: 1.506
2026-06-11 09:40:05 [DEBUG]: RCA_loss: 0.326, TC_loss: 1.366
2026-06-11 09:40:05 [DEBUG]: RCA_loss: 0.510, TC_loss: 1.493
2026-06-11 09:40:05 [DEBUG]: RCA_loss: 0.535, TC_loss: 1.594
2026-06-11 09:40:05 [DEBUG]: RCA_loss: 0.502, TC_loss: 1.462
2026-06-11 09:40:06 [DEBUG]: RCA_loss: 0.365, TC_loss: 1.318
2026-06-11 09:40:06 [DEBUG]: RCA_loss: 0.277, TC_loss: 1.469
2026-06-11 09:40:06 [DEBUG]: RCA_loss: 0.339, TC_loss: 1.502
2026-06-11 09:40:06 [DEBUG]: RCA_loss: 0.380, TC_loss: 1.530
2026-06-11 09:40:06 [DEBUG]: RCA_loss: 0.415, TC_loss: 1.589
2026-06-11 09:40:06 [DEBUG]: RCA_loss: 0.309, TC_loss: 1.444
2026-06-11 09:40:06 [DEBUG]: RCA_loss: 0.330, TC_loss: 1.491
2026-06-11 09:40:06 [DEBUG]: RCA_loss: 0.332, TC_loss: 1.349
2026-06-11 09:40:06 [DEBUG]: RCA_loss: 0.222, TC_loss: 1.350
2026-06-11 09:40:07 [DEBUG]: RCA_loss: 0.167, TC_loss: 1.333
2026-06-11 09:40:07 [DEBUG]: RCA_loss: 0.468, TC_loss: 1.372
2026-06-11 09:40:07 [DEBUG]: RCA_loss: 0.258, TC_loss: 1.436
2026-06-11 09:40:07 [DEBUG]: RCA_loss: 0.204, TC_loss: 1.335
2026-06-11 09:40:07 [DEBUG]: RCA_loss: 0.400, TC_loss: 1.349
2026-06-11 09:40:07 [DEBUG]: RCA_loss: 0.133, TC_loss: 1.420
2026-06-11 09:40:07 [DEBUG]: RCA_loss: 0.832, TC_loss: 1.418
2026-06-11 09:40:07 [DEBUG]: RCA_loss: 0.454, TC_loss: 1.514
2026-06-11 09:40:07 [DEBUG]: RCA_loss: 0.241, TC_loss: 1.317
2026-06-11 09:40:07 [DEBUG]: RCA_loss: 0.355, TC_loss: 1.302
2026-06-11 09:40:08 [DEBUG]: RCA_loss: 0.131, TC_loss: 1.359
2026-06-11 09:40:08 [DEBUG]: RCA_loss: 0.363, TC_loss: 1.375
2026-06-11 09:40:08 [DEBUG]: RCA_loss: 0.100, TC_loss: 1.341
2026-06-11 09:40:08 [DEBUG]: RCA_loss: 0.227, TC_loss: 1.561
2026-06-11 09:40:08 [DEBUG]: RCA_loss: 0.192, TC_loss: 1.167
2026-06-11 09:40:08 [DEBUG]: RCA_loss: 0.141, TC_loss: 1.301
2026-06-11 09:40:08 [DEBUG]: RCA_loss: 0.195, TC_loss: 1.232
2026-06-11 09:40:08 [DEBUG]: RCA_loss: 0.164, TC_loss: 1.168
2026-06-11 09:40:08 [DEBUG]: RCA_loss: 0.155, TC_loss: 1.184
2026-06-11 09:40:09 [DEBUG]: RCA_loss: 0.212, TC_loss: 1.166
2026-06-11 09:40:09 [DEBUG]: RCA_loss: 0.204, TC_loss: 1.147
2026-06-11 09:40:09 [DEBUG]: RCA_loss: 0.147, TC_loss: 1.234
2026-06-11 09:40:09 [DEBUG]: RCA_loss: 0.236, TC_loss: 1.416
2026-06-11 09:40:09 [DEBUG]: RCA_loss: 0.195, TC_loss: 1.407
2026-06-11 09:40:09 [DEBUG]: RCA_loss: 0.173, TC_loss: 1.320
2026-06-11 09:40:09 [DEBUG]: RCA_loss: 0.372, TC_loss: 1.377
2026-06-11 09:40:09 [DEBUG]: RCA_loss: 0.596, TC_loss: 1.192
2026-06-11 09:40:09 [INFO]: Epoch 1 done. Loss: 1.780
2026-06-11 09:40:09 [DEBUG]: RCA_loss: 0.226, TC_loss: 1.376
2026-06-11 09:40:09 [DEBUG]: RCA_loss: 0.238, TC_loss: 1.224
2026-06-11 09:40:10 [DEBUG]: RCA_loss: 0.222, TC_loss: 1.198
2026-06-11 09:40:10 [DEBUG]: RCA_loss: 0.183, TC_loss: 1.241
2026-06-11 09:40:10 [DEBUG]: RCA_loss: 0.274, TC_loss: 1.179
2026-06-11 09:40:10 [DEBUG]: RCA_loss: 0.158, TC_loss: 1.295
2026-06-11 09:40:10 [DEBUG]: RCA_loss: 0.111, TC_loss: 1.346
2026-06-11 09:40:10 [DEBUG]: RCA_loss: 0.363, TC_loss: 1.221
2026-06-11 09:40:10 [DEBUG]: RCA_loss: 0.199, TC_loss: 1.242
2026-06-11 09:40:10 [DEBUG]: RCA_loss: 0.173, TC_loss: 1.163
2026-06-11 09:40:10 [DEBUG]: RCA_loss: 0.198, TC_loss: 1.331
2026-06-11 09:40:11 [DEBUG]: RCA_loss: 0.277, TC_loss: 1.127
2026-06-11 09:40:11 [DEBUG]: RCA_loss: 0.172, TC_loss: 1.134
2026-06-11 09:40:11 [DEBUG]: RCA_loss: 0.158, TC_loss: 1.154
2026-06-11 09:40:11 [DEBUG]: RCA_loss: 0.240, TC_loss: 1.088
2026-06-11 09:40:11 [DEBUG]: RCA_loss: 0.277, TC_loss: 1.134
2026-06-11 09:40:11 [DEBUG]: RCA_loss: 0.090, TC_loss: 1.087
2026-06-11 09:40:11 [DEBUG]: RCA_loss: 0.212, TC_loss: 1.205
2026-06-11 09:40:11 [DEBUG]: RCA_loss: 0.343, TC_loss: 1.377
2026-06-11 09:40:11 [DEBUG]: RCA_loss: 0.207, TC_loss: 1.171
2026-06-11 09:40:11 [DEBUG]: RCA_loss: 0.171, TC_loss: 1.116
2026-06-11 09:40:12 [DEBUG]: RCA_loss: 0.079, TC_loss: 1.191
2026-06-11 09:40:12 [DEBUG]: RCA_loss: 0.213, TC_loss: 1.295
2026-06-11 09:40:12 [DEBUG]: RCA_loss: 0.292, TC_loss: 1.334
2026-06-11 09:40:12 [DEBUG]: RCA_loss: 0.253, TC_loss: 1.354
2026-06-11 09:40:12 [DEBUG]: RCA_loss: 0.068, TC_loss: 1.142
2026-06-11 09:40:12 [DEBUG]: RCA_loss: 0.198, TC_loss: 1.258
2026-06-11 09:40:12 [DEBUG]: RCA_loss: 0.092, TC_loss: 1.035
2026-06-11 09:40:12 [DEBUG]: RCA_loss: 0.119, TC_loss: 1.128
2026-06-11 09:40:12 [DEBUG]: RCA_loss: 0.104, TC_loss: 1.042
2026-06-11 09:40:12 [DEBUG]: RCA_loss: 0.207, TC_loss: 1.225
2026-06-11 09:40:13 [DEBUG]: RCA_loss: 0.192, TC_loss: 1.144
2026-06-11 09:40:13 [DEBUG]: RCA_loss: 0.131, TC_loss: 1.131
2026-06-11 09:40:13 [DEBUG]: RCA_loss: 0.193, TC_loss: 0.986
2026-06-11 09:40:13 [DEBUG]: RCA_loss: 0.072, TC_loss: 1.134
2026-06-11 09:40:13 [DEBUG]: RCA_loss: 0.532, TC_loss: 1.229
2026-06-11 09:40:13 [DEBUG]: RCA_loss: 0.178, TC_loss: 1.274
2026-06-11 09:40:13 [DEBUG]: RCA_loss: 0.088, TC_loss: 1.146
2026-06-11 09:40:13 [DEBUG]: RCA_loss: 0.206, TC_loss: 0.948
2026-06-11 09:40:13 [DEBUG]: RCA_loss: 0.050, TC_loss: 1.072
2026-06-11 09:40:14 [DEBUG]: RCA_loss: 0.120, TC_loss: 1.141
2026-06-11 09:40:14 [DEBUG]: RCA_loss: 0.036, TC_loss: 1.060
2026-06-11 09:40:14 [DEBUG]: RCA_loss: 0.145, TC_loss: 1.390
2026-06-11 09:40:14 [DEBUG]: RCA_loss: 0.156, TC_loss: 0.871
2026-06-11 09:40:14 [DEBUG]: RCA_loss: 0.084, TC_loss: 0.997
2026-06-11 09:40:14 [DEBUG]: RCA_loss: 0.077, TC_loss: 0.942
2026-06-11 09:40:14 [DEBUG]: RCA_loss: 0.151, TC_loss: 0.839
2026-06-11 09:40:14 [DEBUG]: RCA_loss: 0.103, TC_loss: 0.931
2026-06-11 09:40:14 [DEBUG]: RCA_loss: 0.106, TC_loss: 0.908
2026-06-11 09:40:15 [DEBUG]: RCA_loss: 0.215, TC_loss: 0.912
2026-06-11 09:40:15 [DEBUG]: RCA_loss: 0.113, TC_loss: 0.916
2026-06-11 09:40:15 [DEBUG]: RCA_loss: 0.133, TC_loss: 1.149
2026-06-11 09:40:15 [DEBUG]: RCA_loss: 0.091, TC_loss: 1.111
2026-06-11 09:40:15 [DEBUG]: RCA_loss: 0.054, TC_loss: 1.080
2026-06-11 09:40:15 [DEBUG]: RCA_loss: 0.150, TC_loss: 1.070
2026-06-11 09:40:15 [DEBUG]: RCA_loss: 0.145, TC_loss: 0.854
2026-06-11 09:40:15 [INFO]: Epoch 2 done. Loss: 1.313
2026-06-11 09:40:15 [DEBUG]: RCA_loss: 0.171, TC_loss: 1.080
2026-06-11 09:40:15 [DEBUG]: RCA_loss: 0.072, TC_loss: 0.891
2026-06-11 09:40:16 [DEBUG]: RCA_loss: 0.088, TC_loss: 0.901
2026-06-11 09:40:16 [DEBUG]: RCA_loss: 0.047, TC_loss: 0.961
2026-06-11 09:40:16 [DEBUG]: RCA_loss: 0.161, TC_loss: 0.896
2026-06-11 09:40:16 [DEBUG]: RCA_loss: 0.116, TC_loss: 1.033
2026-06-11 09:40:16 [DEBUG]: RCA_loss: 0.061, TC_loss: 1.088
2026-06-11 09:40:16 [DEBUG]: RCA_loss: 0.186, TC_loss: 0.992
2026-06-11 09:40:16 [DEBUG]: RCA_loss: 0.123, TC_loss: 0.883
2026-06-11 09:40:16 [DEBUG]: RCA_loss: 0.079, TC_loss: 0.895
2026-06-11 09:40:16 [DEBUG]: RCA_loss: 0.179, TC_loss: 1.006
2026-06-11 09:40:16 [DEBUG]: RCA_loss: 0.121, TC_loss: 0.814
2026-06-11 09:40:17 [DEBUG]: RCA_loss: 0.152, TC_loss: 0.879
2026-06-11 09:40:17 [DEBUG]: RCA_loss: 0.086, TC_loss: 1.014
2026-06-11 09:40:17 [DEBUG]: RCA_loss: 0.056, TC_loss: 0.847
2026-06-11 09:40:17 [DEBUG]: RCA_loss: 0.106, TC_loss: 0.851
2026-06-11 09:40:17 [DEBUG]: RCA_loss: 0.038, TC_loss: 0.827
2026-06-11 09:40:17 [DEBUG]: RCA_loss: 0.133, TC_loss: 0.899
2026-06-11 09:40:17 [DEBUG]: RCA_loss: 0.393, TC_loss: 1.107
2026-06-11 09:40:17 [DEBUG]: RCA_loss: 0.086, TC_loss: 0.883
2026-06-11 09:40:17 [DEBUG]: RCA_loss: 0.092, TC_loss: 0.821
2026-06-11 09:40:18 [DEBUG]: RCA_loss: 0.057, TC_loss: 0.906
2026-06-11 09:40:18 [DEBUG]: RCA_loss: 0.076, TC_loss: 1.008
2026-06-11 09:40:18 [DEBUG]: RCA_loss: 0.224, TC_loss: 1.045
2026-06-11 09:40:18 [DEBUG]: RCA_loss: 0.135, TC_loss: 1.017
2026-06-11 09:40:18 [DEBUG]: RCA_loss: 0.048, TC_loss: 0.883
2026-06-11 09:40:18 [DEBUG]: RCA_loss: 0.149, TC_loss: 0.967
2026-06-11 09:40:18 [DEBUG]: RCA_loss: 0.059, TC_loss: 0.793
2026-06-11 09:40:18 [DEBUG]: RCA_loss: 0.067, TC_loss: 0.867
2026-06-11 09:40:18 [DEBUG]: RCA_loss: 0.054, TC_loss: 0.828
2026-06-11 09:40:19 [DEBUG]: RCA_loss: 0.121, TC_loss: 0.876
2026-06-11 09:40:19 [DEBUG]: RCA_loss: 0.096, TC_loss: 0.872
2026-06-11 09:40:19 [DEBUG]: RCA_loss: 0.073, TC_loss: 0.854
2026-06-11 09:40:19 [DEBUG]: RCA_loss: 0.083, TC_loss: 0.769
2026-06-11 09:40:19 [DEBUG]: RCA_loss: 0.073, TC_loss: 0.877
2026-06-11 09:40:19 [DEBUG]: RCA_loss: 0.201, TC_loss: 0.864
2026-06-11 09:40:19 [DEBUG]: RCA_loss: 0.127, TC_loss: 0.936
2026-06-11 09:40:19 [DEBUG]: RCA_loss: 0.080, TC_loss: 0.984
2026-06-11 09:40:19 [DEBUG]: RCA_loss: 0.138, TC_loss: 0.730
2026-06-11 09:40:20 [DEBUG]: RCA_loss: 0.049, TC_loss: 0.824
2026-06-11 09:40:20 [DEBUG]: RCA_loss: 0.174, TC_loss: 0.833
2026-06-11 09:40:20 [DEBUG]: RCA_loss: 0.019, TC_loss: 0.848
2026-06-11 09:40:20 [DEBUG]: RCA_loss: 0.116, TC_loss: 1.174
2026-06-11 09:40:20 [DEBUG]: RCA_loss: 0.090, TC_loss: 0.649
2026-06-11 09:40:20 [DEBUG]: RCA_loss: 0.067, TC_loss: 0.703
2026-06-11 09:40:20 [DEBUG]: RCA_loss: 0.033, TC_loss: 0.774
2026-06-11 09:40:20 [DEBUG]: RCA_loss: 0.079, TC_loss: 0.692
2026-06-11 09:40:20 [DEBUG]: RCA_loss: 0.047, TC_loss: 0.746
2026-06-11 09:40:20 [DEBUG]: RCA_loss: 0.072, TC_loss: 0.665
2026-06-11 09:40:21 [DEBUG]: RCA_loss: 0.049, TC_loss: 0.666
2026-06-11 09:40:21 [DEBUG]: RCA_loss: 0.030, TC_loss: 0.689
2026-06-11 09:40:21 [DEBUG]: RCA_loss: 0.079, TC_loss: 0.840
2026-06-11 09:40:21 [DEBUG]: RCA_loss: 0.077, TC_loss: 0.909
2026-06-11 09:40:21 [DEBUG]: RCA_loss: 0.062, TC_loss: 0.858
2026-06-11 09:40:21 [DEBUG]: RCA_loss: 0.060, TC_loss: 0.860
2026-06-11 09:40:21 [DEBUG]: RCA_loss: 0.030, TC_loss: 0.535
2026-06-11 09:40:21 [INFO]: Epoch 3 done. Loss: 0.978
2026-06-11 09:40:21 [DEBUG]: RCA_loss: 0.077, TC_loss: 0.871
2026-06-11 09:40:21 [DEBUG]: RCA_loss: 0.040, TC_loss: 0.746
2026-06-11 09:40:22 [DEBUG]: RCA_loss: 0.075, TC_loss: 0.682
2026-06-11 09:40:22 [DEBUG]: RCA_loss: 0.039, TC_loss: 0.717
2026-06-11 09:40:22 [DEBUG]: RCA_loss: 0.102, TC_loss: 0.748
2026-06-11 09:40:22 [DEBUG]: RCA_loss: 0.053, TC_loss: 0.699
2026-06-11 09:40:22 [DEBUG]: RCA_loss: 0.071, TC_loss: 0.793
2026-06-11 09:40:22 [DEBUG]: RCA_loss: 0.093, TC_loss: 0.850
2026-06-11 09:40:22 [DEBUG]: RCA_loss: 0.155, TC_loss: 0.634
2026-06-11 09:40:22 [DEBUG]: RCA_loss: 0.087, TC_loss: 0.660
2026-06-11 09:40:22 [DEBUG]: RCA_loss: 0.027, TC_loss: 0.701
2026-06-11 09:40:22 [DEBUG]: RCA_loss: 0.131, TC_loss: 0.489
2026-06-11 09:40:23 [DEBUG]: RCA_loss: 0.045, TC_loss: 0.665
2026-06-11 09:40:23 [DEBUG]: RCA_loss: 0.060, TC_loss: 0.776
2026-06-11 09:40:23 [DEBUG]: RCA_loss: 0.064, TC_loss: 0.651
2026-06-11 09:40:23 [DEBUG]: RCA_loss: 0.092, TC_loss: 0.633
2026-06-11 09:40:23 [DEBUG]: RCA_loss: 0.015, TC_loss: 0.615
2026-06-11 09:40:23 [DEBUG]: RCA_loss: 0.091, TC_loss: 0.662
2026-06-11 09:40:23 [DEBUG]: RCA_loss: 0.148, TC_loss: 0.830
2026-06-11 09:40:23 [DEBUG]: RCA_loss: 0.033, TC_loss: 0.592
2026-06-11 09:40:23 [DEBUG]: RCA_loss: 0.023, TC_loss: 0.544
2026-06-11 09:40:24 [DEBUG]: RCA_loss: 0.032, TC_loss: 0.598
2026-06-11 09:40:24 [DEBUG]: RCA_loss: 0.085, TC_loss: 0.900
2026-06-11 09:40:24 [DEBUG]: RCA_loss: 0.056, TC_loss: 0.779
2026-06-11 09:40:24 [DEBUG]: RCA_loss: 0.152, TC_loss: 0.800
2026-06-11 09:40:24 [DEBUG]: RCA_loss: 0.021, TC_loss: 0.683
2026-06-11 09:40:24 [DEBUG]: RCA_loss: 0.157, TC_loss: 0.779
2026-06-11 09:40:24 [DEBUG]: RCA_loss: 0.022, TC_loss: 0.526
2026-06-11 09:40:24 [DEBUG]: RCA_loss: 0.021, TC_loss: 0.625
2026-06-11 09:40:24 [DEBUG]: RCA_loss: 0.031, TC_loss: 0.582
2026-06-11 09:40:24 [DEBUG]: RCA_loss: 0.177, TC_loss: 0.683
2026-06-11 09:40:25 [DEBUG]: RCA_loss: 0.035, TC_loss: 0.598
2026-06-11 09:40:25 [DEBUG]: RCA_loss: 0.032, TC_loss: 0.657
2026-06-11 09:40:25 [DEBUG]: RCA_loss: 0.092, TC_loss: 0.529
2026-06-11 09:40:25 [DEBUG]: RCA_loss: 0.025, TC_loss: 0.741
2026-06-11 09:40:25 [DEBUG]: RCA_loss: 0.092, TC_loss: 0.710
2026-06-11 09:40:25 [DEBUG]: RCA_loss: 0.047, TC_loss: 0.731
2026-06-11 09:40:25 [DEBUG]: RCA_loss: 0.041, TC_loss: 0.774
2026-06-11 09:40:25 [DEBUG]: RCA_loss: 0.082, TC_loss: 0.526
2026-06-11 09:40:25 [DEBUG]: RCA_loss: 0.030, TC_loss: 0.644
2026-06-11 09:40:26 [DEBUG]: RCA_loss: 0.114, TC_loss: 0.571
2026-06-11 09:40:26 [DEBUG]: RCA_loss: 0.011, TC_loss: 0.657
2026-06-11 09:40:26 [DEBUG]: RCA_loss: 0.070, TC_loss: 0.875
2026-06-11 09:40:26 [DEBUG]: RCA_loss: 0.064, TC_loss: 0.486
2026-06-11 09:40:26 [DEBUG]: RCA_loss: 0.039, TC_loss: 0.564
2026-06-11 09:40:26 [DEBUG]: RCA_loss: 0.018, TC_loss: 0.575
2026-06-11 09:40:26 [DEBUG]: RCA_loss: 0.051, TC_loss: 0.443
2026-06-11 09:40:26 [DEBUG]: RCA_loss: 0.014, TC_loss: 0.512
2026-06-11 09:40:26 [DEBUG]: RCA_loss: 0.023, TC_loss: 0.510
2026-06-11 09:40:27 [DEBUG]: RCA_loss: 0.044, TC_loss: 0.512
2026-06-11 09:40:27 [DEBUG]: RCA_loss: 0.022, TC_loss: 0.536
2026-06-11 09:40:27 [DEBUG]: RCA_loss: 0.034, TC_loss: 0.593
2026-06-11 09:40:27 [DEBUG]: RCA_loss: 0.049, TC_loss: 0.625
2026-06-11 09:40:27 [DEBUG]: RCA_loss: 0.036, TC_loss: 0.615
2026-06-11 09:40:27 [DEBUG]: RCA_loss: 0.047, TC_loss: 0.703
2026-06-11 09:40:27 [DEBUG]: RCA_loss: 0.018, TC_loss: 0.438
2026-06-11 09:40:27 [INFO]: Epoch 4 done. Loss: 0.719
2026-06-11 09:40:27 [DEBUG]: RCA_loss: 0.068, TC_loss: 0.677
2026-06-11 09:40:27 [DEBUG]: RCA_loss: 0.024, TC_loss: 0.570
2026-06-11 09:40:27 [DEBUG]: RCA_loss: 0.015, TC_loss: 0.482
2026-06-11 09:40:28 [DEBUG]: RCA_loss: 0.035, TC_loss: 0.575
2026-06-11 09:40:28 [DEBUG]: RCA_loss: 0.092, TC_loss: 0.483
2026-06-11 09:40:28 [DEBUG]: RCA_loss: 0.014, TC_loss: 0.478
2026-06-11 09:40:28 [DEBUG]: RCA_loss: 0.033, TC_loss: 0.588
2026-06-11 09:40:28 [DEBUG]: RCA_loss: 0.056, TC_loss: 0.535
2026-06-11 09:40:28 [DEBUG]: RCA_loss: 0.068, TC_loss: 0.471
2026-06-11 09:40:28 [DEBUG]: RCA_loss: 0.129, TC_loss: 0.542
2026-06-11 09:40:28 [DEBUG]: RCA_loss: 0.035, TC_loss: 0.483
2026-06-11 09:40:28 [DEBUG]: RCA_loss: 0.145, TC_loss: 0.341
2026-06-11 09:40:28 [DEBUG]: RCA_loss: 0.159, TC_loss: 0.479
2026-06-11 09:40:29 [DEBUG]: RCA_loss: 0.061, TC_loss: 0.587
2026-06-11 09:40:29 [DEBUG]: RCA_loss: 0.075, TC_loss: 0.530
2026-06-11 09:40:29 [DEBUG]: RCA_loss: 0.073, TC_loss: 0.490
2026-06-11 09:40:29 [DEBUG]: RCA_loss: 0.011, TC_loss: 0.475
2026-06-11 09:40:29 [DEBUG]: RCA_loss: 0.100, TC_loss: 0.488
2026-06-11 09:40:29 [DEBUG]: RCA_loss: 0.060, TC_loss: 0.662
2026-06-11 09:40:29 [DEBUG]: RCA_loss: 0.027, TC_loss: 0.479
2026-06-11 09:40:29 [DEBUG]: RCA_loss: 0.016, TC_loss: 0.469
2026-06-11 09:40:29 [DEBUG]: RCA_loss: 0.022, TC_loss: 0.508
2026-06-11 09:40:29 [DEBUG]: RCA_loss: 0.071, TC_loss: 0.651
2026-06-11 09:40:29 [DEBUG]: RCA_loss: 0.037, TC_loss: 0.571
2026-06-11 09:40:29 [DEBUG]: RCA_loss: 0.105, TC_loss: 0.590
2026-06-11 09:40:30 [DEBUG]: RCA_loss: 0.046, TC_loss: 0.454
2026-06-11 09:40:30 [DEBUG]: RCA_loss: 0.162, TC_loss: 0.684
2026-06-11 09:40:30 [DEBUG]: RCA_loss: 0.022, TC_loss: 0.413
2026-06-11 09:40:30 [DEBUG]: RCA_loss: 0.028, TC_loss: 0.423
2026-06-11 09:40:30 [DEBUG]: RCA_loss: 0.006, TC_loss: 0.405
2026-06-11 09:40:30 [DEBUG]: RCA_loss: 0.029, TC_loss: 0.480
2026-06-11 09:40:30 [DEBUG]: RCA_loss: 0.049, TC_loss: 0.453
2026-06-11 09:40:30 [DEBUG]: RCA_loss: 0.055, TC_loss: 0.562
2026-06-11 09:40:30 [DEBUG]: RCA_loss: 0.052, TC_loss: 0.428
2026-06-11 09:40:30 [DEBUG]: RCA_loss: 0.014, TC_loss: 0.528
2026-06-11 09:40:30 [DEBUG]: RCA_loss: 0.157, TC_loss: 0.445
2026-06-11 09:40:30 [DEBUG]: RCA_loss: 0.057, TC_loss: 0.608
2026-06-11 09:40:31 [DEBUG]: RCA_loss: 0.013, TC_loss: 0.570
2026-06-11 09:40:31 [DEBUG]: RCA_loss: 0.051, TC_loss: 0.419
2026-06-11 09:40:31 [DEBUG]: RCA_loss: 0.014, TC_loss: 0.470
2026-06-11 09:40:31 [DEBUG]: RCA_loss: 0.051, TC_loss: 0.542
2026-06-11 09:40:31 [DEBUG]: RCA_loss: 0.011, TC_loss: 0.441
2026-06-11 09:40:31 [DEBUG]: RCA_loss: 0.050, TC_loss: 0.602
2026-06-11 09:40:31 [DEBUG]: RCA_loss: 0.033, TC_loss: 0.339
2026-06-11 09:40:31 [DEBUG]: RCA_loss: 0.013, TC_loss: 0.435
2026-06-11 09:40:31 [DEBUG]: RCA_loss: 0.007, TC_loss: 0.447
2026-06-11 09:40:31 [DEBUG]: RCA_loss: 0.063, TC_loss: 0.353
2026-06-11 09:40:31 [DEBUG]: RCA_loss: 0.025, TC_loss: 0.392
2026-06-11 09:40:32 [DEBUG]: RCA_loss: 0.045, TC_loss: 0.398
2026-06-11 09:40:32 [DEBUG]: RCA_loss: 0.024, TC_loss: 0.359
2026-06-11 09:40:32 [DEBUG]: RCA_loss: 0.031, TC_loss: 0.382
2026-06-11 09:40:32 [DEBUG]: RCA_loss: 0.025, TC_loss: 0.451
2026-06-11 09:40:32 [DEBUG]: RCA_loss: 0.021, TC_loss: 0.471
2026-06-11 09:40:32 [DEBUG]: RCA_loss: 0.045, TC_loss: 0.452
2026-06-11 09:40:32 [DEBUG]: RCA_loss: 0.048, TC_loss: 0.444
2026-06-11 09:40:32 [DEBUG]: RCA_loss: 0.021, TC_loss: 0.171
2026-06-11 09:40:32 [INFO]: Epoch 5 done. Loss: 0.541
2026-06-11 09:40:32 [DEBUG]: RCA_loss: 0.046, TC_loss: 0.539
2026-06-11 09:40:32 [DEBUG]: RCA_loss: 0.047, TC_loss: 0.397
2026-06-11 09:40:32 [DEBUG]: RCA_loss: 0.057, TC_loss: 0.343
2026-06-11 09:40:33 [DEBUG]: RCA_loss: 0.019, TC_loss: 0.399
2026-06-11 09:40:33 [DEBUG]: RCA_loss: 0.062, TC_loss: 0.350
2026-06-11 09:40:33 [DEBUG]: RCA_loss: 0.018, TC_loss: 0.324
2026-06-11 09:40:33 [DEBUG]: RCA_loss: 0.010, TC_loss: 0.402
2026-06-11 09:40:33 [DEBUG]: RCA_loss: 0.016, TC_loss: 0.355
2026-06-11 09:40:33 [DEBUG]: RCA_loss: 0.034, TC_loss: 0.290
2026-06-11 09:40:33 [DEBUG]: RCA_loss: 0.014, TC_loss: 0.344
2026-06-11 09:40:33 [DEBUG]: RCA_loss: 0.015, TC_loss: 0.365
2026-06-11 09:40:33 [DEBUG]: RCA_loss: 0.011, TC_loss: 0.240
2026-06-11 09:40:33 [DEBUG]: RCA_loss: 0.042, TC_loss: 0.355
2026-06-11 09:40:33 [DEBUG]: RCA_loss: 0.071, TC_loss: 0.451
2026-06-11 09:40:34 [DEBUG]: RCA_loss: 0.022, TC_loss: 0.422
2026-06-11 09:40:34 [DEBUG]: RCA_loss: 0.051, TC_loss: 0.354
2026-06-11 09:40:34 [DEBUG]: RCA_loss: 0.006, TC_loss: 0.341
2026-06-11 09:40:34 [DEBUG]: RCA_loss: 0.012, TC_loss: 0.339
2026-06-11 09:40:34 [DEBUG]: RCA_loss: 0.082, TC_loss: 0.539
2026-06-11 09:40:34 [DEBUG]: RCA_loss: 0.032, TC_loss: 0.322
2026-06-11 09:40:34 [DEBUG]: RCA_loss: 0.020, TC_loss: 0.340
2026-06-11 09:40:34 [DEBUG]: RCA_loss: 0.031, TC_loss: 0.337
2026-06-11 09:40:34 [DEBUG]: RCA_loss: 0.018, TC_loss: 0.479
2026-06-11 09:40:34 [DEBUG]: RCA_loss: 0.012, TC_loss: 0.385
2026-06-11 09:40:35 [DEBUG]: RCA_loss: 0.047, TC_loss: 0.431
2026-06-11 09:40:35 [DEBUG]: RCA_loss: 0.006, TC_loss: 0.358
2026-06-11 09:40:35 [DEBUG]: RCA_loss: 0.069, TC_loss: 0.434
2026-06-11 09:40:35 [DEBUG]: RCA_loss: 0.006, TC_loss: 0.308
2026-06-11 09:40:35 [DEBUG]: RCA_loss: 0.090, TC_loss: 0.326
2026-06-11 09:40:35 [DEBUG]: RCA_loss: 0.012, TC_loss: 0.337
2026-06-11 09:40:35 [DEBUG]: RCA_loss: 0.040, TC_loss: 0.326
2026-06-11 09:40:35 [DEBUG]: RCA_loss: 0.041, TC_loss: 0.285
2026-06-11 09:40:35 [DEBUG]: RCA_loss: 0.022, TC_loss: 0.317
2026-06-11 09:40:36 [DEBUG]: RCA_loss: 0.048, TC_loss: 0.286
2026-06-11 09:40:36 [DEBUG]: RCA_loss: 0.014, TC_loss: 0.404
2026-06-11 09:40:36 [DEBUG]: RCA_loss: 0.034, TC_loss: 0.345
2026-06-11 09:40:36 [DEBUG]: RCA_loss: 0.039, TC_loss: 0.465
2026-06-11 09:40:36 [DEBUG]: RCA_loss: 0.027, TC_loss: 0.417
2026-06-11 09:40:36 [DEBUG]: RCA_loss: 0.074, TC_loss: 0.280
2026-06-11 09:40:36 [DEBUG]: RCA_loss: 0.012, TC_loss: 0.332
2026-06-11 09:40:36 [DEBUG]: RCA_loss: 0.037, TC_loss: 0.382
2026-06-11 09:40:36 [DEBUG]: RCA_loss: 0.005, TC_loss: 0.363
2026-06-11 09:40:37 [DEBUG]: RCA_loss: 0.017, TC_loss: 0.513
2026-06-11 09:40:37 [DEBUG]: RCA_loss: 0.013, TC_loss: 0.238
2026-06-11 09:40:37 [DEBUG]: RCA_loss: 0.009, TC_loss: 0.298
2026-06-11 09:40:37 [DEBUG]: RCA_loss: 0.018, TC_loss: 0.282
2026-06-11 09:40:37 [DEBUG]: RCA_loss: 0.061, TC_loss: 0.253
2026-06-11 09:40:37 [DEBUG]: RCA_loss: 0.015, TC_loss: 0.290
2026-06-11 09:40:37 [DEBUG]: RCA_loss: 0.056, TC_loss: 0.278
2026-06-11 09:40:37 [DEBUG]: RCA_loss: 0.014, TC_loss: 0.252
2026-06-11 09:40:37 [DEBUG]: RCA_loss: 0.004, TC_loss: 0.257
2026-06-11 09:40:38 [DEBUG]: RCA_loss: 0.011, TC_loss: 0.301
2026-06-11 09:40:38 [DEBUG]: RCA_loss: 0.012, TC_loss: 0.389
2026-06-11 09:40:38 [DEBUG]: RCA_loss: 0.015, TC_loss: 0.381
2026-06-11 09:40:38 [DEBUG]: RCA_loss: 0.039, TC_loss: 0.329
2026-06-11 09:40:38 [DEBUG]: RCA_loss: 0.037, TC_loss: 0.145
2026-06-11 09:40:38 [INFO]: Epoch 6 done. Loss: 0.383
2026-06-11 09:40:38 [DEBUG]: RCA_loss: 0.037, TC_loss: 0.456
2026-06-11 09:40:38 [DEBUG]: RCA_loss: 0.020, TC_loss: 0.232
2026-06-11 09:40:38 [DEBUG]: RCA_loss: 0.005, TC_loss: 0.288
2026-06-11 09:40:38 [DEBUG]: RCA_loss: 0.022, TC_loss: 0.321
2026-06-11 09:40:39 [DEBUG]: RCA_loss: 0.014, TC_loss: 0.230
2026-06-11 09:40:39 [DEBUG]: RCA_loss: 0.012, TC_loss: 0.230
2026-06-11 09:40:39 [DEBUG]: RCA_loss: 0.020, TC_loss: 0.303
2026-06-11 09:40:39 [DEBUG]: RCA_loss: 0.028, TC_loss: 0.265
2026-06-11 09:40:39 [DEBUG]: RCA_loss: 0.025, TC_loss: 0.195
2026-06-11 09:40:39 [DEBUG]: RCA_loss: 0.035, TC_loss: 0.208
2026-06-11 09:40:39 [DEBUG]: RCA_loss: 0.020, TC_loss: 0.308
2026-06-11 09:40:39 [DEBUG]: RCA_loss: 0.259, TC_loss: 0.173
2026-06-11 09:40:39 [DEBUG]: RCA_loss: 0.013, TC_loss: 0.256
2026-06-11 09:40:39 [DEBUG]: RCA_loss: 0.024, TC_loss: 0.337
2026-06-11 09:40:40 [DEBUG]: RCA_loss: 0.010, TC_loss: 0.328
2026-06-11 09:40:40 [DEBUG]: RCA_loss: 0.050, TC_loss: 0.215
2026-06-11 09:40:40 [DEBUG]: RCA_loss: 0.005, TC_loss: 0.218
2026-06-11 09:40:40 [DEBUG]: RCA_loss: 0.018, TC_loss: 0.274
2026-06-11 09:40:40 [DEBUG]: RCA_loss: 0.041, TC_loss: 0.466
2026-06-11 09:40:40 [DEBUG]: RCA_loss: 0.007, TC_loss: 0.258
2026-06-11 09:40:40 [DEBUG]: RCA_loss: 0.008, TC_loss: 0.279
2026-06-11 09:40:40 [DEBUG]: RCA_loss: 0.018, TC_loss: 0.267
2026-06-11 09:40:40 [DEBUG]: RCA_loss: 0.023, TC_loss: 0.287
2026-06-11 09:40:41 [DEBUG]: RCA_loss: 0.028, TC_loss: 0.275
2026-06-11 09:40:41 [DEBUG]: RCA_loss: 0.028, TC_loss: 0.263
2026-06-11 09:40:41 [DEBUG]: RCA_loss: 0.002, TC_loss: 0.235
2026-06-11 09:40:41 [DEBUG]: RCA_loss: 0.048, TC_loss: 0.330
2026-06-11 09:40:41 [DEBUG]: RCA_loss: 0.007, TC_loss: 0.196
2026-06-11 09:40:41 [DEBUG]: RCA_loss: 0.010, TC_loss: 0.256
2026-06-11 09:40:41 [DEBUG]: RCA_loss: 0.021, TC_loss: 0.243
2026-06-11 09:40:41 [DEBUG]: RCA_loss: 0.015, TC_loss: 0.232
2026-06-11 09:40:41 [DEBUG]: RCA_loss: 0.014, TC_loss: 0.239
2026-06-11 09:40:42 [DEBUG]: RCA_loss: 0.022, TC_loss: 0.257
2026-06-11 09:40:42 [DEBUG]: RCA_loss: 0.015, TC_loss: 0.204
2026-06-11 09:40:42 [DEBUG]: RCA_loss: 0.016, TC_loss: 0.340
2026-06-11 09:40:42 [DEBUG]: RCA_loss: 0.097, TC_loss: 0.262
2026-06-11 09:40:42 [DEBUG]: RCA_loss: 0.035, TC_loss: 0.283
2026-06-11 09:40:42 [DEBUG]: RCA_loss: 0.020, TC_loss: 0.320
2026-06-11 09:40:42 [DEBUG]: RCA_loss: 0.014, TC_loss: 0.222
2026-06-11 09:40:42 [DEBUG]: RCA_loss: 0.005, TC_loss: 0.257
2026-06-11 09:40:42 [DEBUG]: RCA_loss: 0.013, TC_loss: 0.259
2026-06-11 09:40:43 [DEBUG]: RCA_loss: 0.006, TC_loss: 0.261
2026-06-11 09:40:43 [DEBUG]: RCA_loss: 0.063, TC_loss: 0.391
2026-06-11 09:40:43 [DEBUG]: RCA_loss: 0.015, TC_loss: 0.207
2026-06-11 09:40:43 [DEBUG]: RCA_loss: 0.034, TC_loss: 0.206
2026-06-11 09:40:43 [DEBUG]: RCA_loss: 0.023, TC_loss: 0.260
2026-06-11 09:40:43 [DEBUG]: RCA_loss: 0.064, TC_loss: 0.159
2026-06-11 09:40:43 [DEBUG]: RCA_loss: 0.007, TC_loss: 0.230
2026-06-11 09:40:43 [DEBUG]: RCA_loss: 0.009, TC_loss: 0.285
2026-06-11 09:40:43 [DEBUG]: RCA_loss: 0.021, TC_loss: 0.206
2026-06-11 09:40:43 [DEBUG]: RCA_loss: 0.017, TC_loss: 0.205
2026-06-11 09:40:43 [DEBUG]: RCA_loss: 0.113, TC_loss: 0.255
2026-06-11 09:40:43 [DEBUG]: RCA_loss: 0.008, TC_loss: 0.295
2026-06-11 09:40:44 [DEBUG]: RCA_loss: 0.063, TC_loss: 0.204
2026-06-11 09:40:44 [DEBUG]: RCA_loss: 0.020, TC_loss: 0.367
2026-06-11 09:40:44 [DEBUG]: RCA_loss: 0.009, TC_loss: 0.107
2026-06-11 09:40:44 [INFO]: Epoch 7 done. Loss: 0.294
2026-06-11 09:40:44 [DEBUG]: RCA_loss: 0.019, TC_loss: 0.387
2026-06-11 09:40:44 [DEBUG]: RCA_loss: 0.023, TC_loss: 0.178
2026-06-11 09:40:44 [DEBUG]: RCA_loss: 0.003, TC_loss: 0.218
2026-06-11 09:40:44 [DEBUG]: RCA_loss: 0.003, TC_loss: 0.313
2026-06-11 09:40:44 [DEBUG]: RCA_loss: 0.049, TC_loss: 0.164
2026-06-11 09:40:44 [DEBUG]: RCA_loss: 0.033, TC_loss: 0.183
2026-06-11 09:40:44 [DEBUG]: RCA_loss: 0.003, TC_loss: 0.168
2026-06-11 09:40:45 [DEBUG]: RCA_loss: 0.048, TC_loss: 0.305
2026-06-11 09:40:45 [DEBUG]: RCA_loss: 0.035, TC_loss: 0.163
2026-06-11 09:40:45 [DEBUG]: RCA_loss: 0.019, TC_loss: 0.180
2026-06-11 09:40:45 [DEBUG]: RCA_loss: 0.021, TC_loss: 0.192
2026-06-11 09:40:45 [DEBUG]: RCA_loss: 0.095, TC_loss: 0.152
2026-06-11 09:40:45 [DEBUG]: RCA_loss: 0.085, TC_loss: 0.154
2026-06-11 09:40:45 [DEBUG]: RCA_loss: 0.013, TC_loss: 0.244
2026-06-11 09:40:45 [DEBUG]: RCA_loss: 0.008, TC_loss: 0.257
2026-06-11 09:40:45 [DEBUG]: RCA_loss: 0.016, TC_loss: 0.203
2026-06-11 09:40:45 [DEBUG]: RCA_loss: 0.027, TC_loss: 0.177
2026-06-11 09:40:46 [DEBUG]: RCA_loss: 0.005, TC_loss: 0.226
2026-06-11 09:40:46 [DEBUG]: RCA_loss: 0.091, TC_loss: 0.328
2026-06-11 09:40:46 [DEBUG]: RCA_loss: 0.086, TC_loss: 0.206
2026-06-11 09:40:46 [DEBUG]: RCA_loss: 0.015, TC_loss: 0.202
2026-06-11 09:40:46 [DEBUG]: RCA_loss: 0.075, TC_loss: 0.206
2026-06-11 09:40:46 [DEBUG]: RCA_loss: 0.013, TC_loss: 0.238
2026-06-11 09:40:46 [DEBUG]: RCA_loss: 0.005, TC_loss: 0.225
2026-06-11 09:40:46 [DEBUG]: RCA_loss: 0.025, TC_loss: 0.210
2026-06-11 09:40:46 [DEBUG]: RCA_loss: 0.035, TC_loss: 0.206
2026-06-11 09:40:46 [DEBUG]: RCA_loss: 0.018, TC_loss: 0.324
2026-06-11 09:40:47 [DEBUG]: RCA_loss: 0.009, TC_loss: 0.188
2026-06-11 09:40:47 [DEBUG]: RCA_loss: 0.020, TC_loss: 0.199
2026-06-11 09:40:47 [DEBUG]: RCA_loss: 0.032, TC_loss: 0.217
2026-06-11 09:40:47 [DEBUG]: RCA_loss: 0.045, TC_loss: 0.210
2026-06-11 09:40:47 [DEBUG]: RCA_loss: 0.034, TC_loss: 0.196
2026-06-11 09:40:47 [DEBUG]: RCA_loss: 0.022, TC_loss: 0.186
2026-06-11 09:40:47 [DEBUG]: RCA_loss: 0.026, TC_loss: 0.185
2026-06-11 09:40:47 [DEBUG]: RCA_loss: 0.013, TC_loss: 0.375
2026-06-11 09:40:48 [DEBUG]: RCA_loss: 0.048, TC_loss: 0.228
2026-06-11 09:40:48 [DEBUG]: RCA_loss: 0.048, TC_loss: 0.247
2026-06-11 09:40:48 [DEBUG]: RCA_loss: 0.029, TC_loss: 0.249
2026-06-11 09:40:48 [DEBUG]: RCA_loss: 0.079, TC_loss: 0.183
2026-06-11 09:40:48 [DEBUG]: RCA_loss: 0.007, TC_loss: 0.232
2026-06-11 09:40:48 [DEBUG]: RCA_loss: 0.026, TC_loss: 0.265
2026-06-11 09:40:48 [DEBUG]: RCA_loss: 0.009, TC_loss: 0.208
2026-06-11 09:40:48 [DEBUG]: RCA_loss: 0.042, TC_loss: 0.371
2026-06-11 09:40:48 [DEBUG]: RCA_loss: 0.010, TC_loss: 0.148
2026-06-11 09:40:48 [DEBUG]: RCA_loss: 0.010, TC_loss: 0.184
2026-06-11 09:40:48 [DEBUG]: RCA_loss: 0.028, TC_loss: 0.203
2026-06-11 09:40:49 [DEBUG]: RCA_loss: 0.080, TC_loss: 0.142
2026-06-11 09:40:49 [DEBUG]: RCA_loss: 0.003, TC_loss: 0.223
2026-06-11 09:40:49 [DEBUG]: RCA_loss: 0.009, TC_loss: 0.255
2026-06-11 09:40:49 [DEBUG]: RCA_loss: 0.005, TC_loss: 0.190
2026-06-11 09:40:49 [DEBUG]: RCA_loss: 0.022, TC_loss: 0.162
2026-06-11 09:40:49 [DEBUG]: RCA_loss: 0.003, TC_loss: 0.165
2026-06-11 09:40:49 [DEBUG]: RCA_loss: 0.004, TC_loss: 0.232
2026-06-11 09:40:49 [DEBUG]: RCA_loss: 0.004, TC_loss: 0.170
2026-06-11 09:40:49 [DEBUG]: RCA_loss: 0.038, TC_loss: 0.216
2026-06-11 09:40:49 [DEBUG]: RCA_loss: 0.002, TC_loss: 0.039
2026-06-11 09:40:49 [INFO]: Epoch 8 done. Loss: 0.247
2026-06-11 09:40:49 [DEBUG]: RCA_loss: 0.017, TC_loss: 0.192
2026-06-11 09:40:49 [DEBUG]: RCA_loss: 0.001, TC_loss: 0.160
2026-06-11 09:40:50 [DEBUG]: RCA_loss: 0.017, TC_loss: 0.205
2026-06-11 09:40:50 [DEBUG]: RCA_loss: 0.037, TC_loss: 0.257
2026-06-11 09:40:50 [DEBUG]: RCA_loss: 0.020, TC_loss: 0.147
2026-06-11 09:40:50 [DEBUG]: RCA_loss: 0.004, TC_loss: 0.103
2026-06-11 09:40:50 [DEBUG]: RCA_loss: 0.006, TC_loss: 0.150
2026-06-11 09:40:50 [DEBUG]: RCA_loss: 0.011, TC_loss: 0.214
2026-06-11 09:40:50 [DEBUG]: RCA_loss: 0.007, TC_loss: 0.127
2026-06-11 09:40:50 [DEBUG]: RCA_loss: 0.002, TC_loss: 0.099
2026-06-11 09:40:50 [DEBUG]: RCA_loss: 0.005, TC_loss: 0.165
2026-06-11 09:40:50 [DEBUG]: RCA_loss: 0.066, TC_loss: 0.139
2026-06-11 09:40:50 [DEBUG]: RCA_loss: 0.002, TC_loss: 0.217
2026-06-11 09:40:51 [DEBUG]: RCA_loss: 0.029, TC_loss: 0.245
2026-06-11 09:40:51 [DEBUG]: RCA_loss: 0.002, TC_loss: 0.158
2026-06-11 09:40:51 [DEBUG]: RCA_loss: 0.015, TC_loss: 0.154
2026-06-11 09:40:51 [DEBUG]: RCA_loss: 0.003, TC_loss: 0.142
2026-06-11 09:40:51 [DEBUG]: RCA_loss: 0.023, TC_loss: 0.193
2026-06-11 09:40:51 [DEBUG]: RCA_loss: 0.043, TC_loss: 0.261
2026-06-11 09:40:51 [DEBUG]: RCA_loss: 0.003, TC_loss: 0.169
2026-06-11 09:40:51 [DEBUG]: RCA_loss: 0.003, TC_loss: 0.188
2026-06-11 09:40:51 [DEBUG]: RCA_loss: 0.004, TC_loss: 0.123
2026-06-11 09:40:51 [DEBUG]: RCA_loss: 0.035, TC_loss: 0.174
2026-06-11 09:40:51 [DEBUG]: RCA_loss: 0.017, TC_loss: 0.196
2026-06-11 09:40:51 [DEBUG]: RCA_loss: 0.003, TC_loss: 0.154
2026-06-11 09:40:52 [DEBUG]: RCA_loss: 0.003, TC_loss: 0.160
2026-06-11 09:40:52 [DEBUG]: RCA_loss: 0.019, TC_loss: 0.157
2026-06-11 09:40:52 [DEBUG]: RCA_loss: 0.043, TC_loss: 0.144
2026-06-11 09:40:52 [DEBUG]: RCA_loss: 0.015, TC_loss: 0.144
2026-06-11 09:40:52 [DEBUG]: RCA_loss: 0.001, TC_loss: 0.139
2026-06-11 09:40:52 [DEBUG]: RCA_loss: 0.030, TC_loss: 0.164
2026-06-11 09:40:52 [DEBUG]: RCA_loss: 0.006, TC_loss: 0.112
2026-06-11 09:40:52 [DEBUG]: RCA_loss: 0.004, TC_loss: 0.165
2026-06-11 09:40:52 [DEBUG]: RCA_loss: 0.004, TC_loss: 0.140
2026-06-11 09:40:52 [DEBUG]: RCA_loss: 0.007, TC_loss: 0.225
2026-06-11 09:40:52 [DEBUG]: RCA_loss: 0.009, TC_loss: 0.164
2026-06-11 09:40:52 [DEBUG]: RCA_loss: 0.008, TC_loss: 0.246
2026-06-11 09:40:53 [DEBUG]: RCA_loss: 0.058, TC_loss: 0.220
2026-06-11 09:40:53 [DEBUG]: RCA_loss: 0.007, TC_loss: 0.104
2026-06-11 09:40:53 [DEBUG]: RCA_loss: 0.001, TC_loss: 0.135
2026-06-11 09:40:53 [DEBUG]: RCA_loss: 0.006, TC_loss: 0.139
2026-06-11 09:40:53 [DEBUG]: RCA_loss: 0.003, TC_loss: 0.147
2026-06-11 09:40:53 [DEBUG]: RCA_loss: 0.010, TC_loss: 0.206
2026-06-11 09:40:53 [DEBUG]: RCA_loss: 0.019, TC_loss: 0.090
2026-06-11 09:40:53 [DEBUG]: RCA_loss: 0.003, TC_loss: 0.090
2026-06-11 09:40:53 [DEBUG]: RCA_loss: 0.003, TC_loss: 0.129
2026-06-11 09:40:53 [DEBUG]: RCA_loss: 0.068, TC_loss: 0.089
2026-06-11 09:40:53 [DEBUG]: RCA_loss: 0.012, TC_loss: 0.156
2026-06-11 09:40:54 [DEBUG]: RCA_loss: 0.032, TC_loss: 0.119
2026-06-11 09:40:54 [DEBUG]: RCA_loss: 0.019, TC_loss: 0.113
2026-06-11 09:40:54 [DEBUG]: RCA_loss: 0.002, TC_loss: 0.116
2026-06-11 09:40:54 [DEBUG]: RCA_loss: 0.017, TC_loss: 0.079
2026-06-11 09:40:54 [DEBUG]: RCA_loss: 0.001, TC_loss: 0.114
2026-06-11 09:40:54 [DEBUG]: RCA_loss: 0.010, TC_loss: 0.110
2026-06-11 09:40:54 [DEBUG]: RCA_loss: 0.009, TC_loss: 0.139
2026-06-11 09:40:54 [DEBUG]: RCA_loss: 0.042, TC_loss: 0.043
2026-06-11 09:40:54 [INFO]: Epoch 9 done. Loss: 0.171
2026-06-11 09:40:54 [DEBUG]: RCA_loss: 0.016, TC_loss: 0.128
2026-06-11 09:40:54 [DEBUG]: RCA_loss: 0.008, TC_loss: 0.101
2026-06-11 09:40:54 [DEBUG]: RCA_loss: 0.009, TC_loss: 0.097
2026-06-11 09:40:54 [DEBUG]: RCA_loss: 0.079, TC_loss: 0.152
2026-06-11 09:40:55 [DEBUG]: RCA_loss: 0.004, TC_loss: 0.085
2026-06-11 09:40:55 [DEBUG]: RCA_loss: 0.006, TC_loss: 0.084
2026-06-11 09:40:55 [DEBUG]: RCA_loss: 0.001, TC_loss: 0.103
2026-06-11 09:40:55 [DEBUG]: RCA_loss: 0.009, TC_loss: 0.116
2026-06-11 09:40:55 [DEBUG]: RCA_loss: 0.010, TC_loss: 0.093
2026-06-11 09:40:55 [DEBUG]: RCA_loss: 0.005, TC_loss: 0.103
2026-06-11 09:40:55 [DEBUG]: RCA_loss: 0.009, TC_loss: 0.104
2026-06-11 09:40:55 [DEBUG]: RCA_loss: 0.052, TC_loss: 0.072
2026-06-11 09:40:55 [DEBUG]: RCA_loss: 0.009, TC_loss: 0.093
2026-06-11 09:40:55 [DEBUG]: RCA_loss: 0.004, TC_loss: 0.098
2026-06-11 09:40:55 [DEBUG]: RCA_loss: 0.003, TC_loss: 0.107
2026-06-11 09:40:55 [DEBUG]: RCA_loss: 0.004, TC_loss: 0.086
2026-06-11 09:40:56 [DEBUG]: RCA_loss: 0.006, TC_loss: 0.117
2026-06-11 09:40:56 [DEBUG]: RCA_loss: 0.004, TC_loss: 0.128
2026-06-11 09:40:56 [DEBUG]: RCA_loss: 0.019, TC_loss: 0.153
2026-06-11 09:40:56 [DEBUG]: RCA_loss: 0.034, TC_loss: 0.089
2026-06-11 09:40:56 [DEBUG]: RCA_loss: 0.002, TC_loss: 0.119
2026-06-11 09:40:56 [DEBUG]: RCA_loss: 0.007, TC_loss: 0.115
2026-06-11 09:40:56 [DEBUG]: RCA_loss: 0.011, TC_loss: 0.135
2026-06-11 09:40:56 [DEBUG]: RCA_loss: 0.004, TC_loss: 0.101
2026-06-11 09:40:56 [DEBUG]: RCA_loss: 0.005, TC_loss: 0.106
2026-06-11 09:40:56 [DEBUG]: RCA_loss: 0.004, TC_loss: 0.103
2026-06-11 09:40:56 [DEBUG]: RCA_loss: 0.019, TC_loss: 0.101
2026-06-11 09:40:56 [DEBUG]: RCA_loss: 0.001, TC_loss: 0.094
2026-06-11 09:40:57 [DEBUG]: RCA_loss: 0.090, TC_loss: 0.116
2026-06-11 09:40:57 [DEBUG]: RCA_loss: 0.001, TC_loss: 0.117
2026-06-11 09:40:57 [DEBUG]: RCA_loss: 0.018, TC_loss: 0.109
2026-06-11 09:40:57 [DEBUG]: RCA_loss: 0.011, TC_loss: 0.082
2026-06-11 09:40:57 [DEBUG]: RCA_loss: 0.020, TC_loss: 0.105
2026-06-11 09:40:57 [DEBUG]: RCA_loss: 0.001, TC_loss: 0.095
2026-06-11 09:40:57 [DEBUG]: RCA_loss: 0.005, TC_loss: 0.150
2026-06-11 09:40:57 [DEBUG]: RCA_loss: 0.065, TC_loss: 0.113
2026-06-11 09:40:57 [DEBUG]: RCA_loss: 0.004, TC_loss: 0.122
2026-06-11 09:40:57 [DEBUG]: RCA_loss: 0.006, TC_loss: 0.108
2026-06-11 09:40:57 [DEBUG]: RCA_loss: 0.017, TC_loss: 0.114
2026-06-11 09:40:58 [DEBUG]: RCA_loss: 0.006, TC_loss: 0.109
2026-06-11 09:40:58 [DEBUG]: RCA_loss: 0.013, TC_loss: 0.132
2026-06-11 09:40:58 [DEBUG]: RCA_loss: 0.001, TC_loss: 0.124
2026-06-11 09:40:58 [DEBUG]: RCA_loss: 0.013, TC_loss: 0.169
2026-06-11 09:40:58 [DEBUG]: RCA_loss: 0.004, TC_loss: 0.059
2026-06-11 09:40:58 [DEBUG]: RCA_loss: 0.013, TC_loss: 0.100
2026-06-11 09:40:58 [DEBUG]: RCA_loss: 0.003, TC_loss: 0.102
2026-06-11 09:40:58 [DEBUG]: RCA_loss: 0.009, TC_loss: 0.053
2026-06-11 09:40:58 [DEBUG]: RCA_loss: 0.004, TC_loss: 0.113
2026-06-11 09:40:58 [DEBUG]: RCA_loss: 0.010, TC_loss: 0.078
2026-06-11 09:40:58 [DEBUG]: RCA_loss: 0.005, TC_loss: 0.089
2026-06-11 09:40:58 [DEBUG]: RCA_loss: 0.023, TC_loss: 0.078
2026-06-11 09:40:59 [DEBUG]: RCA_loss: 0.026, TC_loss: 0.064
2026-06-11 09:40:59 [DEBUG]: RCA_loss: 0.001, TC_loss: 0.091
2026-06-11 09:40:59 [DEBUG]: RCA_loss: 0.008, TC_loss: 0.077
2026-06-11 09:40:59 [DEBUG]: RCA_loss: 0.002, TC_loss: 0.150
2026-06-11 09:40:59 [DEBUG]: RCA_loss: 0.012, TC_loss: 0.039
2026-06-11 09:40:59 [INFO]: Epoch 10 done. Loss: 0.119
2026-06-11 09:40:59 [DEBUG]: RCA_loss: 0.011, TC_loss: 0.144
2026-06-11 09:40:59 [DEBUG]: RCA_loss: 0.003, TC_loss: 0.080
2026-06-11 09:40:59 [DEBUG]: RCA_loss: 0.005, TC_loss: 0.090
2026-06-11 09:40:59 [DEBUG]: RCA_loss: 0.008, TC_loss: 0.151
2026-06-11 09:40:59 [DEBUG]: RCA_loss: 0.004, TC_loss: 0.057
2026-06-11 09:40:59 [DEBUG]: RCA_loss: 0.005, TC_loss: 0.055
2026-06-11 09:40:59 [DEBUG]: RCA_loss: 0.002, TC_loss: 0.065
2026-06-11 09:41:00 [DEBUG]: RCA_loss: 0.004, TC_loss: 0.076
2026-06-11 09:41:00 [DEBUG]: RCA_loss: 0.021, TC_loss: 0.060
2026-06-11 09:41:00 [DEBUG]: RCA_loss: 0.001, TC_loss: 0.061
2026-06-11 09:41:00 [DEBUG]: RCA_loss: 0.003, TC_loss: 0.062
2026-06-11 09:41:00 [DEBUG]: RCA_loss: 0.107, TC_loss: 0.061
2026-06-11 09:41:00 [DEBUG]: RCA_loss: 0.003, TC_loss: 0.095
2026-06-11 09:41:00 [DEBUG]: RCA_loss: 0.005, TC_loss: 0.107
2026-06-11 09:41:00 [DEBUG]: RCA_loss: 0.002, TC_loss: 0.089
2026-06-11 09:41:00 [DEBUG]: RCA_loss: 0.005, TC_loss: 0.062
2026-06-11 09:41:00 [DEBUG]: RCA_loss: 0.001, TC_loss: 0.085
2026-06-11 09:41:00 [DEBUG]: RCA_loss: 0.036, TC_loss: 0.085
2026-06-11 09:41:01 [DEBUG]: RCA_loss: 0.034, TC_loss: 0.187
2026-06-11 09:41:01 [DEBUG]: RCA_loss: 0.002, TC_loss: 0.066
2026-06-11 09:41:01 [DEBUG]: RCA_loss: 0.014, TC_loss: 0.113
2026-06-11 09:41:01 [DEBUG]: RCA_loss: 0.007, TC_loss: 0.103
2026-06-11 09:41:01 [DEBUG]: RCA_loss: 0.007, TC_loss: 0.139
2026-06-11 09:41:01 [DEBUG]: RCA_loss: 0.005, TC_loss: 0.088
2026-06-11 09:41:01 [DEBUG]: RCA_loss: 0.123, TC_loss: 0.106
2026-06-11 09:41:01 [DEBUG]: RCA_loss: 0.002, TC_loss: 0.072
2026-06-11 09:41:01 [DEBUG]: RCA_loss: 0.070, TC_loss: 0.145
2026-06-11 09:41:01 [DEBUG]: RCA_loss: 0.003, TC_loss: 0.061
2026-06-11 09:41:02 [DEBUG]: RCA_loss: 0.096, TC_loss: 0.088
2026-06-11 09:41:02 [DEBUG]: RCA_loss: 0.003, TC_loss: 0.082
2026-06-11 09:41:02 [DEBUG]: RCA_loss: 0.242, TC_loss: 0.091
2026-06-11 09:41:02 [DEBUG]: RCA_loss: 0.004, TC_loss: 0.097
2026-06-11 09:41:02 [DEBUG]: RCA_loss: 0.004, TC_loss: 0.090
2026-06-11 09:41:02 [DEBUG]: RCA_loss: 0.011, TC_loss: 0.099
2026-06-11 09:41:02 [DEBUG]: RCA_loss: 0.112, TC_loss: 0.172
2026-06-11 09:41:02 [DEBUG]: RCA_loss: 0.099, TC_loss: 0.113
2026-06-11 09:41:02 [DEBUG]: RCA_loss: 0.008, TC_loss: 0.164
2026-06-11 09:41:02 [DEBUG]: RCA_loss: 0.011, TC_loss: 0.129
2026-06-11 09:41:03 [DEBUG]: RCA_loss: 0.041, TC_loss: 0.114
2026-06-11 09:41:03 [DEBUG]: RCA_loss: 0.006, TC_loss: 0.127
2026-06-11 09:41:03 [DEBUG]: RCA_loss: 0.158, TC_loss: 0.106
2026-06-11 09:41:03 [DEBUG]: RCA_loss: 0.004, TC_loss: 0.109
2026-06-11 09:41:03 [DEBUG]: RCA_loss: 0.010, TC_loss: 0.193
2026-06-11 09:41:03 [DEBUG]: RCA_loss: 0.004, TC_loss: 0.085
2026-06-11 09:41:03 [DEBUG]: RCA_loss: 0.040, TC_loss: 0.087
2026-06-11 09:41:03 [DEBUG]: RCA_loss: 0.025, TC_loss: 0.086
2026-06-11 09:41:03 [DEBUG]: RCA_loss: 0.007, TC_loss: 0.084
2026-06-11 09:41:03 [DEBUG]: RCA_loss: 0.069, TC_loss: 0.121
2026-06-11 09:41:04 [DEBUG]: RCA_loss: 0.016, TC_loss: 0.151
2026-06-11 09:41:04 [DEBUG]: RCA_loss: 0.094, TC_loss: 0.088
2026-06-11 09:41:04 [DEBUG]: RCA_loss: 0.012, TC_loss: 0.112
2026-06-11 09:41:04 [DEBUG]: RCA_loss: 0.012, TC_loss: 0.078
2026-06-11 09:41:04 [DEBUG]: RCA_loss: 0.003, TC_loss: 0.133
2026-06-11 09:41:04 [DEBUG]: RCA_loss: 0.013, TC_loss: 0.080
2026-06-11 09:41:04 [DEBUG]: RCA_loss: 0.134, TC_loss: 0.150
2026-06-11 09:41:04 [DEBUG]: RCA_loss: 0.069, TC_loss: 0.065
2026-06-11 09:41:04 [INFO]: Epoch 11 done. Loss: 0.133
2026-06-11 09:41:04 [DEBUG]: RCA_loss: 0.029, TC_loss: 0.174
2026-06-11 09:41:04 [DEBUG]: RCA_loss: 0.031, TC_loss: 0.084
2026-06-11 09:41:05 [DEBUG]: RCA_loss: 0.003, TC_loss: 0.084
2026-06-11 09:41:05 [DEBUG]: RCA_loss: 0.005, TC_loss: 0.148
2026-06-11 09:41:05 [DEBUG]: RCA_loss: 0.021, TC_loss: 0.084
2026-06-11 09:41:05 [DEBUG]: RCA_loss: 0.022, TC_loss: 0.095
2026-06-11 09:41:05 [DEBUG]: RCA_loss: 0.084, TC_loss: 0.144
2026-06-11 09:41:05 [DEBUG]: RCA_loss: 0.070, TC_loss: 0.086
2026-06-11 09:41:05 [DEBUG]: RCA_loss: 0.032, TC_loss: 0.096
2026-06-11 09:41:05 [DEBUG]: RCA_loss: 0.009, TC_loss: 0.115
2026-06-11 09:41:05 [DEBUG]: RCA_loss: 0.084, TC_loss: 0.121
2026-06-11 09:41:06 [DEBUG]: RCA_loss: 0.157, TC_loss: 0.075
2026-06-11 09:41:06 [DEBUG]: RCA_loss: 0.019, TC_loss: 0.122
2026-06-11 09:41:06 [DEBUG]: RCA_loss: 0.015, TC_loss: 0.098
2026-06-11 09:41:06 [DEBUG]: RCA_loss: 0.014, TC_loss: 0.141
2026-06-11 09:41:06 [DEBUG]: RCA_loss: 0.090, TC_loss: 0.093
2026-06-11 09:41:06 [DEBUG]: RCA_loss: 0.003, TC_loss: 0.133
2026-06-11 09:41:06 [DEBUG]: RCA_loss: 0.002, TC_loss: 0.130
2026-06-11 09:41:06 [DEBUG]: RCA_loss: 0.014, TC_loss: 0.197
2026-06-11 09:41:06 [DEBUG]: RCA_loss: 0.016, TC_loss: 0.087
2026-06-11 09:41:07 [DEBUG]: RCA_loss: 0.027, TC_loss: 0.095
2026-06-11 09:41:07 [DEBUG]: RCA_loss: 0.021, TC_loss: 0.138
2026-06-11 09:41:07 [DEBUG]: RCA_loss: 0.006, TC_loss: 0.108
2026-06-11 09:41:07 [DEBUG]: RCA_loss: 0.015, TC_loss: 0.135
2026-06-11 09:41:07 [DEBUG]: RCA_loss: 0.002, TC_loss: 0.134
2026-06-11 09:41:07 [DEBUG]: RCA_loss: 0.005, TC_loss: 0.172
2026-06-11 09:41:07 [DEBUG]: RCA_loss: 0.022, TC_loss: 0.113
2026-06-11 09:41:07 [DEBUG]: RCA_loss: 0.003, TC_loss: 0.110
2026-06-11 09:41:07 [DEBUG]: RCA_loss: 0.056, TC_loss: 0.095
2026-06-11 09:41:07 [DEBUG]: RCA_loss: 0.002, TC_loss: 0.104
2026-06-11 09:41:08 [DEBUG]: RCA_loss: 0.030, TC_loss: 0.112
2026-06-11 09:41:08 [DEBUG]: RCA_loss: 0.015, TC_loss: 0.084
2026-06-11 09:41:08 [DEBUG]: RCA_loss: 0.009, TC_loss: 0.160
2026-06-11 09:41:08 [DEBUG]: RCA_loss: 0.029, TC_loss: 0.070
2026-06-11 09:41:08 [DEBUG]: RCA_loss: 0.004, TC_loss: 0.155
2026-06-11 09:41:08 [DEBUG]: RCA_loss: 0.023, TC_loss: 0.108
2026-06-11 09:41:08 [DEBUG]: RCA_loss: 0.010, TC_loss: 0.171
2026-06-11 09:41:08 [DEBUG]: RCA_loss: 0.027, TC_loss: 0.110
2026-06-11 09:41:08 [DEBUG]: RCA_loss: 0.009, TC_loss: 0.059
2026-06-11 09:41:08 [DEBUG]: RCA_loss: 0.081, TC_loss: 0.094
2026-06-11 09:41:09 [DEBUG]: RCA_loss: 0.006, TC_loss: 0.180
2026-06-11 09:41:09 [DEBUG]: RCA_loss: 0.001, TC_loss: 0.128
2026-06-11 09:41:09 [DEBUG]: RCA_loss: 0.001, TC_loss: 0.186
2026-06-11 09:41:09 [DEBUG]: RCA_loss: 0.040, TC_loss: 0.065
2026-06-11 09:41:09 [DEBUG]: RCA_loss: 0.005, TC_loss: 0.059
2026-06-11 09:41:09 [DEBUG]: RCA_loss: 0.002, TC_loss: 0.093
2026-06-11 09:41:09 [DEBUG]: RCA_loss: 0.040, TC_loss: 0.058
2026-06-11 09:41:09 [DEBUG]: RCA_loss: 0.003, TC_loss: 0.089
2026-06-11 09:41:09 [DEBUG]: RCA_loss: 0.038, TC_loss: 0.085
2026-06-11 09:41:10 [DEBUG]: RCA_loss: 0.011, TC_loss: 0.068
2026-06-11 09:41:10 [DEBUG]: RCA_loss: 0.003, TC_loss: 0.088
2026-06-11 09:41:10 [DEBUG]: RCA_loss: 0.005, TC_loss: 0.080
2026-06-11 09:41:10 [DEBUG]: RCA_loss: 0.008, TC_loss: 0.084
2026-06-11 09:41:10 [DEBUG]: RCA_loss: 0.045, TC_loss: 0.096
2026-06-11 09:41:10 [DEBUG]: RCA_loss: 0.010, TC_loss: 0.117
2026-06-11 09:41:10 [DEBUG]: RCA_loss: 0.001, TC_loss: 0.065
2026-06-11 09:41:10 [INFO]: Epoch 12 done. Loss: 0.135
2026-06-11 09:41:10 [DEBUG]: RCA_loss: 0.010, TC_loss: 0.112
2026-06-11 09:41:10 [DEBUG]: RCA_loss: 0.006, TC_loss: 0.082
2026-06-11 09:41:10 [DEBUG]: RCA_loss: 0.007, TC_loss: 0.049
2026-06-11 09:41:11 [DEBUG]: RCA_loss: 0.005, TC_loss: 0.092
2026-06-11 09:41:11 [DEBUG]: RCA_loss: 0.013, TC_loss: 0.081
2026-06-11 09:41:11 [DEBUG]: RCA_loss: 0.004, TC_loss: 0.050
2026-06-11 09:41:11 [DEBUG]: RCA_loss: 0.002, TC_loss: 0.068
2026-06-11 09:41:11 [DEBUG]: RCA_loss: 0.007, TC_loss: 0.090
2026-06-11 09:41:11 [DEBUG]: RCA_loss: 0.045, TC_loss: 0.052
2026-06-11 09:41:11 [DEBUG]: RCA_loss: 0.006, TC_loss: 0.044
2026-06-11 09:41:11 [DEBUG]: RCA_loss: 0.013, TC_loss: 0.052
2026-06-11 09:41:11 [DEBUG]: RCA_loss: 0.032, TC_loss: 0.053
2026-06-11 09:41:11 [DEBUG]: RCA_loss: 0.013, TC_loss: 0.078
2026-06-11 09:41:12 [DEBUG]: RCA_loss: 0.003, TC_loss: 0.157
2026-06-11 09:41:12 [DEBUG]: RCA_loss: 0.036, TC_loss: 0.082
2026-06-11 09:41:12 [DEBUG]: RCA_loss: 0.001, TC_loss: 0.058
2026-06-11 09:41:12 [DEBUG]: RCA_loss: 0.001, TC_loss: 0.053
2026-06-11 09:41:12 [DEBUG]: RCA_loss: 0.002, TC_loss: 0.090
2026-06-11 09:41:12 [DEBUG]: RCA_loss: 0.007, TC_loss: 0.103
2026-06-11 09:41:12 [DEBUG]: RCA_loss: 0.003, TC_loss: 0.059
2026-06-11 09:41:12 [DEBUG]: RCA_loss: 0.018, TC_loss: 0.084
2026-06-11 09:41:12 [DEBUG]: RCA_loss: 0.012, TC_loss: 0.079
2026-06-11 09:41:12 [DEBUG]: RCA_loss: 0.021, TC_loss: 0.078
2026-06-11 09:41:12 [DEBUG]: RCA_loss: 0.010, TC_loss: 0.055
2026-06-11 09:41:13 [DEBUG]: RCA_loss: 0.048, TC_loss: 0.072
2026-06-11 09:41:13 [DEBUG]: RCA_loss: 0.002, TC_loss: 0.066
2026-06-11 09:41:13 [DEBUG]: RCA_loss: 0.014, TC_loss: 0.101
2026-06-11 09:41:13 [DEBUG]: RCA_loss: 0.003, TC_loss: 0.057
2026-06-11 09:41:13 [DEBUG]: RCA_loss: 0.001, TC_loss: 0.068
2026-06-11 09:41:13 [DEBUG]: RCA_loss: 0.003, TC_loss: 0.054
2026-06-11 09:41:13 [DEBUG]: RCA_loss: 0.003, TC_loss: 0.058
2026-06-11 09:41:13 [DEBUG]: RCA_loss: 0.006, TC_loss: 0.060
2026-06-11 09:41:13 [DEBUG]: RCA_loss: 0.002, TC_loss: 0.094
2026-06-11 09:41:14 [DEBUG]: RCA_loss: 0.002, TC_loss: 0.051
2026-06-11 09:41:14 [DEBUG]: RCA_loss: 0.006, TC_loss: 0.102
2026-06-11 09:41:14 [DEBUG]: RCA_loss: 0.005, TC_loss: 0.093
2026-06-11 09:41:14 [DEBUG]: RCA_loss: 0.006, TC_loss: 0.099
2026-06-11 09:41:14 [DEBUG]: RCA_loss: 0.004, TC_loss: 0.080
2026-06-11 09:41:14 [DEBUG]: RCA_loss: 0.001, TC_loss: 0.063
2026-06-11 09:41:14 [DEBUG]: RCA_loss: 0.002, TC_loss: 0.060
2026-06-11 09:41:14 [DEBUG]: RCA_loss: 0.003, TC_loss: 0.067
2026-06-11 09:41:14 [DEBUG]: RCA_loss: 0.003, TC_loss: 0.104
2026-06-11 09:41:15 [DEBUG]: RCA_loss: 0.007, TC_loss: 0.080
2026-06-11 09:41:15 [DEBUG]: RCA_loss: 0.002, TC_loss: 0.040
2026-06-11 09:41:15 [DEBUG]: RCA_loss: 0.002, TC_loss: 0.049
2026-06-11 09:41:15 [DEBUG]: RCA_loss: 0.005, TC_loss: 0.071
2026-06-11 09:41:15 [DEBUG]: RCA_loss: 0.014, TC_loss: 0.056
2026-06-11 09:41:15 [DEBUG]: RCA_loss: 0.044, TC_loss: 0.063
2026-06-11 09:41:15 [DEBUG]: RCA_loss: 0.023, TC_loss: 0.050
2026-06-11 09:41:15 [DEBUG]: RCA_loss: 0.003, TC_loss: 0.081
2026-06-11 09:41:15 [DEBUG]: RCA_loss: 0.004, TC_loss: 0.042
2026-06-11 09:41:15 [DEBUG]: RCA_loss: 0.008, TC_loss: 0.032
2026-06-11 09:41:16 [DEBUG]: RCA_loss: 0.020, TC_loss: 0.038
2026-06-11 09:41:16 [DEBUG]: RCA_loss: 0.000, TC_loss: 0.072
2026-06-11 09:41:16 [DEBUG]: RCA_loss: 0.003, TC_loss: 0.080
2026-06-11 09:41:16 [DEBUG]: RCA_loss: 0.007, TC_loss: 0.008
2026-06-11 09:41:16 [INFO]: Epoch 13 done. Loss: 0.080
2026-06-11 09:41:16 [DEBUG]: RCA_loss: 0.008, TC_loss: 0.055
2026-06-11 09:41:16 [DEBUG]: RCA_loss: 0.001, TC_loss: 0.078
2026-06-11 09:41:16 [DEBUG]: RCA_loss: 0.002, TC_loss: 0.064
2026-06-11 09:41:16 [DEBUG]: RCA_loss: 0.002, TC_loss: 0.115
2026-06-11 09:41:16 [DEBUG]: RCA_loss: 0.001, TC_loss: 0.059
2026-06-11 09:41:17 [DEBUG]: RCA_loss: 0.003, TC_loss: 0.030
2026-06-11 09:41:17 [DEBUG]: RCA_loss: 0.025, TC_loss: 0.088
2026-06-11 09:41:17 [DEBUG]: RCA_loss: 0.042, TC_loss: 0.065
2026-06-11 09:41:17 [DEBUG]: RCA_loss: 0.021, TC_loss: 0.039
2026-06-11 09:41:17 [DEBUG]: RCA_loss: 0.002, TC_loss: 0.033
2026-06-11 09:41:17 [DEBUG]: RCA_loss: 0.002, TC_loss: 0.055
2026-06-11 09:41:17 [DEBUG]: RCA_loss: 0.022, TC_loss: 0.047
2026-06-11 09:41:17 [DEBUG]: RCA_loss: 0.007, TC_loss: 0.074
2026-06-11 09:41:17 [DEBUG]: RCA_loss: 0.002, TC_loss: 0.095
2026-06-11 09:41:17 [DEBUG]: RCA_loss: 0.001, TC_loss: 0.073
2026-06-11 09:41:18 [DEBUG]: RCA_loss: 0.001, TC_loss: 0.044
2026-06-11 09:41:18 [DEBUG]: RCA_loss: 0.000, TC_loss: 0.053
2026-06-11 09:41:18 [DEBUG]: RCA_loss: 0.001, TC_loss: 0.074
2026-06-11 09:41:18 [DEBUG]: RCA_loss: 0.014, TC_loss: 0.079
2026-06-11 09:41:18 [DEBUG]: RCA_loss: 0.001, TC_loss: 0.077
2026-06-11 09:41:18 [DEBUG]: RCA_loss: 0.001, TC_loss: 0.050
2026-06-11 09:41:18 [DEBUG]: RCA_loss: 0.003, TC_loss: 0.059
2026-06-11 09:41:18 [DEBUG]: RCA_loss: 0.006, TC_loss: 0.096
2026-06-11 09:41:18 [DEBUG]: RCA_loss: 0.001, TC_loss: 0.045
2026-06-11 09:41:19 [DEBUG]: RCA_loss: 0.000, TC_loss: 0.060
2026-06-11 09:41:19 [DEBUG]: RCA_loss: 0.002, TC_loss: 0.034
2026-06-11 09:41:19 [DEBUG]: RCA_loss: 0.004, TC_loss: 0.074
2026-06-11 09:41:19 [DEBUG]: RCA_loss: 0.001, TC_loss: 0.044
2026-06-11 09:41:19 [DEBUG]: RCA_loss: 0.030, TC_loss: 0.065
2026-06-11 09:41:19 [DEBUG]: RCA_loss: 0.003, TC_loss: 0.059
2026-06-11 09:41:19 [DEBUG]: RCA_loss: 0.002, TC_loss: 0.040
2026-06-11 09:41:19 [DEBUG]: RCA_loss: 0.002, TC_loss: 0.061
2026-06-11 09:41:19 [DEBUG]: RCA_loss: 0.005, TC_loss: 0.053
2026-06-11 09:41:20 [DEBUG]: RCA_loss: 0.004, TC_loss: 0.029
2026-06-11 09:41:20 [DEBUG]: RCA_loss: 0.002, TC_loss: 0.063
2026-06-11 09:41:20 [DEBUG]: RCA_loss: 0.001, TC_loss: 0.083
2026-06-11 09:41:20 [DEBUG]: RCA_loss: 0.001, TC_loss: 0.062
2026-06-11 09:41:20 [DEBUG]: RCA_loss: 0.003, TC_loss: 0.072
2026-06-11 09:41:20 [DEBUG]: RCA_loss: 0.003, TC_loss: 0.027
2026-06-11 09:41:20 [DEBUG]: RCA_loss: 0.001, TC_loss: 0.046
2026-06-11 09:41:20 [DEBUG]: RCA_loss: 0.001, TC_loss: 0.041
2026-06-11 09:41:20 [DEBUG]: RCA_loss: 0.001, TC_loss: 0.055
2026-06-11 09:41:21 [DEBUG]: RCA_loss: 0.000, TC_loss: 0.081
2026-06-11 09:41:21 [DEBUG]: RCA_loss: 0.002, TC_loss: 0.027
2026-06-11 09:41:21 [DEBUG]: RCA_loss: 0.002, TC_loss: 0.046
2026-06-11 09:41:21 [DEBUG]: RCA_loss: 0.007, TC_loss: 0.041
2026-06-11 09:41:21 [DEBUG]: RCA_loss: 0.002, TC_loss: 0.032
2026-06-11 09:41:21 [DEBUG]: RCA_loss: 0.001, TC_loss: 0.040
2026-06-11 09:41:21 [DEBUG]: RCA_loss: 0.001, TC_loss: 0.041
2026-06-11 09:41:21 [DEBUG]: RCA_loss: 0.001, TC_loss: 0.031
2026-06-11 09:41:21 [DEBUG]: RCA_loss: 0.001, TC_loss: 0.029
2026-06-11 09:41:22 [DEBUG]: RCA_loss: 0.004, TC_loss: 0.024
2026-06-11 09:41:22 [DEBUG]: RCA_loss: 0.003, TC_loss: 0.034
2026-06-11 09:41:22 [DEBUG]: RCA_loss: 0.001, TC_loss: 0.035
2026-06-11 09:41:22 [DEBUG]: RCA_loss: 0.002, TC_loss: 0.089
2026-06-11 09:41:22 [DEBUG]: RCA_loss: 0.005, TC_loss: 0.009
2026-06-11 09:41:22 [INFO]: Epoch 14 done. Loss: 0.060
2026-06-11 09:41:22 [DEBUG]: RCA_loss: 0.001, TC_loss: 0.060
2026-06-11 09:41:22 [DEBUG]: RCA_loss: 0.002, TC_loss: 0.042
2026-06-11 09:41:22 [DEBUG]: RCA_loss: 0.002, TC_loss: 0.035
2026-06-11 09:41:22 [DEBUG]: RCA_loss: 0.004, TC_loss: 0.060
2026-06-11 09:41:23 [DEBUG]: RCA_loss: 0.004, TC_loss: 0.032
2026-06-11 09:41:23 [DEBUG]: RCA_loss: 0.001, TC_loss: 0.028
2026-06-11 09:41:23 [DEBUG]: RCA_loss: 0.005, TC_loss: 0.038
2026-06-11 09:41:23 [DEBUG]: RCA_loss: 0.007, TC_loss: 0.033
2026-06-11 09:41:23 [DEBUG]: RCA_loss: 0.000, TC_loss: 0.027
2026-06-11 09:41:23 [DEBUG]: RCA_loss: 0.002, TC_loss: 0.032
2026-06-11 09:41:23 [DEBUG]: RCA_loss: 0.001, TC_loss: 0.042
2026-06-11 09:41:23 [DEBUG]: RCA_loss: 0.033, TC_loss: 0.045
2026-06-11 09:41:23 [DEBUG]: RCA_loss: 0.004, TC_loss: 0.034
2026-06-11 09:41:23 [DEBUG]: RCA_loss: 0.002, TC_loss: 0.031
2026-06-11 09:41:24 [DEBUG]: RCA_loss: 0.002, TC_loss: 0.042
2026-06-11 09:41:24 [DEBUG]: RCA_loss: 0.001, TC_loss: 0.038
2026-06-11 09:41:24 [DEBUG]: RCA_loss: 0.002, TC_loss: 0.035
2026-06-11 09:41:24 [DEBUG]: RCA_loss: 0.002, TC_loss: 0.072
2026-06-11 09:41:24 [DEBUG]: RCA_loss: 0.060, TC_loss: 0.044
2026-06-11 09:41:24 [DEBUG]: RCA_loss: 0.002, TC_loss: 0.030
2026-06-11 09:41:24 [DEBUG]: RCA_loss: 0.001, TC_loss: 0.034
2026-06-11 09:41:24 [DEBUG]: RCA_loss: 0.001, TC_loss: 0.044
2026-06-11 09:41:24 [DEBUG]: RCA_loss: 0.002, TC_loss: 0.045
2026-06-11 09:41:25 [DEBUG]: RCA_loss: 0.004, TC_loss: 0.027
2026-06-11 09:41:25 [DEBUG]: RCA_loss: 0.001, TC_loss: 0.066
2026-06-11 09:41:25 [DEBUG]: RCA_loss: 0.001, TC_loss: 0.035
2026-06-11 09:41:25 [DEBUG]: RCA_loss: 0.009, TC_loss: 0.040
2026-06-11 09:41:25 [DEBUG]: RCA_loss: 0.003, TC_loss: 0.033
2026-06-11 09:41:25 [DEBUG]: RCA_loss: 0.010, TC_loss: 0.032
2026-06-11 09:41:25 [DEBUG]: RCA_loss: 0.001, TC_loss: 0.052
2026-06-11 09:41:25 [DEBUG]: RCA_loss: 0.003, TC_loss: 0.027
2026-06-11 09:41:25 [DEBUG]: RCA_loss: 0.002, TC_loss: 0.036
2026-06-11 09:41:26 [DEBUG]: RCA_loss: 0.004, TC_loss: 0.039
2026-06-11 09:41:26 [DEBUG]: RCA_loss: 0.020, TC_loss: 0.023
2026-06-11 09:41:26 [DEBUG]: RCA_loss: 0.001, TC_loss: 0.045
2026-06-11 09:41:26 [DEBUG]: RCA_loss: 0.001, TC_loss: 0.039
2026-06-11 09:41:26 [DEBUG]: RCA_loss: 0.004, TC_loss: 0.057
2026-06-11 09:41:26 [DEBUG]: RCA_loss: 0.013, TC_loss: 0.045
2026-06-11 09:41:26 [DEBUG]: RCA_loss: 0.010, TC_loss: 0.023
2026-06-11 09:41:26 [DEBUG]: RCA_loss: 0.001, TC_loss: 0.037
2026-06-11 09:41:26 [DEBUG]: RCA_loss: 0.001, TC_loss: 0.034
2026-06-11 09:41:26 [DEBUG]: RCA_loss: 0.001, TC_loss: 0.054
2026-06-11 09:41:27 [DEBUG]: RCA_loss: 0.000, TC_loss: 0.071
2026-06-11 09:41:27 [DEBUG]: RCA_loss: 0.002, TC_loss: 0.021
2026-06-11 09:41:27 [DEBUG]: RCA_loss: 0.014, TC_loss: 0.022
2026-06-11 09:41:27 [DEBUG]: RCA_loss: 0.002, TC_loss: 0.030
2026-06-11 09:41:27 [DEBUG]: RCA_loss: 0.001, TC_loss: 0.023
2026-06-11 09:41:27 [DEBUG]: RCA_loss: 0.001, TC_loss: 0.031
2026-06-11 09:41:27 [DEBUG]: RCA_loss: 0.001, TC_loss: 0.029
2026-06-11 09:41:27 [DEBUG]: RCA_loss: 0.011, TC_loss: 0.029
2026-06-11 09:41:27 [DEBUG]: RCA_loss: 0.002, TC_loss: 0.028
2026-06-11 09:41:28 [DEBUG]: RCA_loss: 0.001, TC_loss: 0.024
2026-06-11 09:41:28 [DEBUG]: RCA_loss: 0.000, TC_loss: 0.024
2026-06-11 09:41:28 [DEBUG]: RCA_loss: 0.011, TC_loss: 0.027
2026-06-11 09:41:28 [DEBUG]: RCA_loss: 0.002, TC_loss: 0.105
2026-06-11 09:41:28 [DEBUG]: RCA_loss: 0.001, TC_loss: 0.010
2026-06-11 09:41:28 [INFO]: Epoch 15 done. Loss: 0.044
2026-06-11 09:41:28 [DEBUG]: RCA_loss: 0.011, TC_loss: 0.037
2026-06-11 09:41:28 [DEBUG]: RCA_loss: 0.000, TC_loss: 0.024
2026-06-11 09:41:28 [DEBUG]: RCA_loss: 0.005, TC_loss: 0.024
2026-06-11 09:41:28 [DEBUG]: RCA_loss: 0.000, TC_loss: 0.035
2026-06-11 09:41:28 [DEBUG]: RCA_loss: 0.002, TC_loss: 0.030
2026-06-11 09:41:29 [DEBUG]: RCA_loss: 0.001, TC_loss: 0.022
2026-06-11 09:41:29 [DEBUG]: RCA_loss: 0.000, TC_loss: 0.028
2026-06-11 09:41:29 [DEBUG]: RCA_loss: 0.002, TC_loss: 0.027
2026-06-11 09:41:29 [DEBUG]: RCA_loss: 0.001, TC_loss: 0.023
2026-06-11 09:41:29 [DEBUG]: RCA_loss: 0.000, TC_loss: 0.016
2026-06-11 09:41:29 [DEBUG]: RCA_loss: 0.001, TC_loss: 0.034
2026-06-11 09:41:29 [DEBUG]: RCA_loss: 0.002, TC_loss: 0.024
2026-06-11 09:41:29 [DEBUG]: RCA_loss: 0.001, TC_loss: 0.031
2026-06-11 09:41:29 [DEBUG]: RCA_loss: 0.000, TC_loss: 0.031
2026-06-11 09:41:30 [DEBUG]: RCA_loss: 0.001, TC_loss: 0.025
2026-06-11 09:41:30 [DEBUG]: RCA_loss: 0.000, TC_loss: 0.029
2026-06-11 09:41:30 [DEBUG]: RCA_loss: 0.001, TC_loss: 0.026
2026-06-11 09:41:30 [DEBUG]: RCA_loss: 0.001, TC_loss: 0.031
2026-06-11 09:41:30 [DEBUG]: RCA_loss: 0.003, TC_loss: 0.028
2026-06-11 09:41:30 [DEBUG]: RCA_loss: 0.001, TC_loss: 0.026
2026-06-11 09:41:30 [DEBUG]: RCA_loss: 0.003, TC_loss: 0.018
2026-06-11 09:41:30 [DEBUG]: RCA_loss: 0.001, TC_loss: 0.031
2026-06-11 09:41:30 [DEBUG]: RCA_loss: 0.004, TC_loss: 0.023
2026-06-11 09:41:30 [DEBUG]: RCA_loss: 0.004, TC_loss: 0.026
2026-06-11 09:41:31 [DEBUG]: RCA_loss: 0.003, TC_loss: 0.020
2026-06-11 09:41:31 [DEBUG]: RCA_loss: 0.000, TC_loss: 0.018
2026-06-11 09:41:31 [DEBUG]: RCA_loss: 0.004, TC_loss: 0.048
2026-06-11 09:41:31 [DEBUG]: RCA_loss: 0.000, TC_loss: 0.024
2026-06-11 09:41:31 [DEBUG]: RCA_loss: 0.001, TC_loss: 0.019
2026-06-11 09:41:31 [DEBUG]: RCA_loss: 0.000, TC_loss: 0.031
2026-06-11 09:41:31 [DEBUG]: RCA_loss: 0.000, TC_loss: 0.027
2026-06-11 09:41:31 [DEBUG]: RCA_loss: 0.002, TC_loss: 0.014
2026-06-11 09:41:31 [DEBUG]: RCA_loss: 0.002, TC_loss: 0.041
2026-06-11 09:41:32 [DEBUG]: RCA_loss: 0.002, TC_loss: 0.023
2026-06-11 09:41:32 [DEBUG]: RCA_loss: 0.001, TC_loss: 0.039
2026-06-11 09:41:32 [DEBUG]: RCA_loss: 0.002, TC_loss: 0.024
2026-06-11 09:41:32 [DEBUG]: RCA_loss: 0.000, TC_loss: 0.035
2026-06-11 09:41:32 [DEBUG]: RCA_loss: 0.000, TC_loss: 0.028
2026-06-11 09:41:32 [DEBUG]: RCA_loss: 0.001, TC_loss: 0.016
2026-06-11 09:41:32 [DEBUG]: RCA_loss: 0.001, TC_loss: 0.026
2026-06-11 09:41:32 [DEBUG]: RCA_loss: 0.001, TC_loss: 0.026
2026-06-11 09:41:32 [DEBUG]: RCA_loss: 0.003, TC_loss: 0.028
2026-06-11 09:41:32 [DEBUG]: RCA_loss: 0.004, TC_loss: 0.028
2026-06-11 09:41:33 [DEBUG]: RCA_loss: 0.001, TC_loss: 0.021
2026-06-11 09:41:33 [DEBUG]: RCA_loss: 0.002, TC_loss: 0.019
2026-06-11 09:41:33 [DEBUG]: RCA_loss: 0.008, TC_loss: 0.023
2026-06-11 09:41:33 [DEBUG]: RCA_loss: 0.002, TC_loss: 0.014
2026-06-11 09:41:33 [DEBUG]: RCA_loss: 0.000, TC_loss: 0.027
2026-06-11 09:41:33 [DEBUG]: RCA_loss: 0.000, TC_loss: 0.015
2026-06-11 09:41:33 [DEBUG]: RCA_loss: 0.002, TC_loss: 0.018
2026-06-11 09:41:33 [DEBUG]: RCA_loss: 0.001, TC_loss: 0.018
2026-06-11 09:41:33 [DEBUG]: RCA_loss: 0.001, TC_loss: 0.015
2026-06-11 09:41:33 [DEBUG]: RCA_loss: 0.000, TC_loss: 0.013
2026-06-11 09:41:34 [DEBUG]: RCA_loss: 0.000, TC_loss: 0.019
2026-06-11 09:41:34 [DEBUG]: RCA_loss: 0.012, TC_loss: 0.048
2026-06-11 09:41:34 [DEBUG]: RCA_loss: 0.000, TC_loss: 0.005
2026-06-11 09:41:34 [INFO]: Epoch 16 done. Loss: 0.028
2026-06-11 09:41:34 [DEBUG]: RCA_loss: 0.001, TC_loss: 0.027
2026-06-11 09:41:34 [DEBUG]: RCA_loss: 0.002, TC_loss: 0.027
2026-06-11 09:41:34 [DEBUG]: RCA_loss: 0.000, TC_loss: 0.025
2026-06-11 09:41:34 [DEBUG]: RCA_loss: 0.000, TC_loss: 0.066
2026-06-11 09:41:34 [DEBUG]: RCA_loss: 0.002, TC_loss: 0.037
2026-06-11 09:41:34 [DEBUG]: RCA_loss: 0.001, TC_loss: 0.015
2026-06-11 09:41:34 [DEBUG]: RCA_loss: 0.000, TC_loss: 0.017
2026-06-11 09:41:35 [DEBUG]: RCA_loss: 0.030, TC_loss: 0.019
2026-06-11 09:41:35 [DEBUG]: RCA_loss: 0.001, TC_loss: 0.025
2026-06-11 09:41:35 [DEBUG]: RCA_loss: 0.000, TC_loss: 0.015
2026-06-11 09:41:35 [DEBUG]: RCA_loss: 0.001, TC_loss: 0.021
2026-06-11 09:41:35 [DEBUG]: RCA_loss: 0.001, TC_loss: 0.022
2026-06-11 09:41:35 [DEBUG]: RCA_loss: 0.000, TC_loss: 0.023
2026-06-11 09:41:35 [DEBUG]: RCA_loss: 0.007, TC_loss: 0.025
2026-06-11 09:41:35 [DEBUG]: RCA_loss: 0.000, TC_loss: 0.020
2026-06-11 09:41:35 [DEBUG]: RCA_loss: 0.001, TC_loss: 0.021
2026-06-11 09:41:35 [DEBUG]: RCA_loss: 0.005, TC_loss: 0.025
2026-06-11 09:41:36 [DEBUG]: RCA_loss: 0.001, TC_loss: 0.019
2026-06-11 09:41:36 [DEBUG]: RCA_loss: 0.006, TC_loss: 0.023
2026-06-11 09:41:36 [DEBUG]: RCA_loss: 0.002, TC_loss: 0.024
2026-06-11 09:41:36 [DEBUG]: RCA_loss: 0.005, TC_loss: 0.017
2026-06-11 09:41:36 [DEBUG]: RCA_loss: 0.001, TC_loss: 0.023
2026-06-11 09:41:36 [DEBUG]: RCA_loss: 0.001, TC_loss: 0.026
2026-06-11 09:41:36 [DEBUG]: RCA_loss: 0.001, TC_loss: 0.025
2026-06-11 09:41:36 [DEBUG]: RCA_loss: 0.003, TC_loss: 0.020
2026-06-11 09:41:36 [DEBUG]: RCA_loss: 0.001, TC_loss: 0.019
2026-06-11 09:41:36 [DEBUG]: RCA_loss: 0.007, TC_loss: 0.047
2026-06-11 09:41:37 [DEBUG]: RCA_loss: 0.001, TC_loss: 0.017
2026-06-11 09:41:37 [DEBUG]: RCA_loss: 0.001, TC_loss: 0.015
2026-06-11 09:41:37 [DEBUG]: RCA_loss: 0.000, TC_loss: 0.041
2026-06-11 09:41:37 [DEBUG]: RCA_loss: 0.000, TC_loss: 0.018
2026-06-11 09:41:37 [DEBUG]: RCA_loss: 0.032, TC_loss: 0.018
2026-06-11 09:41:37 [DEBUG]: RCA_loss: 0.010, TC_loss: 0.025
2026-06-11 09:41:37 [DEBUG]: RCA_loss: 0.001, TC_loss: 0.017
2026-06-11 09:41:37 [DEBUG]: RCA_loss: 0.001, TC_loss: 0.031
2026-06-11 09:41:37 [DEBUG]: RCA_loss: 0.002, TC_loss: 0.026
2026-06-11 09:41:37 [DEBUG]: RCA_loss: 0.002, TC_loss: 0.041
2026-06-11 09:41:38 [DEBUG]: RCA_loss: 0.001, TC_loss: 0.019
2026-06-11 09:41:38 [DEBUG]: RCA_loss: 0.001, TC_loss: 0.016
2026-06-11 09:41:38 [DEBUG]: RCA_loss: 0.000, TC_loss: 0.019
2026-06-11 09:41:38 [DEBUG]: RCA_loss: 0.003, TC_loss: 0.028
2026-06-11 09:41:38 [DEBUG]: RCA_loss: 0.000, TC_loss: 0.026
2026-06-11 09:41:38 [DEBUG]: RCA_loss: 0.001, TC_loss: 0.035
2026-06-11 09:41:38 [DEBUG]: RCA_loss: 0.004, TC_loss: 0.017
2026-06-11 09:41:38 [DEBUG]: RCA_loss: 0.001, TC_loss: 0.023
2026-06-11 09:41:38 [DEBUG]: RCA_loss: 0.001, TC_loss: 0.024
2026-06-11 09:41:38 [DEBUG]: RCA_loss: 0.025, TC_loss: 0.016
2026-06-11 09:41:38 [DEBUG]: RCA_loss: 0.001, TC_loss: 0.024
2026-06-11 09:41:38 [DEBUG]: RCA_loss: 0.000, TC_loss: 0.015
2026-06-11 09:41:39 [DEBUG]: RCA_loss: 0.001, TC_loss: 0.026
2026-06-11 09:41:39 [DEBUG]: RCA_loss: 0.001, TC_loss: 0.022
2026-06-11 09:41:39 [DEBUG]: RCA_loss: 0.001, TC_loss: 0.015
2026-06-11 09:41:39 [DEBUG]: RCA_loss: 0.000, TC_loss: 0.017
2026-06-11 09:41:39 [DEBUG]: RCA_loss: 0.019, TC_loss: 0.018
2026-06-11 09:41:39 [DEBUG]: RCA_loss: 0.000, TC_loss: 0.031
2026-06-11 09:41:39 [DEBUG]: RCA_loss: 0.001, TC_loss: 0.005
2026-06-11 09:41:39 [INFO]: Epoch 17 done. Loss: 0.027
2026-06-11 09:41:39 [DEBUG]: RCA_loss: 0.004, TC_loss: 0.028
2026-06-11 09:41:39 [DEBUG]: RCA_loss: 0.003, TC_loss: 0.014
2026-06-11 09:41:39 [DEBUG]: RCA_loss: 0.000, TC_loss: 0.015
2026-06-11 09:41:39 [DEBUG]: RCA_loss: 0.001, TC_loss: 0.031
2026-06-11 09:41:40 [DEBUG]: RCA_loss: 0.003, TC_loss: 0.028
2026-06-11 09:41:40 [DEBUG]: RCA_loss: 0.001, TC_loss: 0.015
2026-06-11 09:41:40 [DEBUG]: RCA_loss: 0.000, TC_loss: 0.019
2026-06-11 09:41:40 [DEBUG]: RCA_loss: 0.002, TC_loss: 0.023
2026-06-11 09:41:40 [DEBUG]: RCA_loss: 0.001, TC_loss: 0.019
2026-06-11 09:41:40 [DEBUG]: RCA_loss: 0.000, TC_loss: 0.016
2026-06-11 09:41:40 [DEBUG]: RCA_loss: 0.001, TC_loss: 0.029
2026-06-11 09:41:40 [DEBUG]: RCA_loss: 0.002, TC_loss: 0.015
2026-06-11 09:41:40 [DEBUG]: RCA_loss: 0.001, TC_loss: 0.021
2026-06-11 09:41:40 [DEBUG]: RCA_loss: 0.001, TC_loss: 0.019
2026-06-11 09:41:40 [DEBUG]: RCA_loss: 0.000, TC_loss: 0.023
2026-06-11 09:41:40 [DEBUG]: RCA_loss: 0.003, TC_loss: 0.016
2026-06-11 09:41:41 [DEBUG]: RCA_loss: 0.000, TC_loss: 0.015
2026-06-11 09:41:41 [DEBUG]: RCA_loss: 0.000, TC_loss: 0.014
2026-06-11 09:41:41 [DEBUG]: RCA_loss: 0.002, TC_loss: 0.026
2026-06-11 09:41:41 [DEBUG]: RCA_loss: 0.000, TC_loss: 0.018
2026-06-11 09:41:41 [DEBUG]: RCA_loss: 0.001, TC_loss: 0.021
2026-06-11 09:41:41 [DEBUG]: RCA_loss: 0.004, TC_loss: 0.024
2026-06-11 09:41:41 [DEBUG]: RCA_loss: 0.001, TC_loss: 0.020
2026-06-11 09:41:41 [DEBUG]: RCA_loss: 0.004, TC_loss: 0.023
2026-06-11 09:41:41 [DEBUG]: RCA_loss: 0.000, TC_loss: 0.017
2026-06-11 09:41:41 [DEBUG]: RCA_loss: 0.000, TC_loss: 0.017
2026-06-11 09:41:41 [DEBUG]: RCA_loss: 0.002, TC_loss: 0.043
2026-06-11 09:41:41 [DEBUG]: RCA_loss: 0.001, TC_loss: 0.017
2026-06-11 09:41:42 [DEBUG]: RCA_loss: 0.000, TC_loss: 0.019
2026-06-11 09:41:42 [DEBUG]: RCA_loss: 0.000, TC_loss: 0.020
2026-06-11 09:41:42 [DEBUG]: RCA_loss: 0.001, TC_loss: 0.014
2026-06-11 09:41:42 [DEBUG]: RCA_loss: 0.003, TC_loss: 0.013
2026-06-11 09:41:42 [DEBUG]: RCA_loss: 0.001, TC_loss: 0.018
2026-06-11 09:41:42 [DEBUG]: RCA_loss: 0.001, TC_loss: 0.017
2026-06-11 09:41:42 [DEBUG]: RCA_loss: 0.001, TC_loss: 0.021
2026-06-11 09:41:42 [DEBUG]: RCA_loss: 0.001, TC_loss: 0.022
2026-06-11 09:41:42 [DEBUG]: RCA_loss: 0.004, TC_loss: 0.043
2026-06-11 09:41:42 [DEBUG]: RCA_loss: 0.000, TC_loss: 0.020
2026-06-11 09:41:42 [DEBUG]: RCA_loss: 0.000, TC_loss: 0.015
2026-06-11 09:41:42 [DEBUG]: RCA_loss: 0.000, TC_loss: 0.018
2026-06-11 09:41:43 [DEBUG]: RCA_loss: 0.001, TC_loss: 0.030
2026-06-11 09:41:43 [DEBUG]: RCA_loss: 0.000, TC_loss: 0.015
2026-06-11 09:41:43 [DEBUG]: RCA_loss: 0.000, TC_loss: 0.027
2026-06-11 09:41:43 [DEBUG]: RCA_loss: 0.001, TC_loss: 0.013
2026-06-11 09:41:43 [DEBUG]: RCA_loss: 0.001, TC_loss: 0.017
2026-06-11 09:41:43 [DEBUG]: RCA_loss: 0.004, TC_loss: 0.021
2026-06-11 09:41:43 [DEBUG]: RCA_loss: 0.000, TC_loss: 0.020
2026-06-11 09:41:43 [DEBUG]: RCA_loss: 0.000, TC_loss: 0.016
2026-06-11 09:41:43 [DEBUG]: RCA_loss: 0.001, TC_loss: 0.011
2026-06-11 09:41:43 [DEBUG]: RCA_loss: 0.001, TC_loss: 0.009
2026-06-11 09:41:43 [DEBUG]: RCA_loss: 0.001, TC_loss: 0.014
2026-06-11 09:41:44 [DEBUG]: RCA_loss: 0.000, TC_loss: 0.011
2026-06-11 09:41:44 [DEBUG]: RCA_loss: 0.000, TC_loss: 0.014
2026-06-11 09:41:44 [DEBUG]: RCA_loss: 0.000, TC_loss: 0.026
2026-06-11 09:41:44 [DEBUG]: RCA_loss: 0.001, TC_loss: 0.020
2026-06-11 09:41:44 [DEBUG]: RCA_loss: 0.000, TC_loss: 0.003
2026-06-11 09:41:44 [INFO]: Epoch 18 done. Loss: 0.021
2026-06-11 09:41:44 [DEBUG]: RCA_loss: 0.014, TC_loss: 0.015
2026-06-11 09:41:44 [DEBUG]: RCA_loss: 0.001, TC_loss: 0.018
2026-06-11 09:41:44 [DEBUG]: RCA_loss: 0.000, TC_loss: 0.011
2026-06-11 09:41:44 [DEBUG]: RCA_loss: 0.003, TC_loss: 0.020
2026-06-11 09:41:44 [DEBUG]: RCA_loss: 0.000, TC_loss: 0.018
2026-06-11 09:41:44 [DEBUG]: RCA_loss: 0.001, TC_loss: 0.010
2026-06-11 09:41:44 [DEBUG]: RCA_loss: 0.000, TC_loss: 0.036
2026-06-11 09:41:45 [DEBUG]: RCA_loss: 0.000, TC_loss: 0.015
2026-06-11 09:41:45 [DEBUG]: RCA_loss: 0.002, TC_loss: 0.014
2026-06-11 09:41:45 [DEBUG]: RCA_loss: 0.000, TC_loss: 0.011
2026-06-11 09:41:45 [DEBUG]: RCA_loss: 0.002, TC_loss: 0.020
2026-06-11 09:41:45 [DEBUG]: RCA_loss: 0.018, TC_loss: 0.016
2026-06-11 09:41:45 [DEBUG]: RCA_loss: 0.002, TC_loss: 0.014
2026-06-11 09:41:45 [DEBUG]: RCA_loss: 0.002, TC_loss: 0.021
2026-06-11 09:41:45 [DEBUG]: RCA_loss: 0.001, TC_loss: 0.014
2026-06-11 09:41:45 [DEBUG]: RCA_loss: 0.001, TC_loss: 0.011
2026-06-11 09:41:45 [DEBUG]: RCA_loss: 0.000, TC_loss: 0.017
2026-06-11 09:41:45 [DEBUG]: RCA_loss: 0.002, TC_loss: 0.012
2026-06-11 09:41:46 [DEBUG]: RCA_loss: 0.002, TC_loss: 0.019
2026-06-11 09:41:46 [DEBUG]: RCA_loss: 0.001, TC_loss: 0.024
2026-06-11 09:41:46 [DEBUG]: RCA_loss: 0.002, TC_loss: 0.021
2026-06-11 09:41:46 [DEBUG]: RCA_loss: 0.009, TC_loss: 0.018
2026-06-11 09:41:46 [DEBUG]: RCA_loss: 0.001, TC_loss: 0.017
2026-06-11 09:41:46 [DEBUG]: RCA_loss: 0.001, TC_loss: 0.018
2026-06-11 09:41:46 [DEBUG]: RCA_loss: 0.000, TC_loss: 0.013
2026-06-11 09:41:46 [DEBUG]: RCA_loss: 0.000, TC_loss: 0.011
2026-06-11 09:41:46 [DEBUG]: RCA_loss: 0.010, TC_loss: 0.045
2026-06-11 09:41:46 [DEBUG]: RCA_loss: 0.002, TC_loss: 0.018
2026-06-11 09:41:47 [DEBUG]: RCA_loss: 0.006, TC_loss: 0.015
2026-06-11 09:41:47 [DEBUG]: RCA_loss: 0.001, TC_loss: 0.018
2026-06-11 09:41:47 [DEBUG]: RCA_loss: 0.000, TC_loss: 0.011
2026-06-11 09:41:47 [DEBUG]: RCA_loss: 0.000, TC_loss: 0.013
2026-06-11 09:41:47 [DEBUG]: RCA_loss: 0.000, TC_loss: 0.036
2026-06-11 09:41:47 [DEBUG]: RCA_loss: 0.001, TC_loss: 0.011
2026-06-11 09:41:47 [DEBUG]: RCA_loss: 0.001, TC_loss: 0.023
2026-06-11 09:41:47 [DEBUG]: RCA_loss: 0.001, TC_loss: 0.028
2026-06-11 09:41:47 [DEBUG]: RCA_loss: 0.002, TC_loss: 0.022
2026-06-11 09:41:47 [DEBUG]: RCA_loss: 0.000, TC_loss: 0.026
2026-06-11 09:41:48 [DEBUG]: RCA_loss: 0.001, TC_loss: 0.016
2026-06-11 09:41:48 [DEBUG]: RCA_loss: 0.000, TC_loss: 0.021
2026-06-11 09:41:48 [DEBUG]: RCA_loss: 0.001, TC_loss: 0.017
2026-06-11 09:41:48 [DEBUG]: RCA_loss: 0.000, TC_loss: 0.024
2026-06-11 09:41:48 [DEBUG]: RCA_loss: 0.000, TC_loss: 0.027
2026-06-11 09:41:48 [DEBUG]: RCA_loss: 0.001, TC_loss: 0.014
2026-06-11 09:41:48 [DEBUG]: RCA_loss: 0.001, TC_loss: 0.015
2026-06-11 09:41:48 [DEBUG]: RCA_loss: 0.006, TC_loss: 0.012
2026-06-11 09:41:48 [DEBUG]: RCA_loss: 0.001, TC_loss: 0.011
2026-06-11 09:41:49 [DEBUG]: RCA_loss: 0.001, TC_loss: 0.016
2026-06-11 09:41:49 [DEBUG]: RCA_loss: 0.000, TC_loss: 0.012
2026-06-11 09:41:49 [DEBUG]: RCA_loss: 0.002, TC_loss: 0.012
2026-06-11 09:41:49 [DEBUG]: RCA_loss: 0.001, TC_loss: 0.010
2026-06-11 09:41:49 [DEBUG]: RCA_loss: 0.000, TC_loss: 0.009
2026-06-11 09:41:49 [DEBUG]: RCA_loss: 0.000, TC_loss: 0.013
2026-06-11 09:41:49 [DEBUG]: RCA_loss: 0.000, TC_loss: 0.011
2026-06-11 09:41:49 [DEBUG]: RCA_loss: 0.000, TC_loss: 0.024
2026-06-11 09:41:49 [DEBUG]: RCA_loss: 0.003, TC_loss: 0.005
2026-06-11 09:41:49 [INFO]: Epoch 19 done. Loss: 0.019
2026-06-11 09:41:50 [DEBUG]: RCA_loss: 0.001, TC_loss: 0.023
2026-06-11 09:41:50 [DEBUG]: RCA_loss: 0.000, TC_loss: 0.012
2026-06-11 09:41:50 [DEBUG]: RCA_loss: 0.000, TC_loss: 0.012
2026-06-11 09:41:50 [DEBUG]: RCA_loss: 0.001, TC_loss: 0.014
2026-06-11 09:41:50 [DEBUG]: RCA_loss: 0.001, TC_loss: 0.014
2026-06-11 09:41:50 [DEBUG]: RCA_loss: 0.001, TC_loss: 0.014
2026-06-11 09:41:50 [DEBUG]: RCA_loss: 0.001, TC_loss: 0.015
2026-06-11 09:41:50 [DEBUG]: RCA_loss: 0.001, TC_loss: 0.014
2026-06-11 09:41:50 [DEBUG]: RCA_loss: 0.000, TC_loss: 0.014
2026-06-11 09:41:50 [DEBUG]: RCA_loss: 0.001, TC_loss: 0.009
2026-06-11 09:41:51 [DEBUG]: RCA_loss: 0.000, TC_loss: 0.015
2026-06-11 09:41:51 [DEBUG]: RCA_loss: 0.007, TC_loss: 0.016
2026-06-11 09:41:51 [DEBUG]: RCA_loss: 0.000, TC_loss: 0.021
2026-06-11 09:41:51 [DEBUG]: RCA_loss: 0.003, TC_loss: 0.018
2026-06-11 09:41:51 [DEBUG]: RCA_loss: 0.019, TC_loss: 0.021
2026-06-11 09:41:51 [DEBUG]: RCA_loss: 0.000, TC_loss: 0.010
2026-06-11 09:41:51 [DEBUG]: RCA_loss: 0.001, TC_loss: 0.010
2026-06-11 09:41:51 [DEBUG]: RCA_loss: 0.000, TC_loss: 0.012
2026-06-11 09:41:51 [DEBUG]: RCA_loss: 0.003, TC_loss: 0.016
2026-06-11 09:41:51 [DEBUG]: RCA_loss: 0.001, TC_loss: 0.017
2026-06-11 09:41:52 [DEBUG]: RCA_loss: 0.002, TC_loss: 0.011
2026-06-11 09:41:52 [DEBUG]: RCA_loss: 0.002, TC_loss: 0.014
2026-06-11 09:41:52 [DEBUG]: RCA_loss: 0.000, TC_loss: 0.014
2026-06-11 09:41:52 [DEBUG]: RCA_loss: 0.001, TC_loss: 0.016
2026-06-11 09:41:52 [DEBUG]: RCA_loss: 0.000, TC_loss: 0.016
2026-06-11 09:41:52 [DEBUG]: RCA_loss: 0.000, TC_loss: 0.025
2026-06-11 09:41:52 [DEBUG]: RCA_loss: 0.001, TC_loss: 0.017
2026-06-11 09:41:52 [DEBUG]: RCA_loss: 0.002, TC_loss: 0.016
2026-06-11 09:41:52 [DEBUG]: RCA_loss: 0.015, TC_loss: 0.016
2026-06-11 09:41:53 [DEBUG]: RCA_loss: 0.000, TC_loss: 0.013
2026-06-11 09:41:53 [DEBUG]: RCA_loss: 0.000, TC_loss: 0.011
2026-06-11 09:41:53 [DEBUG]: RCA_loss: 0.001, TC_loss: 0.013
2026-06-11 09:41:53 [DEBUG]: RCA_loss: 0.000, TC_loss: 0.013
2026-06-11 09:41:53 [DEBUG]: RCA_loss: 0.000, TC_loss: 0.013
2026-06-11 09:41:53 [DEBUG]: RCA_loss: 0.001, TC_loss: 0.021
2026-06-11 09:41:53 [DEBUG]: RCA_loss: 0.001, TC_loss: 0.016
2026-06-11 09:41:53 [DEBUG]: RCA_loss: 0.000, TC_loss: 0.015
2026-06-11 09:41:53 [DEBUG]: RCA_loss: 0.000, TC_loss: 0.017
2026-06-11 09:41:53 [DEBUG]: RCA_loss: 0.001, TC_loss: 0.015
2026-06-11 09:41:54 [DEBUG]: RCA_loss: 0.001, TC_loss: 0.018
2026-06-11 09:41:54 [DEBUG]: RCA_loss: 0.006, TC_loss: 0.013
2026-06-11 09:41:54 [DEBUG]: RCA_loss: 0.000, TC_loss: 0.012
2026-06-11 09:41:54 [DEBUG]: RCA_loss: 0.001, TC_loss: 0.031
2026-06-11 09:41:54 [DEBUG]: RCA_loss: 0.001, TC_loss: 0.018
2026-06-11 09:41:54 [DEBUG]: RCA_loss: 0.001, TC_loss: 0.009
2026-06-11 09:41:54 [DEBUG]: RCA_loss: 0.001, TC_loss: 0.018
2026-06-11 09:41:54 [DEBUG]: RCA_loss: 0.001, TC_loss: 0.010
2026-06-11 09:41:54 [DEBUG]: RCA_loss: 0.000, TC_loss: 0.013
2026-06-11 09:41:55 [DEBUG]: RCA_loss: 0.000, TC_loss: 0.008
2026-06-11 09:41:55 [DEBUG]: RCA_loss: 0.001, TC_loss: 0.012
2026-06-11 09:41:55 [DEBUG]: RCA_loss: 0.000, TC_loss: 0.015
2026-06-11 09:41:55 [DEBUG]: RCA_loss: 0.001, TC_loss: 0.011
2026-06-11 09:41:55 [DEBUG]: RCA_loss: 0.000, TC_loss: 0.011
2026-06-11 09:41:55 [DEBUG]: RCA_loss: 0.000, TC_loss: 0.012
2026-06-11 09:41:55 [DEBUG]: RCA_loss: 0.001, TC_loss: 0.014
2026-06-11 09:41:55 [DEBUG]: RCA_loss: 0.000, TC_loss: 0.007
2026-06-11 09:41:55 [INFO]: Epoch 20 done. Loss: 0.016
2026-06-11 09:41:55 [DEBUG]: RCA_loss: 0.001, TC_loss: 0.012
2026-06-11 09:41:56 [DEBUG]: RCA_loss: 0.001, TC_loss: 0.007
2026-06-11 09:41:56 [DEBUG]: RCA_loss: 0.001, TC_loss: 0.010
2026-06-11 09:41:56 [DEBUG]: RCA_loss: 0.001, TC_loss: 0.011
2026-06-11 09:41:56 [DEBUG]: RCA_loss: 0.000, TC_loss: 0.011
2026-06-11 09:41:56 [DEBUG]: RCA_loss: 0.000, TC_loss: 0.008
2026-06-11 09:41:56 [DEBUG]: RCA_loss: 0.000, TC_loss: 0.015
2026-06-11 09:41:56 [DEBUG]: RCA_loss: 0.005, TC_loss: 0.013
2026-06-11 09:41:56 [DEBUG]: RCA_loss: 0.000, TC_loss: 0.009
2026-06-11 09:41:56 [DEBUG]: RCA_loss: 0.000, TC_loss: 0.009
2026-06-11 09:41:56 [DEBUG]: RCA_loss: 0.001, TC_loss: 0.016
2026-06-11 09:41:57 [DEBUG]: RCA_loss: 0.000, TC_loss: 0.012
2026-06-11 09:41:57 [DEBUG]: RCA_loss: 0.003, TC_loss: 0.013
2026-06-11 09:41:57 [DEBUG]: RCA_loss: 0.011, TC_loss: 0.032
2026-06-11 09:41:57 [DEBUG]: RCA_loss: 0.000, TC_loss: 0.008
2026-06-11 09:41:57 [DEBUG]: RCA_loss: 0.000, TC_loss: 0.013
2026-06-11 09:41:57 [DEBUG]: RCA_loss: 0.000, TC_loss: 0.011
2026-06-11 09:41:57 [DEBUG]: RCA_loss: 0.007, TC_loss: 0.010
2026-06-11 09:41:57 [DEBUG]: RCA_loss: 0.012, TC_loss: 0.020
2026-06-11 09:41:57 [DEBUG]: RCA_loss: 0.005, TC_loss: 0.009
2026-06-11 09:41:58 [DEBUG]: RCA_loss: 0.001, TC_loss: 0.011
2026-06-11 09:41:58 [DEBUG]: RCA_loss: 0.006, TC_loss: 0.012
2026-06-11 09:41:58 [DEBUG]: RCA_loss: 0.004, TC_loss: 0.012
2026-06-11 09:41:58 [DEBUG]: RCA_loss: 0.001, TC_loss: 0.013
2026-06-11 09:41:58 [DEBUG]: RCA_loss: 0.000, TC_loss: 0.015
2026-06-11 09:41:58 [DEBUG]: RCA_loss: 0.001, TC_loss: 0.008
2026-06-11 09:41:58 [DEBUG]: RCA_loss: 0.011, TC_loss: 0.016
2026-06-11 09:41:58 [DEBUG]: RCA_loss: 0.000, TC_loss: 0.012
2026-06-11 09:41:58 [DEBUG]: RCA_loss: 0.001, TC_loss: 0.013
2026-06-11 09:41:58 [DEBUG]: RCA_loss: 0.000, TC_loss: 0.014
2026-06-11 09:41:59 [DEBUG]: RCA_loss: 0.000, TC_loss: 0.009
2026-06-11 09:41:59 [DEBUG]: RCA_loss: 0.001, TC_loss: 0.008
2026-06-11 09:41:59 [DEBUG]: RCA_loss: 0.000, TC_loss: 0.012
2026-06-11 09:41:59 [DEBUG]: RCA_loss: 0.003, TC_loss: 0.011
2026-06-11 09:41:59 [DEBUG]: RCA_loss: 0.001, TC_loss: 0.013
2026-06-11 09:41:59 [DEBUG]: RCA_loss: 0.001, TC_loss: 0.014
2026-06-11 09:41:59 [DEBUG]: RCA_loss: 0.001, TC_loss: 0.018
2026-06-11 09:41:59 [DEBUG]: RCA_loss: 0.000, TC_loss: 0.016
2026-06-11 09:41:59 [DEBUG]: RCA_loss: 0.000, TC_loss: 0.008
2026-06-11 09:42:00 [DEBUG]: RCA_loss: 0.000, TC_loss: 0.018
2026-06-11 09:42:00 [DEBUG]: RCA_loss: 0.000, TC_loss: 0.014
2026-06-11 09:42:00 [DEBUG]: RCA_loss: 0.000, TC_loss: 0.013
2026-06-11 09:42:00 [DEBUG]: RCA_loss: 0.001, TC_loss: 0.018
2026-06-11 09:42:00 [DEBUG]: RCA_loss: 0.000, TC_loss: 0.008
2026-06-11 09:42:00 [DEBUG]: RCA_loss: 0.005, TC_loss: 0.010
2026-06-11 09:42:00 [DEBUG]: RCA_loss: 0.002, TC_loss: 0.011
2026-06-11 09:42:00 [DEBUG]: RCA_loss: 0.001, TC_loss: 0.011
2026-06-11 09:42:00 [DEBUG]: RCA_loss: 0.000, TC_loss: 0.011
2026-06-11 09:42:00 [DEBUG]: RCA_loss: 0.001, TC_loss: 0.008
2026-06-11 09:42:01 [DEBUG]: RCA_loss: 0.001, TC_loss: 0.007
2026-06-11 09:42:01 [DEBUG]: RCA_loss: 0.000, TC_loss: 0.011
2026-06-11 09:42:01 [DEBUG]: RCA_loss: 0.001, TC_loss: 0.009
2026-06-11 09:42:01 [DEBUG]: RCA_loss: 0.001, TC_loss: 0.009
2026-06-11 09:42:01 [DEBUG]: RCA_loss: 0.003, TC_loss: 0.011
2026-06-11 09:42:01 [DEBUG]: RCA_loss: 0.000, TC_loss: 0.015
2026-06-11 09:42:01 [DEBUG]: RCA_loss: 0.000, TC_loss: 0.004
2026-06-11 09:42:01 [INFO]: Epoch 21 done. Loss: 0.014
2026-06-11 09:42:01 [DEBUG]: RCA_loss: 0.003, TC_loss: 0.017
2026-06-11 09:42:01 [DEBUG]: RCA_loss: 0.002, TC_loss: 0.007
2026-06-11 09:42:01 [DEBUG]: RCA_loss: 0.000, TC_loss: 0.009
2026-06-11 09:42:02 [DEBUG]: RCA_loss: 0.000, TC_loss: 0.010
2026-06-11 09:42:02 [DEBUG]: RCA_loss: 0.002, TC_loss: 0.012
2026-06-11 09:42:02 [DEBUG]: RCA_loss: 0.000, TC_loss: 0.006
2026-06-11 09:42:02 [DEBUG]: RCA_loss: 0.000, TC_loss: 0.013
2026-06-11 09:42:02 [DEBUG]: RCA_loss: 0.001, TC_loss: 0.008
2026-06-11 09:42:02 [DEBUG]: RCA_loss: 0.001, TC_loss: 0.009
2026-06-11 09:42:02 [DEBUG]: RCA_loss: 0.000, TC_loss: 0.008
2026-06-11 09:42:02 [DEBUG]: RCA_loss: 0.001, TC_loss: 0.012
2026-06-11 09:42:02 [DEBUG]: RCA_loss: 0.003, TC_loss: 0.007
2026-06-11 09:42:03 [DEBUG]: RCA_loss: 0.002, TC_loss: 0.009
2026-06-11 09:42:03 [DEBUG]: RCA_loss: 0.000, TC_loss: 0.011
2026-06-11 09:42:03 [DEBUG]: RCA_loss: 0.000, TC_loss: 0.012
2026-06-11 09:42:03 [DEBUG]: RCA_loss: 0.000, TC_loss: 0.012
2026-06-11 09:42:03 [DEBUG]: RCA_loss: 0.000, TC_loss: 0.010
2026-06-11 09:42:03 [DEBUG]: RCA_loss: 0.000, TC_loss: 0.007
2026-06-11 09:42:03 [DEBUG]: RCA_loss: 0.002, TC_loss: 0.013
2026-06-11 09:42:03 [DEBUG]: RCA_loss: 0.000, TC_loss: 0.010
2026-06-11 09:42:03 [DEBUG]: RCA_loss: 0.000, TC_loss: 0.008
2026-06-11 09:42:03 [DEBUG]: RCA_loss: 0.001, TC_loss: 0.010
2026-06-11 09:42:04 [DEBUG]: RCA_loss: 0.002, TC_loss: 0.013
2026-06-11 09:42:04 [DEBUG]: RCA_loss: 0.000, TC_loss: 0.008
2026-06-11 09:42:04 [DEBUG]: RCA_loss: 0.000, TC_loss: 0.009
2026-06-11 09:42:04 [DEBUG]: RCA_loss: 0.000, TC_loss: 0.010
2026-06-11 09:42:04 [DEBUG]: RCA_loss: 0.001, TC_loss: 0.010
2026-06-11 09:42:04 [DEBUG]: RCA_loss: 0.000, TC_loss: 0.009
2026-06-11 09:42:04 [DEBUG]: RCA_loss: 0.000, TC_loss: 0.009
2026-06-11 09:42:04 [DEBUG]: RCA_loss: 0.001, TC_loss: 0.017
2026-06-11 09:42:04 [DEBUG]: RCA_loss: 0.000, TC_loss: 0.008
2026-06-11 09:42:05 [DEBUG]: RCA_loss: 0.001, TC_loss: 0.008
2026-06-11 09:42:05 [DEBUG]: RCA_loss: 0.000, TC_loss: 0.012
2026-06-11 09:42:05 [DEBUG]: RCA_loss: 0.000, TC_loss: 0.008
2026-06-11 09:42:05 [DEBUG]: RCA_loss: 0.001, TC_loss: 0.015
2026-06-11 09:42:05 [DEBUG]: RCA_loss: 0.000, TC_loss: 0.012
2026-06-11 09:42:05 [DEBUG]: RCA_loss: 0.000, TC_loss: 0.015
2026-06-11 09:42:05 [DEBUG]: RCA_loss: 0.001, TC_loss: 0.011
2026-06-11 09:42:05 [DEBUG]: RCA_loss: 0.002, TC_loss: 0.008
2026-06-11 09:42:05 [DEBUG]: RCA_loss: 0.000, TC_loss: 0.011
2026-06-11 09:42:05 [DEBUG]: RCA_loss: 0.000, TC_loss: 0.009
2026-06-11 09:42:06 [DEBUG]: RCA_loss: 0.000, TC_loss: 0.010
2026-06-11 09:42:06 [DEBUG]: RCA_loss: 0.000, TC_loss: 0.025
2026-06-11 09:42:06 [DEBUG]: RCA_loss: 0.000, TC_loss: 0.008
2026-06-11 09:42:06 [DEBUG]: RCA_loss: 0.003, TC_loss: 0.008
2026-06-11 09:42:06 [DEBUG]: RCA_loss: 0.002, TC_loss: 0.011
2026-06-11 09:42:06 [DEBUG]: RCA_loss: 0.001, TC_loss: 0.006
2026-06-11 09:42:06 [DEBUG]: RCA_loss: 0.003, TC_loss: 0.010
2026-06-11 09:42:06 [DEBUG]: RCA_loss: 0.002, TC_loss: 0.008
2026-06-11 09:42:06 [DEBUG]: RCA_loss: 0.001, TC_loss: 0.008
2026-06-11 09:42:07 [DEBUG]: RCA_loss: 0.002, TC_loss: 0.009
2026-06-11 09:42:07 [DEBUG]: RCA_loss: 0.005, TC_loss: 0.005
2026-06-11 09:42:07 [DEBUG]: RCA_loss: 0.000, TC_loss: 0.009
2026-06-11 09:42:07 [DEBUG]: RCA_loss: 0.000, TC_loss: 0.006
2026-06-11 09:42:07 [DEBUG]: RCA_loss: 0.002, TC_loss: 0.019
2026-06-11 09:42:07 [DEBUG]: RCA_loss: 0.000, TC_loss: 0.003
2026-06-11 09:42:07 [INFO]: Epoch 22 done. Loss: 0.011
2026-06-11 09:42:07 [DEBUG]: RCA_loss: 0.000, TC_loss: 0.015
2026-06-11 09:42:07 [DEBUG]: RCA_loss: 0.001, TC_loss: 0.007
2026-06-11 09:42:07 [DEBUG]: RCA_loss: 0.000, TC_loss: 0.009
2026-06-11 09:42:07 [DEBUG]: RCA_loss: 0.002, TC_loss: 0.015
2026-06-11 09:42:08 [DEBUG]: RCA_loss: 0.000, TC_loss: 0.007
2026-06-11 09:42:08 [DEBUG]: RCA_loss: 0.001, TC_loss: 0.006
2026-06-11 09:42:08 [DEBUG]: RCA_loss: 0.000, TC_loss: 0.011
2026-06-11 09:42:08 [DEBUG]: RCA_loss: 0.001, TC_loss: 0.010
2026-06-11 09:42:08 [DEBUG]: RCA_loss: 0.001, TC_loss: 0.009
2026-06-11 09:42:08 [DEBUG]: RCA_loss: 0.000, TC_loss: 0.011
2026-06-11 09:42:08 [DEBUG]: RCA_loss: 0.001, TC_loss: 0.012
2026-06-11 09:42:08 [DEBUG]: RCA_loss: 0.001, TC_loss: 0.008
2026-06-11 09:42:08 [DEBUG]: RCA_loss: 0.001, TC_loss: 0.010
2026-06-11 09:42:09 [DEBUG]: RCA_loss: 0.000, TC_loss: 0.009
2026-06-11 09:42:09 [DEBUG]: RCA_loss: 0.000, TC_loss: 0.008
2026-06-11 09:42:09 [DEBUG]: RCA_loss: 0.000, TC_loss: 0.009
2026-06-11 09:42:09 [DEBUG]: RCA_loss: 0.000, TC_loss: 0.010
2026-06-11 09:42:09 [DEBUG]: RCA_loss: 0.000, TC_loss: 0.007
2026-06-11 09:42:09 [DEBUG]: RCA_loss: 0.000, TC_loss: 0.010
2026-06-11 09:42:09 [DEBUG]: RCA_loss: 0.001, TC_loss: 0.008
2026-06-11 09:42:09 [DEBUG]: RCA_loss: 0.000, TC_loss: 0.006
2026-06-11 09:42:09 [DEBUG]: RCA_loss: 0.000, TC_loss: 0.014
2026-06-11 09:42:09 [DEBUG]: RCA_loss: 0.001, TC_loss: 0.009
2026-06-11 09:42:10 [DEBUG]: RCA_loss: 0.001, TC_loss: 0.008
2026-06-11 09:42:10 [DEBUG]: RCA_loss: 0.000, TC_loss: 0.008
2026-06-11 09:42:10 [DEBUG]: RCA_loss: 0.000, TC_loss: 0.009
2026-06-11 09:42:10 [DEBUG]: RCA_loss: 0.001, TC_loss: 0.013
2026-06-11 09:42:10 [DEBUG]: RCA_loss: 0.000, TC_loss: 0.007
2026-06-11 09:42:10 [DEBUG]: RCA_loss: 0.000, TC_loss: 0.011
2026-06-11 09:42:10 [DEBUG]: RCA_loss: 0.007, TC_loss: 0.013
2026-06-11 09:42:10 [DEBUG]: RCA_loss: 0.000, TC_loss: 0.008
2026-06-11 09:42:10 [DEBUG]: RCA_loss: 0.000, TC_loss: 0.006
2026-06-11 09:42:10 [DEBUG]: RCA_loss: 0.000, TC_loss: 0.016
2026-06-11 09:42:11 [DEBUG]: RCA_loss: 0.002, TC_loss: 0.007
2026-06-11 09:42:11 [DEBUG]: RCA_loss: 0.000, TC_loss: 0.020
2026-06-11 09:42:11 [DEBUG]: RCA_loss: 0.000, TC_loss: 0.011
2026-06-11 09:42:11 [DEBUG]: RCA_loss: 0.000, TC_loss: 0.011
2026-06-11 09:42:11 [DEBUG]: RCA_loss: 0.000, TC_loss: 0.011
2026-06-11 09:42:11 [DEBUG]: RCA_loss: 0.000, TC_loss: 0.005
2026-06-11 09:42:11 [DEBUG]: RCA_loss: 0.000, TC_loss: 0.008
2026-06-11 09:42:11 [DEBUG]: RCA_loss: 0.000, TC_loss: 0.008
2026-06-11 09:42:11 [DEBUG]: RCA_loss: 0.000, TC_loss: 0.008
2026-06-11 09:42:12 [DEBUG]: RCA_loss: 0.000, TC_loss: 0.014
2026-06-11 09:42:12 [DEBUG]: RCA_loss: 0.000, TC_loss: 0.006
2026-06-11 09:42:12 [DEBUG]: RCA_loss: 0.003, TC_loss: 0.008
2026-06-11 09:42:12 [DEBUG]: RCA_loss: 0.000, TC_loss: 0.008
2026-06-11 09:42:12 [DEBUG]: RCA_loss: 0.001, TC_loss: 0.006
2026-06-11 09:42:12 [DEBUG]: RCA_loss: 0.000, TC_loss: 0.008
2026-06-11 09:42:12 [DEBUG]: RCA_loss: 0.001, TC_loss: 0.006
2026-06-11 09:42:12 [DEBUG]: RCA_loss: 0.000, TC_loss: 0.007
2026-06-11 09:42:12 [DEBUG]: RCA_loss: 0.000, TC_loss: 0.007
2026-06-11 09:42:13 [DEBUG]: RCA_loss: 0.000, TC_loss: 0.007
2026-06-11 09:42:13 [DEBUG]: RCA_loss: 0.000, TC_loss: 0.006
2026-06-11 09:42:13 [DEBUG]: RCA_loss: 0.000, TC_loss: 0.007
2026-06-11 09:42:13 [DEBUG]: RCA_loss: 0.000, TC_loss: 0.009
2026-06-11 09:42:13 [DEBUG]: RCA_loss: 0.000, TC_loss: 0.003
2026-06-11 09:42:13 [INFO]: Epoch 23 done. Loss: 0.010
2026-06-11 09:42:13 [DEBUG]: RCA_loss: 0.000, TC_loss: 0.010
2026-06-11 09:42:13 [DEBUG]: RCA_loss: 0.000, TC_loss: 0.007
2026-06-11 09:42:13 [DEBUG]: RCA_loss: 0.000, TC_loss: 0.009
2026-06-11 09:42:13 [DEBUG]: RCA_loss: 0.000, TC_loss: 0.007
2026-06-11 09:42:13 [DEBUG]: RCA_loss: 0.001, TC_loss: 0.006
2026-06-11 09:42:14 [DEBUG]: RCA_loss: 0.001, TC_loss: 0.005
2026-06-11 09:42:14 [DEBUG]: RCA_loss: 0.000, TC_loss: 0.009
2026-06-11 09:42:14 [DEBUG]: RCA_loss: 0.000, TC_loss: 0.010
2026-06-11 09:42:14 [DEBUG]: RCA_loss: 0.000, TC_loss: 0.006
2026-06-11 09:42:14 [DEBUG]: RCA_loss: 0.001, TC_loss: 0.005
2026-06-11 09:42:14 [DEBUG]: RCA_loss: 0.000, TC_loss: 0.008
2026-06-11 09:42:14 [DEBUG]: RCA_loss: 0.000, TC_loss: 0.008
2026-06-11 09:42:14 [DEBUG]: RCA_loss: 0.001, TC_loss: 0.008
2026-06-11 09:42:14 [DEBUG]: RCA_loss: 0.001, TC_loss: 0.009
2026-06-11 09:42:15 [DEBUG]: RCA_loss: 0.000, TC_loss: 0.010
2026-06-11 09:42:15 [DEBUG]: RCA_loss: 0.003, TC_loss: 0.007
2026-06-11 09:42:15 [DEBUG]: RCA_loss: 0.000, TC_loss: 0.008
2026-06-11 09:42:15 [DEBUG]: RCA_loss: 0.002, TC_loss: 0.006
2026-06-11 09:42:15 [DEBUG]: RCA_loss: 0.002, TC_loss: 0.010
2026-06-11 09:42:15 [DEBUG]: RCA_loss: 0.000, TC_loss: 0.006
2026-06-11 09:42:15 [DEBUG]: RCA_loss: 0.000, TC_loss: 0.006
2026-06-11 09:42:15 [DEBUG]: RCA_loss: 0.000, TC_loss: 0.007
2026-06-11 09:42:15 [DEBUG]: RCA_loss: 0.001, TC_loss: 0.009
2026-06-11 09:42:15 [DEBUG]: RCA_loss: 0.000, TC_loss: 0.009
2026-06-11 09:42:16 [DEBUG]: RCA_loss: 0.000, TC_loss: 0.006
2026-06-11 09:42:16 [DEBUG]: RCA_loss: 0.000, TC_loss: 0.008
2026-06-11 09:42:16 [DEBUG]: RCA_loss: 0.005, TC_loss: 0.011
2026-06-11 09:42:16 [DEBUG]: RCA_loss: 0.001, TC_loss: 0.007
2026-06-11 09:42:16 [DEBUG]: RCA_loss: 0.000, TC_loss: 0.008
2026-06-11 09:42:16 [DEBUG]: RCA_loss: 0.000, TC_loss: 0.007
2026-06-11 09:42:16 [DEBUG]: RCA_loss: 0.000, TC_loss: 0.008
2026-06-11 09:42:16 [DEBUG]: RCA_loss: 0.001, TC_loss: 0.009
2026-06-11 09:42:16 [DEBUG]: RCA_loss: 0.000, TC_loss: 0.007
2026-06-11 09:42:17 [DEBUG]: RCA_loss: 0.001, TC_loss: 0.005
2026-06-11 09:42:17 [DEBUG]: RCA_loss: 0.001, TC_loss: 0.014
2026-06-11 09:42:17 [DEBUG]: RCA_loss: 0.000, TC_loss: 0.008
2026-06-11 09:42:17 [DEBUG]: RCA_loss: 0.000, TC_loss: 0.011
2026-06-11 09:42:17 [DEBUG]: RCA_loss: 0.000, TC_loss: 0.009
2026-06-11 09:42:17 [DEBUG]: RCA_loss: 0.000, TC_loss: 0.007
2026-06-11 09:42:17 [DEBUG]: RCA_loss: 0.000, TC_loss: 0.009
2026-06-11 09:42:17 [DEBUG]: RCA_loss: 0.000, TC_loss: 0.007
2026-06-11 09:42:17 [DEBUG]: RCA_loss: 0.000, TC_loss: 0.008
2026-06-11 09:42:18 [DEBUG]: RCA_loss: 0.000, TC_loss: 0.011
2026-06-11 09:42:18 [DEBUG]: RCA_loss: 0.000, TC_loss: 0.006
2026-06-11 09:42:18 [DEBUG]: RCA_loss: 0.000, TC_loss: 0.007
2026-06-11 09:42:18 [DEBUG]: RCA_loss: 0.002, TC_loss: 0.007
2026-06-11 09:42:18 [DEBUG]: RCA_loss: 0.000, TC_loss: 0.005
2026-06-11 09:42:18 [DEBUG]: RCA_loss: 0.001, TC_loss: 0.006
2026-06-11 09:42:18 [DEBUG]: RCA_loss: 0.000, TC_loss: 0.005
2026-06-11 09:42:18 [DEBUG]: RCA_loss: 0.001, TC_loss: 0.005
2026-06-11 09:42:18 [DEBUG]: RCA_loss: 0.000, TC_loss: 0.006
2026-06-11 09:42:19 [DEBUG]: RCA_loss: 0.000, TC_loss: 0.004
2026-06-11 09:42:19 [DEBUG]: RCA_loss: 0.000, TC_loss: 0.007
2026-06-11 09:42:19 [DEBUG]: RCA_loss: 0.000, TC_loss: 0.005
2026-06-11 09:42:19 [DEBUG]: RCA_loss: 0.000, TC_loss: 0.013
2026-06-11 09:42:19 [DEBUG]: RCA_loss: 0.000, TC_loss: 0.002
2026-06-11 09:42:19 [INFO]: Epoch 24 done. Loss: 0.008
2026-06-11 09:42:19 [DEBUG]: RCA_loss: 0.000, TC_loss: 0.007
2026-06-11 09:42:19 [DEBUG]: RCA_loss: 0.001, TC_loss: 0.005
2026-06-11 09:42:19 [DEBUG]: RCA_loss: 0.000, TC_loss: 0.006
2026-06-11 09:42:19 [DEBUG]: RCA_loss: 0.000, TC_loss: 0.006
2026-06-11 09:42:19 [DEBUG]: RCA_loss: 0.000, TC_loss: 0.006
2026-06-11 09:42:20 [DEBUG]: RCA_loss: 0.000, TC_loss: 0.003
2026-06-11 09:42:20 [DEBUG]: RCA_loss: 0.000, TC_loss: 0.007
2026-06-11 09:42:20 [DEBUG]: RCA_loss: 0.000, TC_loss: 0.006
2026-06-11 09:42:20 [DEBUG]: RCA_loss: 0.001, TC_loss: 0.005
2026-06-11 09:42:20 [DEBUG]: RCA_loss: 0.000, TC_loss: 0.005
2026-06-11 09:42:20 [DEBUG]: RCA_loss: 0.000, TC_loss: 0.007
2026-06-11 09:42:20 [DEBUG]: RCA_loss: 0.013, TC_loss: 0.005
2026-06-11 09:42:20 [DEBUG]: RCA_loss: 0.001, TC_loss: 0.009
2026-06-11 09:42:20 [DEBUG]: RCA_loss: 0.001, TC_loss: 0.007
2026-06-11 09:42:20 [DEBUG]: RCA_loss: 0.001, TC_loss: 0.005
2026-06-11 09:42:21 [DEBUG]: RCA_loss: 0.002, TC_loss: 0.006
2026-06-11 09:42:21 [DEBUG]: RCA_loss: 0.002, TC_loss: 0.007
2026-06-11 09:42:21 [DEBUG]: RCA_loss: 0.000, TC_loss: 0.006
2026-06-11 09:42:21 [DEBUG]: RCA_loss: 0.000, TC_loss: 0.008
2026-06-11 09:42:21 [DEBUG]: RCA_loss: 0.000, TC_loss: 0.005
2026-06-11 09:42:21 [DEBUG]: RCA_loss: 0.001, TC_loss: 0.005
2026-06-11 09:42:21 [DEBUG]: RCA_loss: 0.001, TC_loss: 0.006
2026-06-11 09:42:21 [DEBUG]: RCA_loss: 0.001, TC_loss: 0.006
2026-06-11 09:42:21 [DEBUG]: RCA_loss: 0.000, TC_loss: 0.008
2026-06-11 09:42:21 [DEBUG]: RCA_loss: 0.000, TC_loss: 0.006
2026-06-11 09:42:22 [DEBUG]: RCA_loss: 0.003, TC_loss: 0.008
2026-06-11 09:42:22 [DEBUG]: RCA_loss: 0.001, TC_loss: 0.008
2026-06-11 09:42:22 [DEBUG]: RCA_loss: 0.003, TC_loss: 0.005
2026-06-11 09:42:22 [DEBUG]: RCA_loss: 0.002, TC_loss: 0.007
2026-06-11 09:42:22 [DEBUG]: RCA_loss: 0.000, TC_loss: 0.009
2026-06-11 09:42:22 [DEBUG]: RCA_loss: 0.000, TC_loss: 0.005
2026-06-11 09:42:22 [DEBUG]: RCA_loss: 0.001, TC_loss: 0.005
2026-06-11 09:42:22 [DEBUG]: RCA_loss: 0.000, TC_loss: 0.009
2026-06-11 09:42:22 [DEBUG]: RCA_loss: 0.000, TC_loss: 0.005
2026-06-11 09:42:22 [DEBUG]: RCA_loss: 0.000, TC_loss: 0.008
2026-06-11 09:42:23 [DEBUG]: RCA_loss: 0.001, TC_loss: 0.007
2026-06-11 09:42:23 [DEBUG]: RCA_loss: 0.002, TC_loss: 0.008
2026-06-11 09:42:23 [DEBUG]: RCA_loss: 0.000, TC_loss: 0.008
2026-06-11 09:42:23 [DEBUG]: RCA_loss: 0.001, TC_loss: 0.006
2026-06-11 09:42:23 [DEBUG]: RCA_loss: 0.000, TC_loss: 0.011
2026-06-11 09:42:23 [DEBUG]: RCA_loss: 0.000, TC_loss: 0.006
2026-06-11 09:42:23 [DEBUG]: RCA_loss: 0.000, TC_loss: 0.006
2026-06-11 09:42:23 [DEBUG]: RCA_loss: 0.000, TC_loss: 0.009
2026-06-11 09:42:23 [DEBUG]: RCA_loss: 0.000, TC_loss: 0.006
2026-06-11 09:42:23 [DEBUG]: RCA_loss: 0.000, TC_loss: 0.006
2026-06-11 09:42:24 [DEBUG]: RCA_loss: 0.000, TC_loss: 0.005
2026-06-11 09:42:24 [DEBUG]: RCA_loss: 0.000, TC_loss: 0.007
2026-06-11 09:42:24 [DEBUG]: RCA_loss: 0.000, TC_loss: 0.008
2026-06-11 09:42:24 [DEBUG]: RCA_loss: 0.000, TC_loss: 0.005
2026-06-11 09:42:24 [DEBUG]: RCA_loss: 0.001, TC_loss: 0.005
2026-06-11 09:42:24 [DEBUG]: RCA_loss: 0.000, TC_loss: 0.007
2026-06-11 09:42:24 [DEBUG]: RCA_loss: 0.000, TC_loss: 0.004
2026-06-11 09:42:24 [DEBUG]: RCA_loss: 0.000, TC_loss: 0.005
2026-06-11 09:42:24 [DEBUG]: RCA_loss: 0.000, TC_loss: 0.007
2026-06-11 09:42:25 [DEBUG]: RCA_loss: 0.000, TC_loss: 0.006
2026-06-11 09:42:25 [DEBUG]: RCA_loss: 0.000, TC_loss: 0.002
2026-06-11 09:42:25 [INFO]: Epoch 25 done. Loss: 0.007
2026-06-11 09:42:25 [DEBUG]: RCA_loss: 0.001, TC_loss: 0.006
2026-06-11 09:42:25 [DEBUG]: RCA_loss: 0.001, TC_loss: 0.007
2026-06-11 09:42:25 [DEBUG]: RCA_loss: 0.000, TC_loss: 0.005
2026-06-11 09:42:25 [DEBUG]: RCA_loss: 0.000, TC_loss: 0.007
2026-06-11 09:42:25 [DEBUG]: RCA_loss: 0.000, TC_loss: 0.005
2026-06-11 09:42:25 [DEBUG]: RCA_loss: 0.001, TC_loss: 0.004
2026-06-11 09:42:25 [DEBUG]: RCA_loss: 0.000, TC_loss: 0.006
2026-06-11 09:42:26 [DEBUG]: RCA_loss: 0.001, TC_loss: 0.009
2026-06-11 09:42:26 [DEBUG]: RCA_loss: 0.001, TC_loss: 0.006
2026-06-11 09:42:26 [DEBUG]: RCA_loss: 0.000, TC_loss: 0.004
2026-06-11 09:42:26 [DEBUG]: RCA_loss: 0.000, TC_loss: 0.007
2026-06-11 09:42:26 [DEBUG]: RCA_loss: 0.000, TC_loss: 0.006
2026-06-11 09:42:26 [DEBUG]: RCA_loss: 0.000, TC_loss: 0.008
2026-06-11 09:42:26 [DEBUG]: RCA_loss: 0.000, TC_loss: 0.006
2026-06-11 09:42:26 [DEBUG]: RCA_loss: 0.000, TC_loss: 0.006
2026-06-11 09:42:26 [DEBUG]: RCA_loss: 0.000, TC_loss: 0.005
2026-06-11 09:42:26 [DEBUG]: RCA_loss: 0.001, TC_loss: 0.004
2026-06-11 09:42:27 [DEBUG]: RCA_loss: 0.000, TC_loss: 0.005
2026-06-11 09:42:27 [DEBUG]: RCA_loss: 0.001, TC_loss: 0.007
2026-06-11 09:42:27 [DEBUG]: RCA_loss: 0.000, TC_loss: 0.006
2026-06-11 09:42:27 [DEBUG]: RCA_loss: 0.002, TC_loss: 0.004
2026-06-11 09:42:27 [DEBUG]: RCA_loss: 0.000, TC_loss: 0.006
2026-06-11 09:42:27 [DEBUG]: RCA_loss: 0.000, TC_loss: 0.007
2026-06-11 09:42:27 [DEBUG]: RCA_loss: 0.000, TC_loss: 0.006
2026-06-11 09:42:27 [DEBUG]: RCA_loss: 0.000, TC_loss: 0.005
2026-06-11 09:42:27 [DEBUG]: RCA_loss: 0.002, TC_loss: 0.005
2026-06-11 09:42:27 [DEBUG]: RCA_loss: 0.002, TC_loss: 0.011
2026-06-11 09:42:28 [DEBUG]: RCA_loss: 0.000, TC_loss: 0.006
2026-06-11 09:42:28 [DEBUG]: RCA_loss: 0.000, TC_loss: 0.006
2026-06-11 09:42:28 [DEBUG]: RCA_loss: 0.000, TC_loss: 0.008
2026-06-11 09:42:28 [DEBUG]: RCA_loss: 0.000, TC_loss: 0.006
2026-06-11 09:42:28 [DEBUG]: RCA_loss: 0.000, TC_loss: 0.005
2026-06-11 09:42:28 [DEBUG]: RCA_loss: 0.000, TC_loss: 0.007
2026-06-11 09:42:28 [DEBUG]: RCA_loss: 0.000, TC_loss: 0.005
2026-06-11 09:42:28 [DEBUG]: RCA_loss: 0.001, TC_loss: 0.007
2026-06-11 09:42:28 [DEBUG]: RCA_loss: 0.000, TC_loss: 0.009
2026-06-11 09:42:29 [DEBUG]: RCA_loss: 0.000, TC_loss: 0.008
2026-06-11 09:42:29 [DEBUG]: RCA_loss: 0.000, TC_loss: 0.007
2026-06-11 09:42:29 [DEBUG]: RCA_loss: 0.000, TC_loss: 0.005
2026-06-11 09:42:29 [DEBUG]: RCA_loss: 0.000, TC_loss: 0.008
2026-06-11 09:42:29 [DEBUG]: RCA_loss: 0.000, TC_loss: 0.005
2026-06-11 09:42:29 [DEBUG]: RCA_loss: 0.000, TC_loss: 0.006
2026-06-11 09:42:29 [DEBUG]: RCA_loss: 0.001, TC_loss: 0.013
2026-06-11 09:42:29 [DEBUG]: RCA_loss: 0.000, TC_loss: 0.005
2026-06-11 09:42:29 [DEBUG]: RCA_loss: 0.000, TC_loss: 0.006
2026-06-11 09:42:29 [DEBUG]: RCA_loss: 0.000, TC_loss: 0.008
2026-06-11 09:42:30 [DEBUG]: RCA_loss: 0.001, TC_loss: 0.004
2026-06-11 09:42:30 [DEBUG]: RCA_loss: 0.000, TC_loss: 0.007
2026-06-11 09:42:30 [DEBUG]: RCA_loss: 0.000, TC_loss: 0.005
2026-06-11 09:42:30 [DEBUG]: RCA_loss: 0.000, TC_loss: 0.006
2026-06-11 09:42:30 [DEBUG]: RCA_loss: 0.000, TC_loss: 0.007
2026-06-11 09:42:30 [DEBUG]: RCA_loss: 0.000, TC_loss: 0.004
2026-06-11 09:42:30 [DEBUG]: RCA_loss: 0.000, TC_loss: 0.006
2026-06-11 09:42:30 [DEBUG]: RCA_loss: 0.000, TC_loss: 0.005
2026-06-11 09:42:31 [DEBUG]: RCA_loss: 0.000, TC_loss: 0.007
2026-06-11 09:42:31 [DEBUG]: RCA_loss: 0.000, TC_loss: 0.002
2026-06-11 09:42:31 [INFO]: Epoch 26 done. Loss: 0.007
2026-06-11 09:42:31 [DEBUG]: RCA_loss: 0.000, TC_loss: 0.008
2026-06-11 09:42:31 [DEBUG]: RCA_loss: 0.000, TC_loss: 0.005
2026-06-11 09:42:31 [DEBUG]: RCA_loss: 0.000, TC_loss: 0.006
2026-06-11 09:42:31 [DEBUG]: RCA_loss: 0.000, TC_loss: 0.006
2026-06-11 09:42:31 [DEBUG]: RCA_loss: 0.000, TC_loss: 0.004
2026-06-11 09:42:31 [DEBUG]: RCA_loss: 0.001, TC_loss: 0.005
2026-06-11 09:42:31 [DEBUG]: RCA_loss: 0.000, TC_loss: 0.005
2026-06-11 09:42:31 [DEBUG]: RCA_loss: 0.001, TC_loss: 0.008
2026-06-11 09:42:31 [DEBUG]: RCA_loss: 0.001, TC_loss: 0.005
2026-06-11 09:42:32 [DEBUG]: RCA_loss: 0.000, TC_loss: 0.005
2026-06-11 09:42:32 [DEBUG]: RCA_loss: 0.000, TC_loss: 0.006
2026-06-11 09:42:32 [DEBUG]: RCA_loss: 0.000, TC_loss: 0.004
2026-06-11 09:42:32 [DEBUG]: RCA_loss: 0.000, TC_loss: 0.006
2026-06-11 09:42:32 [DEBUG]: RCA_loss: 0.001, TC_loss: 0.005
2026-06-11 09:42:32 [DEBUG]: RCA_loss: 0.000, TC_loss: 0.006
2026-06-11 09:42:32 [DEBUG]: RCA_loss: 0.000, TC_loss: 0.005
2026-06-11 09:42:32 [DEBUG]: RCA_loss: 0.000, TC_loss: 0.006
2026-06-11 09:42:33 [DEBUG]: RCA_loss: 0.000, TC_loss: 0.005
2026-06-11 09:42:33 [DEBUG]: RCA_loss: 0.001, TC_loss: 0.006
2026-06-11 09:42:33 [DEBUG]: RCA_loss: 0.001, TC_loss: 0.006
2026-06-11 09:42:33 [DEBUG]: RCA_loss: 0.000, TC_loss: 0.005
2026-06-11 09:42:33 [DEBUG]: RCA_loss: 0.000, TC_loss: 0.006
2026-06-11 09:42:33 [DEBUG]: RCA_loss: 0.001, TC_loss: 0.005
2026-06-11 09:42:33 [DEBUG]: RCA_loss: 0.000, TC_loss: 0.007
2026-06-11 09:42:33 [DEBUG]: RCA_loss: 0.001, TC_loss: 0.006
2026-06-11 09:42:33 [DEBUG]: RCA_loss: 0.000, TC_loss: 0.004
2026-06-11 09:42:33 [DEBUG]: RCA_loss: 0.001, TC_loss: 0.007
2026-06-11 09:42:34 [DEBUG]: RCA_loss: 0.000, TC_loss: 0.005
2026-06-11 09:42:34 [DEBUG]: RCA_loss: 0.000, TC_loss: 0.005
2026-06-11 09:42:34 [DEBUG]: RCA_loss: 0.000, TC_loss: 0.005
2026-06-11 09:42:34 [DEBUG]: RCA_loss: 0.000, TC_loss: 0.004
2026-06-11 09:42:34 [DEBUG]: RCA_loss: 0.000, TC_loss: 0.004
2026-06-11 09:42:34 [DEBUG]: RCA_loss: 0.000, TC_loss: 0.008
2026-06-11 09:42:34 [DEBUG]: RCA_loss: 0.000, TC_loss: 0.005
2026-06-11 09:42:34 [DEBUG]: RCA_loss: 0.000, TC_loss: 0.008
2026-06-11 09:42:34 [DEBUG]: RCA_loss: 0.001, TC_loss: 0.006
2026-06-11 09:42:35 [DEBUG]: RCA_loss: 0.000, TC_loss: 0.006
2026-06-11 09:42:35 [DEBUG]: RCA_loss: 0.000, TC_loss: 0.006
2026-06-11 09:42:35 [DEBUG]: RCA_loss: 0.000, TC_loss: 0.004
2026-06-11 09:42:35 [DEBUG]: RCA_loss: 0.000, TC_loss: 0.006
2026-06-11 09:42:35 [DEBUG]: RCA_loss: 0.000, TC_loss: 0.006
2026-06-11 09:42:35 [DEBUG]: RCA_loss: 0.000, TC_loss: 0.005
2026-06-11 09:42:35 [DEBUG]: RCA_loss: 0.000, TC_loss: 0.006
2026-06-11 09:42:35 [DEBUG]: RCA_loss: 0.001, TC_loss: 0.004
2026-06-11 09:42:35 [DEBUG]: RCA_loss: 0.000, TC_loss: 0.004
2026-06-11 09:42:35 [DEBUG]: RCA_loss: 0.000, TC_loss: 0.005
2026-06-11 09:42:36 [DEBUG]: RCA_loss: 0.000, TC_loss: 0.005
2026-06-11 09:42:36 [DEBUG]: RCA_loss: 0.000, TC_loss: 0.006
2026-06-11 09:42:36 [DEBUG]: RCA_loss: 0.000, TC_loss: 0.003
2026-06-11 09:42:36 [DEBUG]: RCA_loss: 0.000, TC_loss: 0.004
2026-06-11 09:42:36 [DEBUG]: RCA_loss: 0.000, TC_loss: 0.005
2026-06-11 09:42:36 [DEBUG]: RCA_loss: 0.001, TC_loss: 0.004
2026-06-11 09:42:36 [DEBUG]: RCA_loss: 0.000, TC_loss: 0.005
2026-06-11 09:42:36 [DEBUG]: RCA_loss: 0.000, TC_loss: 0.005
2026-06-11 09:42:36 [DEBUG]: RCA_loss: 0.000, TC_loss: 0.005
2026-06-11 09:42:36 [DEBUG]: RCA_loss: 0.001, TC_loss: 0.002
2026-06-11 09:42:36 [INFO]: Epoch 27 done. Loss: 0.006
2026-06-11 09:42:37 [DEBUG]: RCA_loss: 0.000, TC_loss: 0.006
2026-06-11 09:42:37 [DEBUG]: RCA_loss: 0.000, TC_loss: 0.004
2026-06-11 09:42:37 [DEBUG]: RCA_loss: 0.001, TC_loss: 0.004
2026-06-11 09:42:37 [DEBUG]: RCA_loss: 0.000, TC_loss: 0.007
2026-06-11 09:42:37 [DEBUG]: RCA_loss: 0.000, TC_loss: 0.004
2026-06-11 09:42:37 [DEBUG]: RCA_loss: 0.000, TC_loss: 0.003
2026-06-11 09:42:37 [DEBUG]: RCA_loss: 0.000, TC_loss: 0.005
2026-06-11 09:42:37 [DEBUG]: RCA_loss: 0.000, TC_loss: 0.005
2026-06-11 09:42:37 [DEBUG]: RCA_loss: 0.000, TC_loss: 0.004
2026-06-11 09:42:38 [DEBUG]: RCA_loss: 0.000, TC_loss: 0.003
2026-06-11 09:42:38 [DEBUG]: RCA_loss: 0.000, TC_loss: 0.005
2026-06-11 09:42:38 [DEBUG]: RCA_loss: 0.001, TC_loss: 0.005
2026-06-11 09:42:38 [DEBUG]: RCA_loss: 0.003, TC_loss: 0.006
2026-06-11 09:42:38 [DEBUG]: RCA_loss: 0.000, TC_loss: 0.005
2026-06-11 09:42:38 [DEBUG]: RCA_loss: 0.000, TC_loss: 0.005
2026-06-11 09:42:38 [DEBUG]: RCA_loss: 0.000, TC_loss: 0.004
2026-06-11 09:42:38 [DEBUG]: RCA_loss: 0.000, TC_loss: 0.005
2026-06-11 09:42:38 [DEBUG]: RCA_loss: 0.000, TC_loss: 0.004
2026-06-11 09:42:39 [DEBUG]: RCA_loss: 0.001, TC_loss: 0.006
2026-06-11 09:42:39 [DEBUG]: RCA_loss: 0.000, TC_loss: 0.004
2026-06-11 09:42:39 [DEBUG]: RCA_loss: 0.000, TC_loss: 0.005
2026-06-11 09:42:39 [DEBUG]: RCA_loss: 0.000, TC_loss: 0.005
2026-06-11 09:42:39 [DEBUG]: RCA_loss: 0.000, TC_loss: 0.005
2026-06-11 09:42:39 [DEBUG]: RCA_loss: 0.000, TC_loss: 0.006
2026-06-11 09:42:39 [DEBUG]: RCA_loss: 0.000, TC_loss: 0.004
2026-06-11 09:42:39 [DEBUG]: RCA_loss: 0.003, TC_loss: 0.003
2026-06-11 09:42:39 [DEBUG]: RCA_loss: 0.003, TC_loss: 0.005
2026-06-11 09:42:40 [DEBUG]: RCA_loss: 0.000, TC_loss: 0.006
2026-06-11 09:42:40 [DEBUG]: RCA_loss: 0.000, TC_loss: 0.006
2026-06-11 09:42:40 [DEBUG]: RCA_loss: 0.001, TC_loss: 0.005
2026-06-11 09:42:40 [DEBUG]: RCA_loss: 0.000, TC_loss: 0.004
2026-06-11 09:42:40 [DEBUG]: RCA_loss: 0.000, TC_loss: 0.003
2026-06-11 09:42:40 [DEBUG]: RCA_loss: 0.000, TC_loss: 0.006
2026-06-11 09:42:40 [DEBUG]: RCA_loss: 0.001, TC_loss: 0.004
2026-06-11 09:42:40 [DEBUG]: RCA_loss: 0.000, TC_loss: 0.007
2026-06-11 09:42:40 [DEBUG]: RCA_loss: 0.001, TC_loss: 0.009
2026-06-11 09:42:41 [DEBUG]: RCA_loss: 0.000, TC_loss: 0.005
2026-06-11 09:42:41 [DEBUG]: RCA_loss: 0.000, TC_loss: 0.006
2026-06-11 09:42:41 [DEBUG]: RCA_loss: 0.000, TC_loss: 0.004
2026-06-11 09:42:41 [DEBUG]: RCA_loss: 0.000, TC_loss: 0.006
2026-06-11 09:42:41 [DEBUG]: RCA_loss: 0.000, TC_loss: 0.006
2026-06-11 09:42:41 [DEBUG]: RCA_loss: 0.000, TC_loss: 0.005
2026-06-11 09:42:41 [DEBUG]: RCA_loss: 0.000, TC_loss: 0.009
2026-06-11 09:42:41 [DEBUG]: RCA_loss: 0.000, TC_loss: 0.004
2026-06-11 09:42:41 [DEBUG]: RCA_loss: 0.004, TC_loss: 0.006
2026-06-11 09:42:41 [DEBUG]: RCA_loss: 0.001, TC_loss: 0.004
2026-06-11 09:42:42 [DEBUG]: RCA_loss: 0.000, TC_loss: 0.004
2026-06-11 09:42:42 [DEBUG]: RCA_loss: 0.000, TC_loss: 0.005
2026-06-11 09:42:42 [DEBUG]: RCA_loss: 0.000, TC_loss: 0.003
2026-06-11 09:42:42 [DEBUG]: RCA_loss: 0.000, TC_loss: 0.004
2026-06-11 09:42:42 [DEBUG]: RCA_loss: 0.000, TC_loss: 0.005
2026-06-11 09:42:42 [DEBUG]: RCA_loss: 0.000, TC_loss: 0.004
2026-06-11 09:42:42 [DEBUG]: RCA_loss: 0.000, TC_loss: 0.004
2026-06-11 09:42:42 [DEBUG]: RCA_loss: 0.000, TC_loss: 0.004
2026-06-11 09:42:42 [DEBUG]: RCA_loss: 0.000, TC_loss: 0.006
2026-06-11 09:42:42 [DEBUG]: RCA_loss: 0.000, TC_loss: 0.001
2026-06-11 09:42:43 [INFO]: Epoch 28 done. Loss: 0.005
2026-06-11 09:42:43 [DEBUG]: RCA_loss: 0.000, TC_loss: 0.006
2026-06-11 09:42:43 [DEBUG]: RCA_loss: 0.000, TC_loss: 0.008
2026-06-11 09:42:43 [DEBUG]: RCA_loss: 0.000, TC_loss: 0.003
2026-06-11 09:42:43 [DEBUG]: RCA_loss: 0.000, TC_loss: 0.007
2026-06-11 09:42:43 [DEBUG]: RCA_loss: 0.001, TC_loss: 0.004
2026-06-11 09:42:43 [DEBUG]: RCA_loss: 0.000, TC_loss: 0.003
2026-06-11 09:42:43 [DEBUG]: RCA_loss: 0.000, TC_loss: 0.005
2026-06-11 09:42:43 [DEBUG]: RCA_loss: 0.001, TC_loss: 0.005
2026-06-11 09:42:43 [DEBUG]: RCA_loss: 0.000, TC_loss: 0.003
2026-06-11 09:42:44 [DEBUG]: RCA_loss: 0.000, TC_loss: 0.003
2026-06-11 09:42:44 [DEBUG]: RCA_loss: 0.000, TC_loss: 0.005
2026-06-11 09:42:44 [DEBUG]: RCA_loss: 0.001, TC_loss: 0.003
2026-06-11 09:42:44 [DEBUG]: RCA_loss: 0.000, TC_loss: 0.005
2026-06-11 09:42:44 [DEBUG]: RCA_loss: 0.000, TC_loss: 0.004
2026-06-11 09:42:44 [DEBUG]: RCA_loss: 0.000, TC_loss: 0.004
2026-06-11 09:42:44 [DEBUG]: RCA_loss: 0.000, TC_loss: 0.003
2026-06-11 09:42:44 [DEBUG]: RCA_loss: 0.001, TC_loss: 0.004
2026-06-11 09:42:44 [DEBUG]: RCA_loss: 0.000, TC_loss: 0.004
2026-06-11 09:42:44 [DEBUG]: RCA_loss: 0.001, TC_loss: 0.006
2026-06-11 09:42:45 [DEBUG]: RCA_loss: 0.000, TC_loss: 0.004
2026-06-11 09:42:45 [DEBUG]: RCA_loss: 0.001, TC_loss: 0.004
2026-06-11 09:42:45 [DEBUG]: RCA_loss: 0.000, TC_loss: 0.005
2026-06-11 09:42:45 [DEBUG]: RCA_loss: 0.001, TC_loss: 0.005
2026-06-11 09:42:45 [DEBUG]: RCA_loss: 0.000, TC_loss: 0.006
2026-06-11 09:42:45 [DEBUG]: RCA_loss: 0.000, TC_loss: 0.004
2026-06-11 09:42:45 [DEBUG]: RCA_loss: 0.000, TC_loss: 0.003
2026-06-11 09:42:45 [DEBUG]: RCA_loss: 0.001, TC_loss: 0.005
2026-06-11 09:42:45 [DEBUG]: RCA_loss: 0.000, TC_loss: 0.005
2026-06-11 09:42:45 [DEBUG]: RCA_loss: 0.000, TC_loss: 0.004
2026-06-11 09:42:45 [DEBUG]: RCA_loss: 0.000, TC_loss: 0.005
2026-06-11 09:42:46 [DEBUG]: RCA_loss: 0.001, TC_loss: 0.004
2026-06-11 09:42:46 [DEBUG]: RCA_loss: 0.000, TC_loss: 0.003
2026-06-11 09:42:46 [DEBUG]: RCA_loss: 0.000, TC_loss: 0.005
2026-06-11 09:42:46 [DEBUG]: RCA_loss: 0.000, TC_loss: 0.004
2026-06-11 09:42:46 [DEBUG]: RCA_loss: 0.001, TC_loss: 0.005
2026-06-11 09:42:46 [DEBUG]: RCA_loss: 0.000, TC_loss: 0.009
2026-06-11 09:42:46 [DEBUG]: RCA_loss: 0.000, TC_loss: 0.004
2026-06-11 09:42:46 [DEBUG]: RCA_loss: 0.000, TC_loss: 0.005
2026-06-11 09:42:46 [DEBUG]: RCA_loss: 0.000, TC_loss: 0.003
2026-06-11 09:42:47 [DEBUG]: RCA_loss: 0.000, TC_loss: 0.005
2026-06-11 09:42:47 [DEBUG]: RCA_loss: 0.000, TC_loss: 0.005
2026-06-11 09:42:47 [DEBUG]: RCA_loss: 0.000, TC_loss: 0.005
2026-06-11 09:42:47 [DEBUG]: RCA_loss: 0.000, TC_loss: 0.008
2026-06-11 09:42:47 [DEBUG]: RCA_loss: 0.001, TC_loss: 0.004
2026-06-11 09:42:47 [DEBUG]: RCA_loss: 0.000, TC_loss: 0.004
2026-06-11 09:42:47 [DEBUG]: RCA_loss: 0.003, TC_loss: 0.005
2026-06-11 09:42:47 [DEBUG]: RCA_loss: 0.000, TC_loss: 0.003
2026-06-11 09:42:47 [DEBUG]: RCA_loss: 0.000, TC_loss: 0.004
2026-06-11 09:42:47 [DEBUG]: RCA_loss: 0.000, TC_loss: 0.003
2026-06-11 09:42:48 [DEBUG]: RCA_loss: 0.001, TC_loss: 0.003
2026-06-11 09:42:48 [DEBUG]: RCA_loss: 0.000, TC_loss: 0.004
2026-06-11 09:42:48 [DEBUG]: RCA_loss: 0.000, TC_loss: 0.003
2026-06-11 09:42:48 [DEBUG]: RCA_loss: 0.000, TC_loss: 0.004
2026-06-11 09:42:48 [DEBUG]: RCA_loss: 0.000, TC_loss: 0.005
2026-06-11 09:42:48 [DEBUG]: RCA_loss: 0.000, TC_loss: 0.006
2026-06-11 09:42:48 [DEBUG]: RCA_loss: 0.000, TC_loss: 0.001
2026-06-11 09:42:48 [INFO]: Epoch 29 done. Loss: 0.005
2026-06-11 09:42:48 [DEBUG]: RCA_loss: 0.000, TC_loss: 0.006
2026-06-11 09:42:48 [DEBUG]: RCA_loss: 0.000, TC_loss: 0.003
2026-06-11 09:42:48 [DEBUG]: RCA_loss: 0.000, TC_loss: 0.006
2026-06-11 09:42:49 [DEBUG]: RCA_loss: 0.000, TC_loss: 0.005
2026-06-11 09:42:49 [DEBUG]: RCA_loss: 0.001, TC_loss: 0.004
2026-06-11 09:42:49 [DEBUG]: RCA_loss: 0.001, TC_loss: 0.003
2026-06-11 09:42:49 [DEBUG]: RCA_loss: 0.000, TC_loss: 0.003
2026-06-11 09:42:49 [DEBUG]: RCA_loss: 0.000, TC_loss: 0.005
2026-06-11 09:42:49 [DEBUG]: RCA_loss: 0.001, TC_loss: 0.004
2026-06-11 09:42:49 [DEBUG]: RCA_loss: 0.000, TC_loss: 0.003
2026-06-11 09:42:49 [DEBUG]: RCA_loss: 0.000, TC_loss: 0.007
2026-06-11 09:42:49 [DEBUG]: RCA_loss: 0.000, TC_loss: 0.004
2026-06-11 09:42:50 [DEBUG]: RCA_loss: 0.000, TC_loss: 0.005
2026-06-11 09:42:50 [DEBUG]: RCA_loss: 0.000, TC_loss: 0.006
2026-06-11 09:42:50 [DEBUG]: RCA_loss: 0.000, TC_loss: 0.004
2026-06-11 09:42:50 [DEBUG]: RCA_loss: 0.000, TC_loss: 0.004
2026-06-11 09:42:50 [DEBUG]: RCA_loss: 0.000, TC_loss: 0.004
2026-06-11 09:42:50 [DEBUG]: RCA_loss: 0.000, TC_loss: 0.004
2026-06-11 09:42:50 [DEBUG]: RCA_loss: 0.006, TC_loss: 0.006
2026-06-11 09:42:50 [DEBUG]: RCA_loss: 0.000, TC_loss: 0.003
2026-06-11 09:42:50 [DEBUG]: RCA_loss: 0.001, TC_loss: 0.004
2026-06-11 09:42:51 [DEBUG]: RCA_loss: 0.007, TC_loss: 0.005
2026-06-11 09:42:51 [DEBUG]: RCA_loss: 0.000, TC_loss: 0.005
2026-06-11 09:42:51 [DEBUG]: RCA_loss: 0.000, TC_loss: 0.006
2026-06-11 09:42:51 [DEBUG]: RCA_loss: 0.000, TC_loss: 0.003
2026-06-11 09:42:51 [DEBUG]: RCA_loss: 0.000, TC_loss: 0.004
2026-06-11 09:42:51 [DEBUG]: RCA_loss: 0.001, TC_loss: 0.010
2026-06-11 09:42:51 [DEBUG]: RCA_loss: 0.000, TC_loss: 0.004
2026-06-11 09:42:51 [DEBUG]: RCA_loss: 0.000, TC_loss: 0.004
2026-06-11 09:42:51 [DEBUG]: RCA_loss: 0.000, TC_loss: 0.007
2026-06-11 09:42:51 [DEBUG]: RCA_loss: 0.006, TC_loss: 0.004
2026-06-11 09:42:51 [DEBUG]: RCA_loss: 0.000, TC_loss: 0.004
2026-06-11 09:42:51 [DEBUG]: RCA_loss: 0.000, TC_loss: 0.008
2026-06-11 09:42:52 [DEBUG]: RCA_loss: 0.001, TC_loss: 0.004
2026-06-11 09:42:52 [DEBUG]: RCA_loss: 0.000, TC_loss: 0.005
2026-06-11 09:42:52 [DEBUG]: RCA_loss: 0.000, TC_loss: 0.006
2026-06-11 09:42:52 [DEBUG]: RCA_loss: 0.001, TC_loss: 0.005
2026-06-11 09:42:52 [DEBUG]: RCA_loss: 0.000, TC_loss: 0.007
2026-06-11 09:42:52 [DEBUG]: RCA_loss: 0.000, TC_loss: 0.004
2026-06-11 09:42:52 [DEBUG]: RCA_loss: 0.000, TC_loss: 0.005
2026-06-11 09:42:52 [DEBUG]: RCA_loss: 0.000, TC_loss: 0.003
2026-06-11 09:42:52 [DEBUG]: RCA_loss: 0.000, TC_loss: 0.005
2026-06-11 09:42:52 [DEBUG]: RCA_loss: 0.000, TC_loss: 0.008
2026-06-11 09:42:53 [DEBUG]: RCA_loss: 0.000, TC_loss: 0.005
2026-06-11 09:42:53 [DEBUG]: RCA_loss: 0.001, TC_loss: 0.005
2026-06-11 09:42:53 [DEBUG]: RCA_loss: 0.000, TC_loss: 0.003
2026-06-11 09:42:53 [DEBUG]: RCA_loss: 0.000, TC_loss: 0.005
2026-06-11 09:42:53 [DEBUG]: RCA_loss: 0.001, TC_loss: 0.006
2026-06-11 09:42:53 [DEBUG]: RCA_loss: 0.001, TC_loss: 0.005
2026-06-11 09:42:53 [DEBUG]: RCA_loss: 0.000, TC_loss: 0.004
2026-06-11 09:42:53 [DEBUG]: RCA_loss: 0.002, TC_loss: 0.006
2026-06-11 09:42:53 [DEBUG]: RCA_loss: 0.001, TC_loss: 0.004
2026-06-11 09:42:53 [DEBUG]: RCA_loss: 0.000, TC_loss: 0.004
2026-06-11 09:42:53 [DEBUG]: RCA_loss: 0.000, TC_loss: 0.005
2026-06-11 09:42:53 [DEBUG]: RCA_loss: 0.000, TC_loss: 0.007
2026-06-11 09:42:54 [DEBUG]: RCA_loss: 0.001, TC_loss: 0.001
2026-06-11 09:42:54 [INFO]: Epoch 30 done. Loss: 0.006
2026-06-11 09:42:54 [DEBUG]: RCA_loss: 0.000, TC_loss: 0.006
2026-06-11 09:42:54 [DEBUG]: RCA_loss: 0.000, TC_loss: 0.003
2026-06-11 09:42:54 [DEBUG]: RCA_loss: 0.000, TC_loss: 0.004
2026-06-11 09:42:54 [DEBUG]: RCA_loss: 0.000, TC_loss: 0.004
2026-06-11 09:42:54 [DEBUG]: RCA_loss: 0.000, TC_loss: 0.003
2026-06-11 09:42:54 [DEBUG]: RCA_loss: 0.001, TC_loss: 0.003
2026-06-11 09:42:54 [DEBUG]: RCA_loss: 0.000, TC_loss: 0.005
2026-06-11 09:42:54 [DEBUG]: RCA_loss: 0.001, TC_loss: 0.004
2026-06-11 09:42:54 [DEBUG]: RCA_loss: 0.000, TC_loss: 0.003
2026-06-11 09:42:54 [DEBUG]: RCA_loss: 0.000, TC_loss: 0.004
2026-06-11 09:42:54 [DEBUG]: RCA_loss: 0.000, TC_loss: 0.004
2026-06-11 09:42:55 [DEBUG]: RCA_loss: 0.001, TC_loss: 0.003
2026-06-11 09:42:55 [DEBUG]: RCA_loss: 0.000, TC_loss: 0.005
2026-06-11 09:42:55 [DEBUG]: RCA_loss: 0.000, TC_loss: 0.005
2026-06-11 09:42:55 [DEBUG]: RCA_loss: 0.000, TC_loss: 0.007
2026-06-11 09:42:55 [DEBUG]: RCA_loss: 0.000, TC_loss: 0.004
2026-06-11 09:42:55 [DEBUG]: RCA_loss: 0.000, TC_loss: 0.004
2026-06-11 09:42:55 [DEBUG]: RCA_loss: 0.000, TC_loss: 0.004
2026-06-11 09:42:55 [DEBUG]: RCA_loss: 0.000, TC_loss: 0.006
2026-06-11 09:42:55 [DEBUG]: RCA_loss: 0.000, TC_loss: 0.004
2026-06-11 09:42:55 [DEBUG]: RCA_loss: 0.000, TC_loss: 0.003
2026-06-11 09:42:55 [DEBUG]: RCA_loss: 0.000, TC_loss: 0.004
2026-06-11 09:42:56 [DEBUG]: RCA_loss: 0.000, TC_loss: 0.003
2026-06-11 09:42:56 [DEBUG]: RCA_loss: 0.000, TC_loss: 0.005
2026-06-11 09:42:56 [DEBUG]: RCA_loss: 0.000, TC_loss: 0.003
2026-06-11 09:42:56 [DEBUG]: RCA_loss: 0.000, TC_loss: 0.003
2026-06-11 09:42:56 [DEBUG]: RCA_loss: 0.000, TC_loss: 0.007
2026-06-11 09:42:56 [DEBUG]: RCA_loss: 0.000, TC_loss: 0.004
2026-06-11 09:42:56 [DEBUG]: RCA_loss: 0.000, TC_loss: 0.004
2026-06-11 09:42:56 [DEBUG]: RCA_loss: 0.000, TC_loss: 0.005
2026-06-11 09:42:56 [DEBUG]: RCA_loss: 0.000, TC_loss: 0.004
2026-06-11 09:42:56 [DEBUG]: RCA_loss: 0.000, TC_loss: 0.003
2026-06-11 09:42:56 [DEBUG]: RCA_loss: 0.000, TC_loss: 0.004
2026-06-11 09:42:57 [DEBUG]: RCA_loss: 0.000, TC_loss: 0.003
2026-06-11 09:42:57 [DEBUG]: RCA_loss: 0.000, TC_loss: 0.006
2026-06-11 09:42:57 [DEBUG]: RCA_loss: 0.000, TC_loss: 0.004
2026-06-11 09:42:57 [DEBUG]: RCA_loss: 0.001, TC_loss: 0.004
2026-06-11 09:42:57 [DEBUG]: RCA_loss: 0.000, TC_loss: 0.005
2026-06-11 09:42:57 [DEBUG]: RCA_loss: 0.000, TC_loss: 0.003
2026-06-11 09:42:57 [DEBUG]: RCA_loss: 0.000, TC_loss: 0.004
2026-06-11 09:42:57 [DEBUG]: RCA_loss: 0.000, TC_loss: 0.004
2026-06-11 09:42:57 [DEBUG]: RCA_loss: 0.000, TC_loss: 0.005
2026-06-11 09:42:57 [DEBUG]: RCA_loss: 0.001, TC_loss: 0.004
2026-06-11 09:42:58 [DEBUG]: RCA_loss: 0.000, TC_loss: 0.003
2026-06-11 09:42:58 [DEBUG]: RCA_loss: 0.000, TC_loss: 0.004
2026-06-11 09:42:58 [DEBUG]: RCA_loss: 0.000, TC_loss: 0.004
2026-06-11 09:42:58 [DEBUG]: RCA_loss: 0.001, TC_loss: 0.004
2026-06-11 09:42:58 [DEBUG]: RCA_loss: 0.000, TC_loss: 0.004
2026-06-11 09:42:58 [DEBUG]: RCA_loss: 0.000, TC_loss: 0.003
2026-06-11 09:42:58 [DEBUG]: RCA_loss: 0.000, TC_loss: 0.003
2026-06-11 09:42:58 [DEBUG]: RCA_loss: 0.001, TC_loss: 0.004
2026-06-11 09:42:58 [DEBUG]: RCA_loss: 0.000, TC_loss: 0.003
2026-06-11 09:42:58 [DEBUG]: RCA_loss: 0.000, TC_loss: 0.003
2026-06-11 09:42:58 [DEBUG]: RCA_loss: 0.000, TC_loss: 0.003
2026-06-11 09:42:58 [DEBUG]: RCA_loss: 0.000, TC_loss: 0.004
2026-06-11 09:42:58 [DEBUG]: RCA_loss: 0.000, TC_loss: 0.001
2026-06-11 09:42:59 [INFO]: Epoch 31 done. Loss: 0.004
2026-06-11 09:42:59 [DEBUG]: RCA_loss: 0.000, TC_loss: 0.004
2026-06-11 09:42:59 [DEBUG]: RCA_loss: 0.001, TC_loss: 0.004
2026-06-11 09:42:59 [DEBUG]: RCA_loss: 0.000, TC_loss: 0.003
2026-06-11 09:42:59 [DEBUG]: RCA_loss: 0.000, TC_loss: 0.004
2026-06-11 09:42:59 [DEBUG]: RCA_loss: 0.000, TC_loss: 0.003
2026-06-11 09:42:59 [DEBUG]: RCA_loss: 0.000, TC_loss: 0.002
2026-06-11 09:42:59 [DEBUG]: RCA_loss: 0.000, TC_loss: 0.004
2026-06-11 09:42:59 [DEBUG]: RCA_loss: 0.000, TC_loss: 0.004
2026-06-11 09:42:59 [DEBUG]: RCA_loss: 0.001, TC_loss: 0.003
2026-06-11 09:42:59 [DEBUG]: RCA_loss: 0.000, TC_loss: 0.003
2026-06-11 09:42:59 [DEBUG]: RCA_loss: 0.000, TC_loss: 0.004
2026-06-11 09:43:00 [DEBUG]: RCA_loss: 0.000, TC_loss: 0.004
2026-06-11 09:43:00 [DEBUG]: RCA_loss: 0.000, TC_loss: 0.004
2026-06-11 09:43:00 [DEBUG]: RCA_loss: 0.000, TC_loss: 0.004
2026-06-11 09:43:00 [DEBUG]: RCA_loss: 0.000, TC_loss: 0.004
2026-06-11 09:43:00 [DEBUG]: RCA_loss: 0.017, TC_loss: 0.005
2026-06-11 09:43:00 [DEBUG]: RCA_loss: 0.000, TC_loss: 0.003
2026-06-11 09:43:00 [DEBUG]: RCA_loss: 0.001, TC_loss: 0.003
2026-06-11 09:43:00 [DEBUG]: RCA_loss: 0.000, TC_loss: 0.004
2026-06-11 09:43:00 [DEBUG]: RCA_loss: 0.000, TC_loss: 0.004
2026-06-11 09:43:00 [DEBUG]: RCA_loss: 0.000, TC_loss: 0.003
2026-06-11 09:43:00 [DEBUG]: RCA_loss: 0.001, TC_loss: 0.004
2026-06-11 09:43:01 [DEBUG]: RCA_loss: 0.001, TC_loss: 0.005
2026-06-11 09:43:01 [DEBUG]: RCA_loss: 0.001, TC_loss: 0.005
2026-06-11 09:43:01 [DEBUG]: RCA_loss: 0.000, TC_loss: 0.004
2026-06-11 09:43:01 [DEBUG]: RCA_loss: 0.000, TC_loss: 0.005
2026-06-11 09:43:01 [DEBUG]: RCA_loss: 0.002, TC_loss: 0.007
2026-06-11 09:43:01 [DEBUG]: RCA_loss: 0.000, TC_loss: 0.003
2026-06-11 09:43:01 [DEBUG]: RCA_loss: 0.000, TC_loss: 0.008
2026-06-11 09:43:01 [DEBUG]: RCA_loss: 0.000, TC_loss: 0.010
2026-06-11 09:43:01 [DEBUG]: RCA_loss: 0.012, TC_loss: 0.007
2026-06-11 09:43:01 [DEBUG]: RCA_loss: 0.006, TC_loss: 0.003
2026-06-11 09:43:01 [DEBUG]: RCA_loss: 0.000, TC_loss: 0.005
2026-06-11 09:43:01 [DEBUG]: RCA_loss: 0.001, TC_loss: 0.003
2026-06-11 09:43:02 [DEBUG]: RCA_loss: 0.000, TC_loss: 0.004
2026-06-11 09:43:02 [DEBUG]: RCA_loss: 0.001, TC_loss: 0.005
2026-06-11 09:43:02 [DEBUG]: RCA_loss: 0.000, TC_loss: 0.005
2026-06-11 09:43:02 [DEBUG]: RCA_loss: 0.000, TC_loss: 0.007
2026-06-11 09:43:02 [DEBUG]: RCA_loss: 0.000, TC_loss: 0.004
2026-06-11 09:43:02 [DEBUG]: RCA_loss: 0.001, TC_loss: 0.007
2026-06-11 09:43:02 [DEBUG]: RCA_loss: 0.001, TC_loss: 0.006
2026-06-11 09:43:02 [DEBUG]: RCA_loss: 0.000, TC_loss: 0.005
2026-06-11 09:43:02 [DEBUG]: RCA_loss: 0.001, TC_loss: 0.007
2026-06-11 09:43:02 [DEBUG]: RCA_loss: 0.000, TC_loss: 0.005
2026-06-11 09:43:03 [DEBUG]: RCA_loss: 0.000, TC_loss: 0.005
2026-06-11 09:43:03 [DEBUG]: RCA_loss: 0.074, TC_loss: 0.008
2026-06-11 09:43:03 [DEBUG]: RCA_loss: 0.001, TC_loss: 0.004
2026-06-11 09:43:03 [DEBUG]: RCA_loss: 0.000, TC_loss: 0.006
2026-06-11 09:43:03 [DEBUG]: RCA_loss: 0.000, TC_loss: 0.003
2026-06-11 09:43:03 [DEBUG]: RCA_loss: 0.001, TC_loss: 0.003
2026-06-11 09:43:03 [DEBUG]: RCA_loss: 0.086, TC_loss: 0.040
2026-06-11 09:43:03 [DEBUG]: RCA_loss: 0.005, TC_loss: 0.011
2026-06-11 09:43:03 [DEBUG]: RCA_loss: 0.008, TC_loss: 0.005
2026-06-11 09:43:03 [DEBUG]: RCA_loss: 0.001, TC_loss: 0.016
2026-06-11 09:43:03 [DEBUG]: RCA_loss: 0.000, TC_loss: 0.010
2026-06-11 09:43:03 [DEBUG]: RCA_loss: 0.000, TC_loss: 0.003
2026-06-11 09:43:03 [INFO]: Epoch 32 done. Loss: 0.010
2026-06-11 09:43:03 [DEBUG]: RCA_loss: 0.124, TC_loss: 0.017
2026-06-11 09:43:04 [DEBUG]: RCA_loss: 0.001, TC_loss: 0.008
2026-06-11 09:43:04 [DEBUG]: RCA_loss: 0.001, TC_loss: 0.104
2026-06-11 09:43:04 [DEBUG]: RCA_loss: 0.284, TC_loss: 0.053
2026-06-11 09:43:04 [DEBUG]: RCA_loss: 0.007, TC_loss: 0.022
2026-06-11 09:43:04 [DEBUG]: RCA_loss: 0.005, TC_loss: 0.018
2026-06-11 09:43:04 [DEBUG]: RCA_loss: 0.013, TC_loss: 0.059
2026-06-11 09:43:04 [DEBUG]: RCA_loss: 0.069, TC_loss: 0.139
2026-06-11 09:43:04 [DEBUG]: RCA_loss: 0.015, TC_loss: 0.194
2026-06-11 09:43:04 [DEBUG]: RCA_loss: 0.144, TC_loss: 0.156
2026-06-11 09:43:04 [DEBUG]: RCA_loss: 0.055, TC_loss: 0.040
2026-06-11 09:43:04 [DEBUG]: RCA_loss: 0.062, TC_loss: 0.026
2026-06-11 09:43:05 [DEBUG]: RCA_loss: 0.011, TC_loss: 0.182
2026-06-11 09:43:05 [DEBUG]: RCA_loss: 0.632, TC_loss: 0.673
2026-06-11 09:43:05 [DEBUG]: RCA_loss: 0.007, TC_loss: 0.209
2026-06-11 09:43:05 [DEBUG]: RCA_loss: 0.028, TC_loss: 0.093
2026-06-11 09:43:05 [DEBUG]: RCA_loss: 0.112, TC_loss: 0.232
2026-06-11 09:43:05 [DEBUG]: RCA_loss: 0.116, TC_loss: 0.285
2026-06-11 09:43:05 [DEBUG]: RCA_loss: 0.189, TC_loss: 0.449
2026-06-11 09:43:05 [DEBUG]: RCA_loss: 0.631, TC_loss: 0.274
2026-06-11 09:43:05 [DEBUG]: RCA_loss: 0.167, TC_loss: 0.203
2026-06-11 09:43:05 [DEBUG]: RCA_loss: 0.407, TC_loss: 0.485
2026-06-11 09:43:05 [DEBUG]: RCA_loss: 0.012, TC_loss: 0.424
2026-06-11 09:43:05 [DEBUG]: RCA_loss: 0.271, TC_loss: 0.293
2026-06-11 09:43:06 [DEBUG]: RCA_loss: 0.321, TC_loss: 0.472
2026-06-11 09:43:06 [DEBUG]: RCA_loss: 0.075, TC_loss: 0.371
2026-06-11 09:43:06 [DEBUG]: RCA_loss: 0.161, TC_loss: 0.612
2026-06-11 09:43:06 [DEBUG]: RCA_loss: 0.075, TC_loss: 0.453
2026-06-11 09:43:06 [DEBUG]: RCA_loss: 0.445, TC_loss: 0.294
2026-06-11 09:43:06 [DEBUG]: RCA_loss: 0.150, TC_loss: 0.481
2026-06-11 09:43:06 [DEBUG]: RCA_loss: 0.158, TC_loss: 0.301
2026-06-11 09:43:06 [DEBUG]: RCA_loss: 0.545, TC_loss: 0.464
2026-06-11 09:43:06 [DEBUG]: RCA_loss: 0.384, TC_loss: 0.472
2026-06-11 09:43:06 [DEBUG]: RCA_loss: 0.076, TC_loss: 0.259
2026-06-11 09:43:06 [DEBUG]: RCA_loss: 0.186, TC_loss: 0.437
2026-06-11 09:43:07 [DEBUG]: RCA_loss: 0.159, TC_loss: 0.416
2026-06-11 09:43:07 [DEBUG]: RCA_loss: 0.247, TC_loss: 0.645
2026-06-11 09:43:07 [DEBUG]: RCA_loss: 0.211, TC_loss: 0.487
2026-06-11 09:43:07 [DEBUG]: RCA_loss: 0.192, TC_loss: 0.313
2026-06-11 09:43:07 [DEBUG]: RCA_loss: 0.041, TC_loss: 0.336
2026-06-11 09:43:07 [DEBUG]: RCA_loss: 0.216, TC_loss: 0.548
2026-06-11 09:43:07 [DEBUG]: RCA_loss: 0.059, TC_loss: 0.378
2026-06-11 09:43:07 [DEBUG]: RCA_loss: 0.044, TC_loss: 0.552
2026-06-11 09:43:07 [DEBUG]: RCA_loss: 0.103, TC_loss: 0.262
2026-06-11 09:43:07 [DEBUG]: RCA_loss: 0.205, TC_loss: 0.440
2026-06-11 09:43:07 [DEBUG]: RCA_loss: 0.136, TC_loss: 0.350
2026-06-11 09:43:07 [DEBUG]: RCA_loss: 0.236, TC_loss: 0.316
2026-06-11 09:43:08 [DEBUG]: RCA_loss: 0.097, TC_loss: 0.308
2026-06-11 09:43:08 [DEBUG]: RCA_loss: 0.208, TC_loss: 0.246
2026-06-11 09:43:08 [DEBUG]: RCA_loss: 0.133, TC_loss: 0.183
2026-06-11 09:43:08 [DEBUG]: RCA_loss: 0.221, TC_loss: 0.371
2026-06-11 09:43:08 [DEBUG]: RCA_loss: 0.063, TC_loss: 0.390
2026-06-11 09:43:08 [DEBUG]: RCA_loss: 0.020, TC_loss: 0.349
2026-06-11 09:43:08 [DEBUG]: RCA_loss: 0.087, TC_loss: 0.335
2026-06-11 09:43:08 [DEBUG]: RCA_loss: 0.142, TC_loss: 0.375
2026-06-11 09:43:08 [DEBUG]: RCA_loss: 0.268, TC_loss: 0.090
2026-06-11 09:43:08 [INFO]: Epoch 33 done. Loss: 0.465
2026-06-11 09:43:08 [DEBUG]: RCA_loss: 0.049, TC_loss: 0.316
2026-06-11 09:43:08 [DEBUG]: RCA_loss: 0.153, TC_loss: 0.226
2026-06-11 09:43:08 [DEBUG]: RCA_loss: 0.018, TC_loss: 0.165
2026-06-11 09:43:09 [DEBUG]: RCA_loss: 0.131, TC_loss: 0.430
2026-06-11 09:43:09 [DEBUG]: RCA_loss: 0.156, TC_loss: 0.252
2026-06-11 09:43:09 [DEBUG]: RCA_loss: 0.056, TC_loss: 0.184
2026-06-11 09:43:09 [DEBUG]: RCA_loss: 0.057, TC_loss: 0.184
2026-06-11 09:43:09 [DEBUG]: RCA_loss: 0.121, TC_loss: 0.178
2026-06-11 09:43:09 [DEBUG]: RCA_loss: 0.119, TC_loss: 0.242
2026-06-11 09:43:09 [DEBUG]: RCA_loss: 0.063, TC_loss: 0.209
2026-06-11 09:43:09 [DEBUG]: RCA_loss: 0.156, TC_loss: 0.324
2026-06-11 09:43:09 [DEBUG]: RCA_loss: 0.012, TC_loss: 0.119
2026-06-11 09:43:09 [DEBUG]: RCA_loss: 0.012, TC_loss: 0.126
2026-06-11 09:43:09 [DEBUG]: RCA_loss: 0.125, TC_loss: 0.131
2026-06-11 09:43:09 [DEBUG]: RCA_loss: 0.061, TC_loss: 0.242
2026-06-11 09:43:10 [DEBUG]: RCA_loss: 0.004, TC_loss: 0.144
2026-06-11 09:43:10 [DEBUG]: RCA_loss: 0.003, TC_loss: 0.156
2026-06-11 09:43:10 [DEBUG]: RCA_loss: 0.023, TC_loss: 0.346
2026-06-11 09:43:10 [DEBUG]: RCA_loss: 0.115, TC_loss: 0.264
2026-06-11 09:43:10 [DEBUG]: RCA_loss: 0.064, TC_loss: 0.215
2026-06-11 09:43:10 [DEBUG]: RCA_loss: 0.004, TC_loss: 0.112
2026-06-11 09:43:10 [DEBUG]: RCA_loss: 0.005, TC_loss: 0.153
2026-06-11 09:43:10 [DEBUG]: RCA_loss: 0.013, TC_loss: 0.227
2026-06-11 09:43:10 [DEBUG]: RCA_loss: 0.183, TC_loss: 0.176
2026-06-11 09:43:10 [DEBUG]: RCA_loss: 0.025, TC_loss: 0.158
2026-06-11 09:43:10 [DEBUG]: RCA_loss: 0.006, TC_loss: 0.098
2026-06-11 09:43:11 [DEBUG]: RCA_loss: 0.036, TC_loss: 0.323
2026-06-11 09:43:11 [DEBUG]: RCA_loss: 0.002, TC_loss: 0.163
2026-06-11 09:43:11 [DEBUG]: RCA_loss: 0.009, TC_loss: 0.148
2026-06-11 09:43:11 [DEBUG]: RCA_loss: 0.060, TC_loss: 0.122
2026-06-11 09:43:11 [DEBUG]: RCA_loss: 0.008, TC_loss: 0.095
2026-06-11 09:43:11 [DEBUG]: RCA_loss: 0.092, TC_loss: 0.246
2026-06-11 09:43:11 [DEBUG]: RCA_loss: 0.017, TC_loss: 0.075
2026-06-11 09:43:11 [DEBUG]: RCA_loss: 0.020, TC_loss: 0.073
2026-06-11 09:43:11 [DEBUG]: RCA_loss: 0.012, TC_loss: 0.284
2026-06-11 09:43:11 [DEBUG]: RCA_loss: 0.094, TC_loss: 0.114
2026-06-11 09:43:11 [DEBUG]: RCA_loss: 0.041, TC_loss: 0.230
2026-06-11 09:43:11 [DEBUG]: RCA_loss: 0.012, TC_loss: 0.247
2026-06-11 09:43:12 [DEBUG]: RCA_loss: 0.109, TC_loss: 0.061
2026-06-11 09:43:12 [DEBUG]: RCA_loss: 0.048, TC_loss: 0.181
2026-06-11 09:43:12 [DEBUG]: RCA_loss: 0.029, TC_loss: 0.137
2026-06-11 09:43:12 [DEBUG]: RCA_loss: 0.001, TC_loss: 0.093
2026-06-11 09:43:12 [DEBUG]: RCA_loss: 0.014, TC_loss: 0.260
2026-06-11 09:43:12 [DEBUG]: RCA_loss: 0.008, TC_loss: 0.059
2026-06-11 09:43:12 [DEBUG]: RCA_loss: 0.043, TC_loss: 0.050
2026-06-11 09:43:12 [DEBUG]: RCA_loss: 0.001, TC_loss: 0.192
2026-06-11 09:43:12 [DEBUG]: RCA_loss: 0.008, TC_loss: 0.052
2026-06-11 09:43:12 [DEBUG]: RCA_loss: 0.010, TC_loss: 0.045
2026-06-11 09:43:13 [DEBUG]: RCA_loss: 0.071, TC_loss: 0.052
2026-06-11 09:43:13 [DEBUG]: RCA_loss: 0.009, TC_loss: 0.118
2026-06-11 09:43:13 [DEBUG]: RCA_loss: 0.050, TC_loss: 0.063
2026-06-11 09:43:13 [DEBUG]: RCA_loss: 0.151, TC_loss: 0.066
2026-06-11 09:43:13 [DEBUG]: RCA_loss: 0.018, TC_loss: 0.094
2026-06-11 09:43:13 [DEBUG]: RCA_loss: 0.005, TC_loss: 0.086
2026-06-11 09:43:13 [DEBUG]: RCA_loss: 0.010, TC_loss: 0.219
2026-06-11 09:43:13 [DEBUG]: RCA_loss: 0.025, TC_loss: 0.165
2026-06-11 09:43:13 [INFO]: Epoch 34 done. Loss: 0.219
2026-06-11 09:43:13 [DEBUG]: RCA_loss: 0.008, TC_loss: 0.109
2026-06-11 09:43:13 [DEBUG]: RCA_loss: 0.020, TC_loss: 0.063
2026-06-11 09:43:13 [DEBUG]: RCA_loss: 0.010, TC_loss: 0.092
2026-06-11 09:43:14 [DEBUG]: RCA_loss: 0.004, TC_loss: 0.076
2026-06-11 09:43:14 [DEBUG]: RCA_loss: 0.006, TC_loss: 0.048
2026-06-11 09:43:14 [DEBUG]: RCA_loss: 0.002, TC_loss: 0.042
2026-06-11 09:43:14 [DEBUG]: RCA_loss: 0.001, TC_loss: 0.101
2026-06-11 09:43:14 [DEBUG]: RCA_loss: 0.009, TC_loss: 0.081
2026-06-11 09:43:14 [DEBUG]: RCA_loss: 0.012, TC_loss: 0.056
2026-06-11 09:43:14 [DEBUG]: RCA_loss: 0.090, TC_loss: 0.095
2026-06-11 09:43:14 [DEBUG]: RCA_loss: 0.126, TC_loss: 0.043
2026-06-11 09:43:14 [DEBUG]: RCA_loss: 0.110, TC_loss: 0.077
2026-06-11 09:43:15 [DEBUG]: RCA_loss: 0.002, TC_loss: 0.098
2026-06-11 09:43:15 [DEBUG]: RCA_loss: 0.012, TC_loss: 0.070
2026-06-11 09:43:15 [DEBUG]: RCA_loss: 0.005, TC_loss: 0.107
2026-06-11 09:43:15 [DEBUG]: RCA_loss: 0.003, TC_loss: 0.095
2026-06-11 09:43:15 [DEBUG]: RCA_loss: 0.002, TC_loss: 0.050
2026-06-11 09:43:15 [DEBUG]: RCA_loss: 0.009, TC_loss: 0.095
2026-06-11 09:43:15 [DEBUG]: RCA_loss: 0.111, TC_loss: 0.116
2026-06-11 09:43:15 [DEBUG]: RCA_loss: 0.056, TC_loss: 0.083
2026-06-11 09:43:15 [DEBUG]: RCA_loss: 0.002, TC_loss: 0.080
2026-06-11 09:43:15 [DEBUG]: RCA_loss: 0.006, TC_loss: 0.064
2026-06-11 09:43:16 [DEBUG]: RCA_loss: 0.054, TC_loss: 0.074
2026-06-11 09:43:16 [DEBUG]: RCA_loss: 0.027, TC_loss: 0.063
2026-06-11 09:43:16 [DEBUG]: RCA_loss: 0.032, TC_loss: 0.051
2026-06-11 09:43:16 [DEBUG]: RCA_loss: 0.001, TC_loss: 0.044
2026-06-11 09:43:16 [DEBUG]: RCA_loss: 0.027, TC_loss: 0.108
2026-06-11 09:43:16 [DEBUG]: RCA_loss: 0.002, TC_loss: 0.062
2026-06-11 09:43:16 [DEBUG]: RCA_loss: 0.043, TC_loss: 0.065
2026-06-11 09:43:16 [DEBUG]: RCA_loss: 0.028, TC_loss: 0.047
2026-06-11 09:43:16 [DEBUG]: RCA_loss: 0.001, TC_loss: 0.052
2026-06-11 09:43:16 [DEBUG]: RCA_loss: 0.008, TC_loss: 0.036
2026-06-11 09:43:17 [DEBUG]: RCA_loss: 0.007, TC_loss: 0.050
2026-06-11 09:43:17 [DEBUG]: RCA_loss: 0.013, TC_loss: 0.027
2026-06-11 09:43:17 [DEBUG]: RCA_loss: 0.037, TC_loss: 0.060
2026-06-11 09:43:17 [DEBUG]: RCA_loss: 0.060, TC_loss: 0.064
2026-06-11 09:43:17 [DEBUG]: RCA_loss: 0.004, TC_loss: 0.093
2026-06-11 09:43:17 [DEBUG]: RCA_loss: 0.017, TC_loss: 0.087
2026-06-11 09:43:17 [DEBUG]: RCA_loss: 0.006, TC_loss: 0.080
2026-06-11 09:43:17 [DEBUG]: RCA_loss: 0.001, TC_loss: 0.031
2026-06-11 09:43:17 [DEBUG]: RCA_loss: 0.011, TC_loss: 0.036
2026-06-11 09:43:18 [DEBUG]: RCA_loss: 0.000, TC_loss: 0.060
2026-06-11 09:43:18 [DEBUG]: RCA_loss: 0.066, TC_loss: 0.179
2026-06-11 09:43:18 [DEBUG]: RCA_loss: 0.008, TC_loss: 0.043
2026-06-11 09:43:18 [DEBUG]: RCA_loss: 0.002, TC_loss: 0.030
2026-06-11 09:43:18 [DEBUG]: RCA_loss: 0.034, TC_loss: 0.033
2026-06-11 09:43:18 [DEBUG]: RCA_loss: 0.016, TC_loss: 0.017
2026-06-11 09:43:18 [DEBUG]: RCA_loss: 0.004, TC_loss: 0.045
2026-06-11 09:43:18 [DEBUG]: RCA_loss: 0.005, TC_loss: 0.063
2026-06-11 09:43:18 [DEBUG]: RCA_loss: 0.002, TC_loss: 0.089
2026-06-11 09:43:18 [DEBUG]: RCA_loss: 0.001, TC_loss: 0.044
2026-06-11 09:43:19 [DEBUG]: RCA_loss: 0.011, TC_loss: 0.039
2026-06-11 09:43:19 [DEBUG]: RCA_loss: 0.002, TC_loss: 0.071
2026-06-11 09:43:19 [DEBUG]: RCA_loss: 0.011, TC_loss: 0.058
2026-06-11 09:43:19 [DEBUG]: RCA_loss: 0.004, TC_loss: 0.129
2026-06-11 09:43:19 [DEBUG]: RCA_loss: 0.000, TC_loss: 0.008
2026-06-11 09:43:19 [INFO]: Epoch 35 done. Loss: 0.089
2026-06-11 09:43:19 [DEBUG]: RCA_loss: 0.004, TC_loss: 0.060
2026-06-11 09:43:19 [DEBUG]: RCA_loss: 0.010, TC_loss: 0.045
2026-06-11 09:43:19 [DEBUG]: RCA_loss: 0.001, TC_loss: 0.025
2026-06-11 09:43:19 [DEBUG]: RCA_loss: 0.005, TC_loss: 0.054
2026-06-11 09:43:19 [DEBUG]: RCA_loss: 0.023, TC_loss: 0.024
2026-06-11 09:43:20 [DEBUG]: RCA_loss: 0.001, TC_loss: 0.011
2026-06-11 09:43:20 [DEBUG]: RCA_loss: 0.001, TC_loss: 0.021
2026-06-11 09:43:20 [DEBUG]: RCA_loss: 0.020, TC_loss: 0.023
2026-06-11 09:43:20 [DEBUG]: RCA_loss: 0.011, TC_loss: 0.030
2026-06-11 09:43:20 [DEBUG]: RCA_loss: 0.000, TC_loss: 0.016
2026-06-11 09:43:20 [DEBUG]: RCA_loss: 0.003, TC_loss: 0.028
2026-06-11 09:43:20 [DEBUG]: RCA_loss: 0.028, TC_loss: 0.030
2026-06-11 09:43:20 [DEBUG]: RCA_loss: 0.000, TC_loss: 0.022
2026-06-11 09:43:20 [DEBUG]: RCA_loss: 0.018, TC_loss: 0.025
2026-06-11 09:43:21 [DEBUG]: RCA_loss: 0.007, TC_loss: 0.027
2026-06-11 09:43:21 [DEBUG]: RCA_loss: 0.003, TC_loss: 0.031
2026-06-11 09:43:21 [DEBUG]: RCA_loss: 0.001, TC_loss: 0.018
2026-06-11 09:43:21 [DEBUG]: RCA_loss: 0.010, TC_loss: 0.030
2026-06-11 09:43:21 [DEBUG]: RCA_loss: 0.011, TC_loss: 0.043
2026-06-11 09:43:21 [DEBUG]: RCA_loss: 0.006, TC_loss: 0.016
2026-06-11 09:43:21 [DEBUG]: RCA_loss: 0.000, TC_loss: 0.093
2026-06-11 09:43:21 [DEBUG]: RCA_loss: 0.001, TC_loss: 0.037
2026-06-11 09:43:21 [DEBUG]: RCA_loss: 0.004, TC_loss: 0.023
2026-06-11 09:43:22 [DEBUG]: RCA_loss: 0.001, TC_loss: 0.025
2026-06-11 09:43:22 [DEBUG]: RCA_loss: 0.008, TC_loss: 0.024
2026-06-11 09:43:22 [DEBUG]: RCA_loss: 0.001, TC_loss: 0.014
2026-06-11 09:43:22 [DEBUG]: RCA_loss: 0.009, TC_loss: 0.088
2026-06-11 09:43:22 [DEBUG]: RCA_loss: 0.000, TC_loss: 0.019
2026-06-11 09:43:22 [DEBUG]: RCA_loss: 0.019, TC_loss: 0.029
2026-06-11 09:43:22 [DEBUG]: RCA_loss: 0.003, TC_loss: 0.018
2026-06-11 09:43:22 [DEBUG]: RCA_loss: 0.000, TC_loss: 0.013
2026-06-11 09:43:22 [DEBUG]: RCA_loss: 0.005, TC_loss: 0.012
2026-06-11 09:43:22 [DEBUG]: RCA_loss: 0.002, TC_loss: 0.023
2026-06-11 09:43:23 [DEBUG]: RCA_loss: 0.004, TC_loss: 0.028
2026-06-11 09:43:23 [DEBUG]: RCA_loss: 0.010, TC_loss: 0.041
2026-06-11 09:43:23 [DEBUG]: RCA_loss: 0.046, TC_loss: 0.025
2026-06-11 09:43:23 [DEBUG]: RCA_loss: 0.003, TC_loss: 0.036
2026-06-11 09:43:23 [DEBUG]: RCA_loss: 0.006, TC_loss: 0.024
2026-06-11 09:43:23 [DEBUG]: RCA_loss: 0.001, TC_loss: 0.019
2026-06-11 09:43:23 [DEBUG]: RCA_loss: 0.002, TC_loss: 0.025
2026-06-11 09:43:23 [DEBUG]: RCA_loss: 0.001, TC_loss: 0.016
2026-06-11 09:43:23 [DEBUG]: RCA_loss: 0.003, TC_loss: 0.016
2026-06-11 09:43:24 [DEBUG]: RCA_loss: 0.007, TC_loss: 0.050
2026-06-11 09:43:24 [DEBUG]: RCA_loss: 0.012, TC_loss: 0.015
2026-06-11 09:43:24 [DEBUG]: RCA_loss: 0.002, TC_loss: 0.010
2026-06-11 09:43:24 [DEBUG]: RCA_loss: 0.001, TC_loss: 0.029
2026-06-11 09:43:24 [DEBUG]: RCA_loss: 0.003, TC_loss: 0.009
2026-06-11 09:43:24 [DEBUG]: RCA_loss: 0.002, TC_loss: 0.013
2026-06-11 09:43:24 [DEBUG]: RCA_loss: 0.001, TC_loss: 0.010
2026-06-11 09:43:24 [DEBUG]: RCA_loss: 0.020, TC_loss: 0.027
2026-06-11 09:43:24 [DEBUG]: RCA_loss: 0.002, TC_loss: 0.022
2026-06-11 09:43:24 [DEBUG]: RCA_loss: 0.000, TC_loss: 0.012
2026-06-11 09:43:25 [DEBUG]: RCA_loss: 0.001, TC_loss: 0.013
2026-06-11 09:43:25 [DEBUG]: RCA_loss: 0.000, TC_loss: 0.022
2026-06-11 09:43:25 [DEBUG]: RCA_loss: 0.001, TC_loss: 0.033
2026-06-11 09:43:25 [DEBUG]: RCA_loss: 0.000, TC_loss: 0.004
2026-06-11 09:43:25 [INFO]: Epoch 36 done. Loss: 0.033
2026-06-11 09:43:25 [DEBUG]: RCA_loss: 0.003, TC_loss: 0.076
2026-06-11 09:43:25 [DEBUG]: RCA_loss: 0.003, TC_loss: 0.015
2026-06-11 09:43:25 [DEBUG]: RCA_loss: 0.001, TC_loss: 0.021
2026-06-11 09:43:25 [DEBUG]: RCA_loss: 0.000, TC_loss: 0.034
2026-06-11 09:43:25 [DEBUG]: RCA_loss: 0.001, TC_loss: 0.013
2026-06-11 09:43:26 [DEBUG]: RCA_loss: 0.000, TC_loss: 0.008
2026-06-11 09:43:26 [DEBUG]: RCA_loss: 0.000, TC_loss: 0.013
2026-06-11 09:43:26 [DEBUG]: RCA_loss: 0.002, TC_loss: 0.011
2026-06-11 09:43:26 [DEBUG]: RCA_loss: 0.003, TC_loss: 0.014
2026-06-11 09:43:26 [DEBUG]: RCA_loss: 0.000, TC_loss: 0.011
2026-06-11 09:43:26 [DEBUG]: RCA_loss: 0.007, TC_loss: 0.025
2026-06-11 09:43:26 [DEBUG]: RCA_loss: 0.005, TC_loss: 0.026
2026-06-11 09:43:26 [DEBUG]: RCA_loss: 0.000, TC_loss: 0.021
2026-06-11 09:43:26 [DEBUG]: RCA_loss: 0.005, TC_loss: 0.012
2026-06-11 09:43:27 [DEBUG]: RCA_loss: 0.000, TC_loss: 0.025
2026-06-11 09:43:27 [DEBUG]: RCA_loss: 0.000, TC_loss: 0.026
2026-06-11 09:43:27 [DEBUG]: RCA_loss: 0.001, TC_loss: 0.010
2026-06-11 09:43:27 [DEBUG]: RCA_loss: 0.002, TC_loss: 0.016
2026-06-11 09:43:27 [DEBUG]: RCA_loss: 0.002, TC_loss: 0.023
2026-06-11 09:43:27 [DEBUG]: RCA_loss: 0.001, TC_loss: 0.017
2026-06-11 09:43:27 [DEBUG]: RCA_loss: 0.001, TC_loss: 0.022
2026-06-11 09:43:27 [DEBUG]: RCA_loss: 0.000, TC_loss: 0.009
2026-06-11 09:43:27 [DEBUG]: RCA_loss: 0.003, TC_loss: 0.015
2026-06-11 09:43:27 [DEBUG]: RCA_loss: 0.000, TC_loss: 0.018
2026-06-11 09:43:28 [DEBUG]: RCA_loss: 0.000, TC_loss: 0.010
2026-06-11 09:43:28 [DEBUG]: RCA_loss: 0.000, TC_loss: 0.008
2026-06-11 09:43:28 [DEBUG]: RCA_loss: 0.003, TC_loss: 0.027
2026-06-11 09:43:28 [DEBUG]: RCA_loss: 0.000, TC_loss: 0.017
2026-06-11 09:43:28 [DEBUG]: RCA_loss: 0.000, TC_loss: 0.009
2026-06-11 09:43:28 [DEBUG]: RCA_loss: 0.001, TC_loss: 0.010
2026-06-11 09:43:28 [DEBUG]: RCA_loss: 0.000, TC_loss: 0.007
2026-06-11 09:43:28 [DEBUG]: RCA_loss: 0.002, TC_loss: 0.010
2026-06-11 09:43:28 [DEBUG]: RCA_loss: 0.000, TC_loss: 0.013
2026-06-11 09:43:28 [DEBUG]: RCA_loss: 0.001, TC_loss: 0.013
2026-06-11 09:43:29 [DEBUG]: RCA_loss: 0.001, TC_loss: 0.031
2026-06-11 09:43:29 [DEBUG]: RCA_loss: 0.001, TC_loss: 0.011
2026-06-11 09:43:29 [DEBUG]: RCA_loss: 0.001, TC_loss: 0.030
2026-06-11 09:43:29 [DEBUG]: RCA_loss: 0.001, TC_loss: 0.025
2026-06-11 09:43:29 [DEBUG]: RCA_loss: 0.000, TC_loss: 0.009
2026-06-11 09:43:29 [DEBUG]: RCA_loss: 0.000, TC_loss: 0.011
2026-06-11 09:43:29 [DEBUG]: RCA_loss: 0.001, TC_loss: 0.014
2026-06-11 09:43:29 [DEBUG]: RCA_loss: 0.000, TC_loss: 0.008
2026-06-11 09:43:29 [DEBUG]: RCA_loss: 0.002, TC_loss: 0.031
2026-06-11 09:43:30 [DEBUG]: RCA_loss: 0.003, TC_loss: 0.010
2026-06-11 09:43:30 [DEBUG]: RCA_loss: 0.001, TC_loss: 0.007
2026-06-11 09:43:30 [DEBUG]: RCA_loss: 0.000, TC_loss: 0.008
2026-06-11 09:43:30 [DEBUG]: RCA_loss: 0.004, TC_loss: 0.009
2026-06-11 09:43:30 [DEBUG]: RCA_loss: 0.000, TC_loss: 0.010
2026-06-11 09:43:30 [DEBUG]: RCA_loss: 0.003, TC_loss: 0.008
2026-06-11 09:43:30 [DEBUG]: RCA_loss: 0.001, TC_loss: 0.012
2026-06-11 09:43:30 [DEBUG]: RCA_loss: 0.005, TC_loss: 0.014
2026-06-11 09:43:30 [DEBUG]: RCA_loss: 0.001, TC_loss: 0.006
2026-06-11 09:43:30 [DEBUG]: RCA_loss: 0.001, TC_loss: 0.009
2026-06-11 09:43:31 [DEBUG]: RCA_loss: 0.000, TC_loss: 0.009
2026-06-11 09:43:31 [DEBUG]: RCA_loss: 0.000, TC_loss: 0.018
2026-06-11 09:43:31 [DEBUG]: RCA_loss: 0.000, TC_loss: 0.003
2026-06-11 09:43:31 [INFO]: Epoch 37 done. Loss: 0.018
2026-06-11 09:43:31 [DEBUG]: RCA_loss: 0.000, TC_loss: 0.010
2026-06-11 09:43:31 [DEBUG]: RCA_loss: 0.000, TC_loss: 0.008
2026-06-11 09:43:31 [DEBUG]: RCA_loss: 0.002, TC_loss: 0.009
2026-06-11 09:43:31 [DEBUG]: RCA_loss: 0.001, TC_loss: 0.010
2026-06-11 09:43:31 [DEBUG]: RCA_loss: 0.001, TC_loss: 0.023
2026-06-11 09:43:31 [DEBUG]: RCA_loss: 0.002, TC_loss: 0.009
2026-06-11 09:43:32 [DEBUG]: RCA_loss: 0.000, TC_loss: 0.010
2026-06-11 09:43:32 [DEBUG]: RCA_loss: 0.001, TC_loss: 0.011
2026-06-11 09:43:32 [DEBUG]: RCA_loss: 0.001, TC_loss: 0.011
2026-06-11 09:43:32 [DEBUG]: RCA_loss: 0.000, TC_loss: 0.006
2026-06-11 09:43:32 [DEBUG]: RCA_loss: 0.000, TC_loss: 0.011
2026-06-11 09:43:32 [DEBUG]: RCA_loss: 0.001, TC_loss: 0.011
2026-06-11 09:43:32 [DEBUG]: RCA_loss: 0.002, TC_loss: 0.006
2026-06-11 09:43:32 [DEBUG]: RCA_loss: 0.001, TC_loss: 0.014
2026-06-11 09:43:32 [DEBUG]: RCA_loss: 0.001, TC_loss: 0.011
2026-06-11 09:43:32 [DEBUG]: RCA_loss: 0.000, TC_loss: 0.009
2026-06-11 09:43:33 [DEBUG]: RCA_loss: 0.000, TC_loss: 0.006
2026-06-11 09:43:33 [DEBUG]: RCA_loss: 0.006, TC_loss: 0.007
2026-06-11 09:43:33 [DEBUG]: RCA_loss: 0.015, TC_loss: 0.015
2026-06-11 09:43:33 [DEBUG]: RCA_loss: 0.000, TC_loss: 0.007
2026-06-11 09:43:33 [DEBUG]: RCA_loss: 0.003, TC_loss: 0.012
2026-06-11 09:43:33 [DEBUG]: RCA_loss: 0.000, TC_loss: 0.006
2026-06-11 09:43:33 [DEBUG]: RCA_loss: 0.002, TC_loss: 0.010
2026-06-11 09:43:33 [DEBUG]: RCA_loss: 0.000, TC_loss: 0.008
2026-06-11 09:43:33 [DEBUG]: RCA_loss: 0.000, TC_loss: 0.007
2026-06-11 09:43:34 [DEBUG]: RCA_loss: 0.000, TC_loss: 0.005
2026-06-11 09:43:34 [DEBUG]: RCA_loss: 0.003, TC_loss: 0.015
2026-06-11 09:43:34 [DEBUG]: RCA_loss: 0.000, TC_loss: 0.008
2026-06-11 09:43:34 [DEBUG]: RCA_loss: 0.000, TC_loss: 0.006
2026-06-11 09:43:34 [DEBUG]: RCA_loss: 0.000, TC_loss: 0.019
2026-06-11 09:43:34 [DEBUG]: RCA_loss: 0.000, TC_loss: 0.007
2026-06-11 09:43:34 [DEBUG]: RCA_loss: 0.001, TC_loss: 0.006
2026-06-11 09:43:34 [DEBUG]: RCA_loss: 0.001, TC_loss: 0.009
2026-06-11 09:43:34 [DEBUG]: RCA_loss: 0.001, TC_loss: 0.006
2026-06-11 09:43:35 [DEBUG]: RCA_loss: 0.000, TC_loss: 0.022
2026-06-11 09:43:35 [DEBUG]: RCA_loss: 0.002, TC_loss: 0.008
2026-06-11 09:43:35 [DEBUG]: RCA_loss: 0.013, TC_loss: 0.011
2026-06-11 09:43:35 [DEBUG]: RCA_loss: 0.001, TC_loss: 0.009
2026-06-11 09:43:35 [DEBUG]: RCA_loss: 0.003, TC_loss: 0.007
2026-06-11 09:43:35 [DEBUG]: RCA_loss: 0.000, TC_loss: 0.010
2026-06-11 09:43:35 [DEBUG]: RCA_loss: 0.003, TC_loss: 0.013
2026-06-11 09:43:35 [DEBUG]: RCA_loss: 0.000, TC_loss: 0.006
2026-06-11 09:43:35 [DEBUG]: RCA_loss: 0.001, TC_loss: 0.013
2026-06-11 09:43:35 [DEBUG]: RCA_loss: 0.001, TC_loss: 0.007
2026-06-11 09:43:36 [DEBUG]: RCA_loss: 0.000, TC_loss: 0.006
2026-06-11 09:43:36 [DEBUG]: RCA_loss: 0.000, TC_loss: 0.008
2026-06-11 09:43:36 [DEBUG]: RCA_loss: 0.001, TC_loss: 0.004
2026-06-11 09:43:36 [DEBUG]: RCA_loss: 0.000, TC_loss: 0.007
2026-06-11 09:43:36 [DEBUG]: RCA_loss: 0.002, TC_loss: 0.005
2026-06-11 09:43:36 [DEBUG]: RCA_loss: 0.005, TC_loss: 0.009
2026-06-11 09:43:36 [DEBUG]: RCA_loss: 0.001, TC_loss: 0.007
2026-06-11 09:43:36 [DEBUG]: RCA_loss: 0.001, TC_loss: 0.006
2026-06-11 09:43:36 [DEBUG]: RCA_loss: 0.000, TC_loss: 0.006
2026-06-11 09:43:36 [DEBUG]: RCA_loss: 0.000, TC_loss: 0.009
2026-06-11 09:43:37 [DEBUG]: RCA_loss: 0.002, TC_loss: 0.033
2026-06-11 09:43:37 [DEBUG]: RCA_loss: 0.000, TC_loss: 0.002
2026-06-11 09:43:37 [INFO]: Epoch 38 done. Loss: 0.011
2026-06-11 09:43:37 [DEBUG]: RCA_loss: 0.001, TC_loss: 0.006
2026-06-11 09:43:37 [DEBUG]: RCA_loss: 0.015, TC_loss: 0.008
2026-06-11 09:43:37 [DEBUG]: RCA_loss: 0.001, TC_loss: 0.005
2026-06-11 09:43:37 [DEBUG]: RCA_loss: 0.002, TC_loss: 0.006
2026-06-11 09:43:37 [DEBUG]: RCA_loss: 0.001, TC_loss: 0.008
2026-06-11 09:43:37 [DEBUG]: RCA_loss: 0.000, TC_loss: 0.005
2026-06-11 09:43:37 [DEBUG]: RCA_loss: 0.000, TC_loss: 0.008
2026-06-11 09:43:37 [DEBUG]: RCA_loss: 0.003, TC_loss: 0.005
2026-06-11 09:43:37 [DEBUG]: RCA_loss: 0.002, TC_loss: 0.008
2026-06-11 09:43:38 [DEBUG]: RCA_loss: 0.000, TC_loss: 0.005
2026-06-11 09:43:38 [DEBUG]: RCA_loss: 0.000, TC_loss: 0.007
2026-06-11 09:43:38 [DEBUG]: RCA_loss: 0.001, TC_loss: 0.014
2026-06-11 09:43:38 [DEBUG]: RCA_loss: 0.000, TC_loss: 0.006
2026-06-11 09:43:38 [DEBUG]: RCA_loss: 0.001, TC_loss: 0.008
2026-06-11 09:43:38 [DEBUG]: RCA_loss: 0.002, TC_loss: 0.007
2026-06-11 09:43:38 [DEBUG]: RCA_loss: 0.001, TC_loss: 0.012
2026-06-11 09:43:38 [DEBUG]: RCA_loss: 0.000, TC_loss: 0.006
2026-06-11 09:43:38 [DEBUG]: RCA_loss: 0.001, TC_loss: 0.005
2026-06-11 09:43:38 [DEBUG]: RCA_loss: 0.006, TC_loss: 0.010
2026-06-11 09:43:38 [DEBUG]: RCA_loss: 0.000, TC_loss: 0.006
2026-06-11 09:43:39 [DEBUG]: RCA_loss: 0.001, TC_loss: 0.011
2026-06-11 09:43:39 [DEBUG]: RCA_loss: 0.001, TC_loss: 0.006
2026-06-11 09:43:39 [DEBUG]: RCA_loss: 0.005, TC_loss: 0.007
2026-06-11 09:43:39 [DEBUG]: RCA_loss: 0.000, TC_loss: 0.009
2026-06-11 09:43:39 [DEBUG]: RCA_loss: 0.000, TC_loss: 0.007
2026-06-11 09:43:39 [DEBUG]: RCA_loss: 0.001, TC_loss: 0.006
2026-06-11 09:43:39 [DEBUG]: RCA_loss: 0.001, TC_loss: 0.012
2026-06-11 09:43:39 [DEBUG]: RCA_loss: 0.000, TC_loss: 0.014
2026-06-11 09:43:39 [DEBUG]: RCA_loss: 0.033, TC_loss: 0.004
2026-06-11 09:43:39 [DEBUG]: RCA_loss: 0.000, TC_loss: 0.012
2026-06-11 09:43:39 [DEBUG]: RCA_loss: 0.000, TC_loss: 0.004
2026-06-11 09:43:39 [DEBUG]: RCA_loss: 0.000, TC_loss: 0.004
2026-06-11 09:43:40 [DEBUG]: RCA_loss: 0.000, TC_loss: 0.012
2026-06-11 09:43:40 [DEBUG]: RCA_loss: 0.002, TC_loss: 0.006
2026-06-11 09:43:40 [DEBUG]: RCA_loss: 0.000, TC_loss: 0.012
2026-06-11 09:43:40 [DEBUG]: RCA_loss: 0.001, TC_loss: 0.006
2026-06-11 09:43:40 [DEBUG]: RCA_loss: 0.000, TC_loss: 0.016
2026-06-11 09:43:40 [DEBUG]: RCA_loss: 0.001, TC_loss: 0.009
2026-06-11 09:43:40 [DEBUG]: RCA_loss: 0.001, TC_loss: 0.008
2026-06-11 09:43:40 [DEBUG]: RCA_loss: 0.001, TC_loss: 0.007
2026-06-11 09:43:40 [DEBUG]: RCA_loss: 0.001, TC_loss: 0.015
2026-06-11 09:43:40 [DEBUG]: RCA_loss: 0.000, TC_loss: 0.008
2026-06-11 09:43:40 [DEBUG]: RCA_loss: 0.045, TC_loss: 0.012
2026-06-11 09:43:41 [DEBUG]: RCA_loss: 0.001, TC_loss: 0.008
2026-06-11 09:43:41 [DEBUG]: RCA_loss: 0.001, TC_loss: 0.006
2026-06-11 09:43:41 [DEBUG]: RCA_loss: 0.000, TC_loss: 0.007
2026-06-11 09:43:41 [DEBUG]: RCA_loss: 0.001, TC_loss: 0.005
2026-06-11 09:43:41 [DEBUG]: RCA_loss: 0.000, TC_loss: 0.008
2026-06-11 09:43:41 [DEBUG]: RCA_loss: 0.000, TC_loss: 0.005
2026-06-11 09:43:41 [DEBUG]: RCA_loss: 0.000, TC_loss: 0.008
2026-06-11 09:43:41 [DEBUG]: RCA_loss: 0.001, TC_loss: 0.006
2026-06-11 09:43:41 [DEBUG]: RCA_loss: 0.000, TC_loss: 0.006
2026-06-11 09:43:41 [DEBUG]: RCA_loss: 0.001, TC_loss: 0.004
2026-06-11 09:43:41 [DEBUG]: RCA_loss: 0.000, TC_loss: 0.007
2026-06-11 09:43:42 [DEBUG]: RCA_loss: 0.020, TC_loss: 0.005
2026-06-11 09:43:42 [DEBUG]: RCA_loss: 0.000, TC_loss: 0.002
2026-06-11 09:43:42 [INFO]: Epoch 39 done. Loss: 0.011
2026-06-11 09:43:42 [DEBUG]: RCA_loss: 0.001, TC_loss: 0.006
2026-06-11 09:43:42 [DEBUG]: RCA_loss: 0.002, TC_loss: 0.008
2026-06-11 09:43:42 [DEBUG]: RCA_loss: 0.002, TC_loss: 0.006
2026-06-11 09:43:42 [DEBUG]: RCA_loss: 0.000, TC_loss: 0.009
2026-06-11 09:43:42 [DEBUG]: RCA_loss: 0.001, TC_loss: 0.009
2026-06-11 09:43:42 [DEBUG]: RCA_loss: 0.000, TC_loss: 0.003
2026-06-11 09:43:42 [DEBUG]: RCA_loss: 0.000, TC_loss: 0.004
2026-06-11 09:43:42 [DEBUG]: RCA_loss: 0.000, TC_loss: 0.008
2026-06-11 09:43:42 [DEBUG]: RCA_loss: 0.001, TC_loss: 0.006
2026-06-11 09:43:42 [DEBUG]: RCA_loss: 0.001, TC_loss: 0.005
2026-06-11 09:43:42 [DEBUG]: RCA_loss: 0.000, TC_loss: 0.008
2026-06-11 09:43:43 [DEBUG]: RCA_loss: 0.002, TC_loss: 0.006
2026-06-11 09:43:43 [DEBUG]: RCA_loss: 0.001, TC_loss: 0.006
2026-06-11 09:43:43 [DEBUG]: RCA_loss: 0.001, TC_loss: 0.009
2026-06-11 09:43:43 [DEBUG]: RCA_loss: 0.016, TC_loss: 0.008
2026-06-11 09:43:43 [DEBUG]: RCA_loss: 0.002, TC_loss: 0.006
2026-06-11 09:43:43 [DEBUG]: RCA_loss: 0.002, TC_loss: 0.005
2026-06-11 09:43:43 [DEBUG]: RCA_loss: 0.000, TC_loss: 0.008
2026-06-11 09:43:43 [DEBUG]: RCA_loss: 0.003, TC_loss: 0.011
2026-06-11 09:43:43 [DEBUG]: RCA_loss: 0.001, TC_loss: 0.008
2026-06-11 09:43:43 [DEBUG]: RCA_loss: 0.000, TC_loss: 0.006
2026-06-11 09:43:43 [DEBUG]: RCA_loss: 0.002, TC_loss: 0.004
2026-06-11 09:43:44 [DEBUG]: RCA_loss: 0.001, TC_loss: 0.004
2026-06-11 09:43:44 [DEBUG]: RCA_loss: 0.000, TC_loss: 0.006
2026-06-11 09:43:44 [DEBUG]: RCA_loss: 0.000, TC_loss: 0.006
2026-06-11 09:43:44 [DEBUG]: RCA_loss: 0.000, TC_loss: 0.007
2026-06-11 09:43:44 [DEBUG]: RCA_loss: 0.003, TC_loss: 0.012
2026-06-11 09:43:44 [DEBUG]: RCA_loss: 0.000, TC_loss: 0.004
2026-06-11 09:43:44 [DEBUG]: RCA_loss: 0.000, TC_loss: 0.005
2026-06-11 09:43:44 [DEBUG]: RCA_loss: 0.000, TC_loss: 0.011
2026-06-11 09:43:44 [DEBUG]: RCA_loss: 0.000, TC_loss: 0.006
2026-06-11 09:43:44 [DEBUG]: RCA_loss: 0.000, TC_loss: 0.004
2026-06-11 09:43:44 [DEBUG]: RCA_loss: 0.001, TC_loss: 0.007
2026-06-11 09:43:44 [DEBUG]: RCA_loss: 0.000, TC_loss: 0.013
2026-06-11 09:43:45 [DEBUG]: RCA_loss: 0.003, TC_loss: 0.012
2026-06-11 09:43:45 [DEBUG]: RCA_loss: 0.008, TC_loss: 0.009
2026-06-11 09:43:45 [DEBUG]: RCA_loss: 0.000, TC_loss: 0.011
2026-06-11 09:43:45 [DEBUG]: RCA_loss: 0.000, TC_loss: 0.007
2026-06-11 09:43:45 [DEBUG]: RCA_loss: 0.000, TC_loss: 0.005
2026-06-11 09:43:45 [DEBUG]: RCA_loss: 0.000, TC_loss: 0.007
2026-06-11 09:43:45 [DEBUG]: RCA_loss: 0.000, TC_loss: 0.007
2026-06-11 09:43:45 [DEBUG]: RCA_loss: 0.000, TC_loss: 0.005
2026-06-11 09:43:45 [DEBUG]: RCA_loss: 0.000, TC_loss: 0.035
2026-06-11 09:43:45 [DEBUG]: RCA_loss: 0.001, TC_loss: 0.006
2026-06-11 09:43:45 [DEBUG]: RCA_loss: 0.001, TC_loss: 0.004
2026-06-11 09:43:45 [DEBUG]: RCA_loss: 0.000, TC_loss: 0.006
2026-06-11 09:43:46 [DEBUG]: RCA_loss: 0.001, TC_loss: 0.005
2026-06-11 09:43:46 [DEBUG]: RCA_loss: 0.000, TC_loss: 0.007
2026-06-11 09:43:46 [DEBUG]: RCA_loss: 0.000, TC_loss: 0.004
2026-06-11 09:43:46 [DEBUG]: RCA_loss: 0.000, TC_loss: 0.004
2026-06-11 09:43:46 [DEBUG]: RCA_loss: 0.000, TC_loss: 0.006
2026-06-11 09:43:46 [DEBUG]: RCA_loss: 0.001, TC_loss: 0.004
2026-06-11 09:43:46 [DEBUG]: RCA_loss: 0.000, TC_loss: 0.006
2026-06-11 09:43:46 [DEBUG]: RCA_loss: 0.000, TC_loss: 0.009
2026-06-11 09:43:46 [DEBUG]: RCA_loss: 0.001, TC_loss: 0.006
2026-06-11 09:43:46 [DEBUG]: RCA_loss: 0.000, TC_loss: 0.002
2026-06-11 09:43:46 [INFO]: Epoch 40 done. Loss: 0.008
2026-06-11 09:43:47 [DEBUG]: RCA_loss: 0.000, TC_loss: 0.004
2026-06-11 09:43:47 [DEBUG]: RCA_loss: 0.000, TC_loss: 0.005
2026-06-11 09:43:47 [DEBUG]: RCA_loss: 0.000, TC_loss: 0.007
2026-06-11 09:43:47 [DEBUG]: RCA_loss: 0.001, TC_loss: 0.009
2026-06-11 09:43:47 [DEBUG]: RCA_loss: 0.000, TC_loss: 0.004
2026-06-11 09:43:47 [DEBUG]: RCA_loss: 0.003, TC_loss: 0.004
2026-06-11 09:43:47 [DEBUG]: RCA_loss: 0.000, TC_loss: 0.006
2026-06-11 09:43:47 [DEBUG]: RCA_loss: 0.001, TC_loss: 0.007
2026-06-11 09:43:47 [DEBUG]: RCA_loss: 0.000, TC_loss: 0.009
2026-06-11 09:43:47 [DEBUG]: RCA_loss: 0.000, TC_loss: 0.003
2026-06-11 09:43:48 [DEBUG]: RCA_loss: 0.000, TC_loss: 0.006
2026-06-11 09:43:48 [DEBUG]: RCA_loss: 0.026, TC_loss: 0.006
2026-06-11 09:43:48 [DEBUG]: RCA_loss: 0.000, TC_loss: 0.005
2026-06-11 09:43:48 [DEBUG]: RCA_loss: 0.000, TC_loss: 0.009
2026-06-11 09:43:48 [DEBUG]: RCA_loss: 0.000, TC_loss: 0.006
2026-06-11 09:43:48 [DEBUG]: RCA_loss: 0.000, TC_loss: 0.006
2026-06-11 09:43:48 [DEBUG]: RCA_loss: 0.001, TC_loss: 0.005
2026-06-11 09:43:48 [DEBUG]: RCA_loss: 0.002, TC_loss: 0.006
2026-06-11 09:43:48 [DEBUG]: RCA_loss: 0.005, TC_loss: 0.008
2026-06-11 09:43:48 [DEBUG]: RCA_loss: 0.001, TC_loss: 0.006
2026-06-11 09:43:49 [DEBUG]: RCA_loss: 0.000, TC_loss: 0.007
2026-06-11 09:43:49 [DEBUG]: RCA_loss: 0.000, TC_loss: 0.005
2026-06-11 09:43:49 [DEBUG]: RCA_loss: 0.001, TC_loss: 0.005
2026-06-11 09:43:49 [DEBUG]: RCA_loss: 0.000, TC_loss: 0.004
2026-06-11 09:43:49 [DEBUG]: RCA_loss: 0.000, TC_loss: 0.007
2026-06-11 09:43:49 [DEBUG]: RCA_loss: 0.000, TC_loss: 0.005
2026-06-11 09:43:49 [DEBUG]: RCA_loss: 0.005, TC_loss: 0.009
2026-06-11 09:43:49 [DEBUG]: RCA_loss: 0.000, TC_loss: 0.004
2026-06-11 09:43:49 [DEBUG]: RCA_loss: 0.000, TC_loss: 0.003
2026-06-11 09:43:50 [DEBUG]: RCA_loss: 0.000, TC_loss: 0.005
2026-06-11 09:43:50 [DEBUG]: RCA_loss: 0.000, TC_loss: 0.004
2026-06-11 09:43:50 [DEBUG]: RCA_loss: 0.000, TC_loss: 0.004
2026-06-11 09:43:50 [DEBUG]: RCA_loss: 0.000, TC_loss: 0.012
2026-06-11 09:43:50 [DEBUG]: RCA_loss: 0.007, TC_loss: 0.005
2026-06-11 09:43:50 [DEBUG]: RCA_loss: 0.001, TC_loss: 0.008
2026-06-11 09:43:50 [DEBUG]: RCA_loss: 0.000, TC_loss: 0.006
2026-06-11 09:43:50 [DEBUG]: RCA_loss: 0.001, TC_loss: 0.009
2026-06-11 09:43:50 [DEBUG]: RCA_loss: 0.000, TC_loss: 0.006
2026-06-11 09:43:50 [DEBUG]: RCA_loss: 0.000, TC_loss: 0.004
2026-06-11 09:43:51 [DEBUG]: RCA_loss: 0.002, TC_loss: 0.007
2026-06-11 09:43:51 [DEBUG]: RCA_loss: 0.001, TC_loss: 0.008
2026-06-11 09:43:51 [DEBUG]: RCA_loss: 0.000, TC_loss: 0.003
2026-06-11 09:43:51 [DEBUG]: RCA_loss: 0.000, TC_loss: 0.012
2026-06-11 09:43:51 [DEBUG]: RCA_loss: 0.001, TC_loss: 0.004
2026-06-11 09:43:51 [DEBUG]: RCA_loss: 0.000, TC_loss: 0.004
2026-06-11 09:43:51 [DEBUG]: RCA_loss: 0.001, TC_loss: 0.006
2026-06-11 09:43:51 [DEBUG]: RCA_loss: 0.001, TC_loss: 0.005
2026-06-11 09:43:51 [DEBUG]: RCA_loss: 0.002, TC_loss: 0.004
2026-06-11 09:43:52 [DEBUG]: RCA_loss: 0.000, TC_loss: 0.004
2026-06-11 09:43:52 [DEBUG]: RCA_loss: 0.000, TC_loss: 0.003
2026-06-11 09:43:52 [DEBUG]: RCA_loss: 0.000, TC_loss: 0.004
2026-06-11 09:43:52 [DEBUG]: RCA_loss: 0.001, TC_loss: 0.002
2026-06-11 09:43:52 [DEBUG]: RCA_loss: 0.000, TC_loss: 0.003
2026-06-11 09:43:52 [DEBUG]: RCA_loss: 0.001, TC_loss: 0.006
2026-06-11 09:43:52 [DEBUG]: RCA_loss: 0.000, TC_loss: 0.005
2026-06-11 09:43:52 [DEBUG]: RCA_loss: 0.000, TC_loss: 0.001
2026-06-11 09:43:52 [INFO]: Epoch 41 done. Loss: 0.007
2026-06-11 09:43:52 [INFO]: Early stop at epoch 41 due to lack of improvement.
2026-06-11 09:43:52 [INFO]: Training has finished.
2026-06-11 09:43:52 [DEBUG]: The training time is 238.4050006866455[s]
2026-06-11 09:43:52 [DEBUG]: The training time per epoch is 5.676309540158226[s]
2026-06-11 09:43:53 [DEBUG]: The test time is 0.41583681106567383[s]
2026-06-11 09:43:53 [DEBUG]: The test time per epoch is 0.05197960138320923[s]
2026-06-11 09:43:53 [INFO]: [Root localization] HR@1: 87.592%, HR@2: 93.405%, HR@3: 96.530%, HR@4: 96.921%, HR@5: 96.921%,  MRR@3: 0.915
2026-06-11 09:43:53 [INFO]: [Failure type classification] precision: 72.226%, recall: 68.543%, f1-score: 70.240%
